-- phpMyAdmin SQL Dump
-- version 5.2.1
-- https://www.phpmyadmin.net/
--
-- Host: localhost
-- Generation Time: Sep 04, 2025 at 11:52 AM
-- Server version: 10.4.28-MariaDB
-- PHP Version: 8.2.4

SET SQL_MODE = "NO_AUTO_VALUE_ON_ZERO";
START TRANSACTION;
SET time_zone = "+00:00";


/*!40101 SET @OLD_CHARACTER_SET_CLIENT=@@CHARACTER_SET_CLIENT */;
/*!40101 SET @OLD_CHARACTER_SET_RESULTS=@@CHARACTER_SET_RESULTS */;
/*!40101 SET @OLD_COLLATION_CONNECTION=@@COLLATION_CONNECTION */;
/*!40101 SET NAMES utf8mb4 */;

--
-- Database: `ArcherBase`
--

-- --------------------------------------------------------

--
-- Table structure for table `Archer`
--

CREATE TABLE `Archer` (
  `ArcherID` smallint(6) NOT NULL,
  `Fname` tinytext DEFAULT NULL,
  `Lname` tinytext DEFAULT NULL,
  `YearBorn` year(4) DEFAULT NULL,
  `Gender` tinytext DEFAULT NULL,
  `DefaultBow` varchar(50) DEFAULT NULL
) ENGINE=InnoDB DEFAULT CHARSET=utf8 COLLATE=utf8_general_ci;

--
-- Dumping data for table `Archer`
--

INSERT INTO `Archer` (`ArcherID`, `Fname`, `Lname`, `YearBorn`, `Gender`, `DefaultBow`) VALUES
(1, 'admin', NULL, NULL, NULL, NULL),
(100, 'Ethan', 'Moore', '1990', 'Male', 'Recurve'),
(101, 'Ava', 'Johnson', '2005', 'Female', 'Compound'),
(102, 'Lucas', 'Smith', '1985', 'Male', 'Longbow'),
(103, 'Mia', 'Wilson', '2000', 'Female', 'Recurve'),
(104, 'Noah', 'Brown', '1995', 'Male', 'Compound'),
(105, 'Sophia', 'Taylor', '2010', 'Female', 'Recurve'),
(106, 'Liam', 'Davis', '1988', 'Male', 'Recurve'),
(107, 'Emma', 'Clark', '2002', 'Female', 'Compound'),
(108, 'Jacob', 'Harris', '1992', 'Male', 'Longbow'),
(109, 'Olivia', 'Lee', '2007', 'Female', 'Recurve'),
(110, 'Alexander', 'Wright', '1987', 'Male', 'Recurve'),
(111, 'Isabella', 'Green', '2003', 'Female', 'Compound'),
(112, 'Benjamin', 'Turner', '1993', 'Male', 'Longbow'),
(113, 'Charlotte', 'Parker', '2008', 'Female', 'Recurve'),
(114, 'Samuel', 'Evans', '1990', 'Male', 'Compound'),
(115, 'Amelia', 'Collins', '2000', 'Female', 'Recurve'),
(116, 'Henry', 'Stewart', '1985', 'Male', 'Longbow'),
(117, 'Victoria', 'Morris', '2005', 'Female', 'Compound'),
(118, 'George', 'Rogers', '1995', 'Male', 'Recurve'),
(119, 'Lily', 'Reed', '2007', 'Female', 'Recurve'),
(120, 'Oliver', 'King', '1991', 'Male', 'Recurve'),
(121, 'Chloe', 'Dixon', '2003', 'Female', 'Compound'),
(122, 'Jack', 'Perry', '1987', 'Male', 'Longbow'),
(123, 'Ruby', 'Mason', '2008', 'Female', 'Recurve'),
(124, 'Daniel', 'Hunt', '1994', 'Male', 'Compound'),
(125, 'Isla', 'Graham', '2000', 'Female', 'Recurve'),
(126, 'Harry', 'Fox', '1985', 'Male', 'Longbow'),
(127, 'Freya', 'Stone', '2006', 'Female', 'Compound'),
(128, 'Leo', 'Woods', '1992', 'Male', 'Recurve'),
(129, 'Evie', 'Lane', '2007', 'Female', 'Recurve'),
(130, 'Helen', 'Price', '1964', 'Female', 'Recurve'),
(131, 'Thomas', 'Clarke', '1954', 'Male', 'Compound'),
(132, 'Susan', 'Lloyd', '1969', 'Female', 'Longbow'),
(133, 'David', 'Owen', '1959', 'Male', 'Recurve'),
(134, 'Joyce', 'Hart', '1951', 'Female', 'Compound'),
(135, 'Peter', 'Shaw', '1967', 'Male', 'Longbow'),
(136, 'Anne', 'Webb', '1962', 'Female', 'Recurve'),
(137, 'Ronald', 'Day', '1957', 'Male', 'Compound'),
(138, 'Mary', 'Gibbs', '1971', 'Female', 'Recurve'),
(139, 'Albert', 'Dean', '1952', 'Male', 'Longbow'),
(140, 'Zoe', 'Carter', '2009', 'Female', 'Recurve'),
(141, 'Max', 'Riley', '2007', 'Male', 'Compound'),
(142, 'Ella', 'Brooks', '2011', 'Female', 'Recurve'),
(143, 'Finn', 'Harper', '2006', 'Male', 'Longbow'),
(144, 'Grace', 'Dunn', '2008', 'Female', 'Compound'),
(145, 'Margaret', 'Lane', '1965', 'Female', 'Recurve'),
(146, 'Victor', 'Ross', '1955', 'Male', 'Compound'),
(147, 'Linda', 'Ward', '1970', 'Female', 'Longbow'),
(148, 'Alan', 'Cole', '1959', 'Male', 'Recurve'),
(149, 'Rose', 'Evans', '1950', 'Female', 'Compound'),
(150, 'Sophie', 'Bell', '2012', 'Female', 'Recurve'),
(151, 'Toby', 'Grant', '2010', 'Male', 'Compound'),
(152, 'Lily', 'Chen', '2008', 'Female', 'Longbow'),
(153, 'Oscar', 'Reid', '2006', 'Male', 'Recurve'),
(154, 'Emily', 'Ford', '2005', 'Female', 'Compound'),
(155, 'Ryan', 'Hayes', '1998', 'Male', 'Recurve'),
(156, 'Claire', 'Walsh', '1995', 'Female', 'Longbow'),
(157, 'Nathan', 'Lowe', '1990', 'Male', 'Compound'),
(158, 'Hannah', 'Pike', '1988', 'Female', 'Recurve'),
(159, 'Ethan', 'Marsh', '1985', 'Male', 'Longbow'),
(160, 'Fiona', 'Craig', '1975', 'Female', 'Recurve'),
(161, 'Derek', 'Stone', '1972', 'Male', 'Compound'),
(162, 'Paula', 'Dean', '1970', 'Female', 'Longbow'),
(163, 'Gary', 'Holt', '1968', 'Male', 'Recurve'),
(164, 'Ellen', 'Sharp', '1965', 'Female', 'Compound'),
(165, 'Keith', 'Boyd', '1962', 'Male', 'Longbow'),
(166, 'Brenda', 'York', '1960', 'Female', 'Recurve'),
(167, 'Raymond', 'Fox', '1958', 'Male', 'Compound'),
(168, 'Gloria', 'Hunt', '1955', 'Female', 'Recurve'),
(169, 'Harold', 'Lane', '1950', 'Male', 'Longbow'),
(170, 'Ava', 'Hill', '2012', 'Female', 'Recurve'),
(171, 'Leo', 'Wells', '2010', 'Male', 'Compound'),
(172, 'Mia', 'Lowe', '2009', 'Female', 'Longbow'),
(173, 'Jack', 'Frost', '2007', 'Male', 'Recurve'),
(174, 'Zoe', 'Kane', '2005', 'Female', 'Compound'),
(175, 'Owen', 'Gale', '2003', 'Male', 'Recurve'),
(176, 'Ella', 'Dunn', '2000', 'Female', 'Longbow'),
(177, 'Finn', 'Cole', '1997', 'Male', 'Compound'),
(178, 'Ivy', 'Rose', '1994', 'Female', 'Recurve'),
(179, 'Luke', 'Hart', '1991', 'Male', 'Longbow'),
(180, 'Nora', 'Blake', '1988', 'Female', 'Recurve'),
(181, 'Seth', 'King', '1985', 'Male', 'Compound'),
(182, 'Lila', 'Ward', '1982', 'Female', 'Longbow'),
(183, 'Max', 'Owen', '1979', 'Male', 'Recurve'),
(184, 'June', 'Clay', '1976', 'Female', 'Compound'),
(185, 'Reid', 'Fox', '1975', 'Male', 'Recurve'),
(186, 'Vera', 'Lynn', '1972', 'Female', 'Longbow'),
(187, 'Cole', 'Nash', '1970', 'Male', 'Compound'),
(188, 'Faye', 'Bell', '1968', 'Female', 'Recurve'),
(189, 'Glen', 'Holt', '1966', 'Male', 'Longbow'),
(190, 'Ruth', 'Dale', '1965', 'Female', 'Compound'),
(191, 'Wade', 'Pike', '1962', 'Male', 'Recurve'),
(192, 'Jane', 'Moss', '1960', 'Female', 'Longbow'),
(193, 'Kurt', 'Shaw', '1958', 'Male', 'Compound'),
(194, 'Alma', 'Reid', '1956', 'Female', 'Recurve'),
(195, 'Lyle', 'Dean', '1955', 'Male', 'Longbow'),
(196, 'Edna', 'Carr', '1953', 'Female', 'Compound'),
(197, 'Burt', 'Lane', '1951', 'Male', 'Recurve'),
(198, 'Myra', 'Ford', '1950', 'Female', 'Longbow'),
(199, 'Neil', 'Gray', '1948', 'Male', 'Compound');

-- --------------------------------------------------------

--
-- Table structure for table `ArcherEquipment`
--

CREATE TABLE `ArcherEquipment` (
  `ArcherID` smallint(6) NOT NULL,
  `BowType` tinytext DEFAULT NULL
) ENGINE=InnoDB DEFAULT CHARSET=utf8 COLLATE=utf8_general_ci;

-- --------------------------------------------------------

--
-- Table structure for table `ArcherLogin`
--

CREATE TABLE `ArcherLogin` (
  `ArcherID` smallint(6) NOT NULL,
  `PasswordHash` varchar(255) NOT NULL,
  `IsAdmin` tinyint(1) NOT NULL DEFAULT 0,
  `IsDeactivated` tinyint(1) NOT NULL DEFAULT 0
) ENGINE=InnoDB DEFAULT CHARSET=utf8 COLLATE=utf8_general_ci;

--
-- Dumping data for table `ArcherLogin`
--

INSERT INTO `ArcherLogin` (`ArcherID`, `PasswordHash`, `IsAdmin`, `IsDeactivated`) VALUES
(1, '$2y$10$.vEDqjsZqOi98YdO5SWsgeY1.Z4jQxEOXWLoTHy77BK7YKuUB0ZGm', 1, 0),
(100, '$2y$10$JUDizgVJhXr6xR.9EgakF.LURLKmuqtnsprFF925MJK3iaF0AXzXG', 0, 0),
(101, '$2y$10$JUDizgVJhXr6xR.9EgakF.LURLKmuqtnsprFF925MJK3iaF0AXzXG', 0, 0),
(102, '$2y$10$JUDizgVJhXr6xR.9EgakF.LURLKmuqtnsprFF925MJK3iaF0AXzXG', 0, 0),
(103, '$2y$10$JUDizgVJhXr6xR.9EgakF.LURLKmuqtnsprFF925MJK3iaF0AXzXG', 0, 0),
(104, '$2y$10$JUDizgVJhXr6xR.9EgakF.LURLKmuqtnsprFF925MJK3iaF0AXzXG', 0, 0),
(105, '$2y$10$JUDizgVJhXr6xR.9EgakF.LURLKmuqtnsprFF925MJK3iaF0AXzXG', 0, 0),
(106, '$2y$10$JUDizgVJhXr6xR.9EgakF.LURLKmuqtnsprFF925MJK3iaF0AXzXG', 0, 0),
(107, '$2y$10$JUDizgVJhXr6xR.9EgakF.LURLKmuqtnsprFF925MJK3iaF0AXzXG', 0, 0),
(108, '$2y$10$JUDizgVJhXr6xR.9EgakF.LURLKmuqtnsprFF925MJK3iaF0AXzXG', 0, 0),
(109, '$2y$10$JUDizgVJhXr6xR.9EgakF.LURLKmuqtnsprFF925MJK3iaF0AXzXG', 0, 0),
(110, '$2y$10$JUDizgVJhXr6xR.9EgakF.LURLKmuqtnsprFF925MJK3iaF0AXzXG', 0, 0),
(111, '$2y$10$JUDizgVJhXr6xR.9EgakF.LURLKmuqtnsprFF925MJK3iaF0AXzXG', 0, 0),
(112, '$2y$10$JUDizgVJhXr6xR.9EgakF.LURLKmuqtnsprFF925MJK3iaF0AXzXG', 0, 0),
(113, '$2y$10$JUDizgVJhXr6xR.9EgakF.LURLKmuqtnsprFF925MJK3iaF0AXzXG', 0, 0),
(114, '$2y$10$JUDizgVJhXr6xR.9EgakF.LURLKmuqtnsprFF925MJK3iaF0AXzXG', 0, 0),
(115, '$2y$10$JUDizgVJhXr6xR.9EgakF.LURLKmuqtnsprFF925MJK3iaF0AXzXG', 0, 0),
(116, '$2y$10$JUDizgVJhXr6xR.9EgakF.LURLKmuqtnsprFF925MJK3iaF0AXzXG', 0, 0),
(117, '$2y$10$JUDizgVJhXr6xR.9EgakF.LURLKmuqtnsprFF925MJK3iaF0AXzXG', 0, 0),
(118, '$2y$10$JUDizgVJhXr6xR.9EgakF.LURLKmuqtnsprFF925MJK3iaF0AXzXG', 0, 0),
(119, '$2y$10$JUDizgVJhXr6xR.9EgakF.LURLKmuqtnsprFF925MJK3iaF0AXzXG', 0, 0),
(120, '$2y$10$JUDizgVJhXr6xR.9EgakF.LURLKmuqtnsprFF925MJK3iaF0AXzXG', 0, 0),
(121, '$2y$10$JUDizgVJhXr6xR.9EgakF.LURLKmuqtnsprFF925MJK3iaF0AXzXG', 0, 0),
(122, '$2y$10$JUDizgVJhXr6xR.9EgakF.LURLKmuqtnsprFF925MJK3iaF0AXzXG', 0, 0),
(123, '$2y$10$JUDizgVJhXr6xR.9EgakF.LURLKmuqtnsprFF925MJK3iaF0AXzXG', 0, 0),
(124, '$2y$10$JUDizgVJhXr6xR.9EgakF.LURLKmuqtnsprFF925MJK3iaF0AXzXG', 0, 0),
(125, '$2y$10$JUDizgVJhXr6xR.9EgakF.LURLKmuqtnsprFF925MJK3iaF0AXzXG', 0, 0),
(126, '$2y$10$JUDizgVJhXr6xR.9EgakF.LURLKmuqtnsprFF925MJK3iaF0AXzXG', 0, 0),
(127, '$2y$10$JUDizgVJhXr6xR.9EgakF.LURLKmuqtnsprFF925MJK3iaF0AXzXG', 0, 0),
(128, '$2y$10$JUDizgVJhXr6xR.9EgakF.LURLKmuqtnsprFF925MJK3iaF0AXzXG', 0, 0),
(129, '$2y$10$JUDizgVJhXr6xR.9EgakF.LURLKmuqtnsprFF925MJK3iaF0AXzXG', 0, 0),
(130, '$2y$10$JUDizgVJhXr6xR.9EgakF.LURLKmuqtnsprFF925MJK3iaF0AXzXG', 0, 0),
(131, '$2y$10$JUDizgVJhXr6xR.9EgakF.LURLKmuqtnsprFF925MJK3iaF0AXzXG', 0, 0),
(132, '$2y$10$JUDizgVJhXr6xR.9EgakF.LURLKmuqtnsprFF925MJK3iaF0AXzXG', 0, 0),
(133, '$2y$10$JUDizgVJhXr6xR.9EgakF.LURLKmuqtnsprFF925MJK3iaF0AXzXG', 0, 0),
(134, '$2y$10$JUDizgVJhXr6xR.9EgakF.LURLKmuqtnsprFF925MJK3iaF0AXzXG', 0, 0),
(135, '$2y$10$JUDizgVJhXr6xR.9EgakF.LURLKmuqtnsprFF925MJK3iaF0AXzXG', 0, 0),
(136, '$2y$10$JUDizgVJhXr6xR.9EgakF.LURLKmuqtnsprFF925MJK3iaF0AXzXG', 0, 0),
(137, '$2y$10$JUDizgVJhXr6xR.9EgakF.LURLKmuqtnsprFF925MJK3iaF0AXzXG', 0, 0),
(138, '$2y$10$JUDizgVJhXr6xR.9EgakF.LURLKmuqtnsprFF925MJK3iaF0AXzXG', 0, 0),
(139, '$2y$10$JUDizgVJhXr6xR.9EgakF.LURLKmuqtnsprFF925MJK3iaF0AXzXG', 0, 0),
(140, '$2y$10$JUDizgVJhXr6xR.9EgakF.LURLKmuqtnsprFF925MJK3iaF0AXzXG', 0, 0),
(141, '$2y$10$JUDizgVJhXr6xR.9EgakF.LURLKmuqtnsprFF925MJK3iaF0AXzXG', 0, 0),
(142, '$2y$10$JUDizgVJhXr6xR.9EgakF.LURLKmuqtnsprFF925MJK3iaF0AXzXG', 0, 0),
(143, '$2y$10$JUDizgVJhXr6xR.9EgakF.LURLKmuqtnsprFF925MJK3iaF0AXzXG', 0, 0),
(144, '$2y$10$JUDizgVJhXr6xR.9EgakF.LURLKmuqtnsprFF925MJK3iaF0AXzXG', 0, 0),
(145, '$2y$10$JUDizgVJhXr6xR.9EgakF.LURLKmuqtnsprFF925MJK3iaF0AXzXG', 0, 0),
(146, '$2y$10$JUDizgVJhXr6xR.9EgakF.LURLKmuqtnsprFF925MJK3iaF0AXzXG', 0, 0),
(147, '$2y$10$JUDizgVJhXr6xR.9EgakF.LURLKmuqtnsprFF925MJK3iaF0AXzXG', 0, 0),
(148, '$2y$10$JUDizgVJhXr6xR.9EgakF.LURLKmuqtnsprFF925MJK3iaF0AXzXG', 0, 0),
(149, '$2y$10$JUDizgVJhXr6xR.9EgakF.LURLKmuqtnsprFF925MJK3iaF0AXzXG', 0, 0),
(150, '$2y$10$JUDizgVJhXr6xR.9EgakF.LURLKmuqtnsprFF925MJK3iaF0AXzXG', 0, 0),
(151, '$2y$10$JUDizgVJhXr6xR.9EgakF.LURLKmuqtnsprFF925MJK3iaF0AXzXG', 0, 0),
(152, '$2y$10$JUDizgVJhXr6xR.9EgakF.LURLKmuqtnsprFF925MJK3iaF0AXzXG', 0, 0),
(153, '$2y$10$JUDizgVJhXr6xR.9EgakF.LURLKmuqtnsprFF925MJK3iaF0AXzXG', 0, 0),
(154, '$2y$10$JUDizgVJhXr6xR.9EgakF.LURLKmuqtnsprFF925MJK3iaF0AXzXG', 0, 0),
(155, '$2y$10$JUDizgVJhXr6xR.9EgakF.LURLKmuqtnsprFF925MJK3iaF0AXzXG', 0, 0),
(156, '$2y$10$JUDizgVJhXr6xR.9EgakF.LURLKmuqtnsprFF925MJK3iaF0AXzXG', 0, 0),
(157, '$2y$10$JUDizgVJhXr6xR.9EgakF.LURLKmuqtnsprFF925MJK3iaF0AXzXG', 0, 0),
(158, '$2y$10$JUDizgVJhXr6xR.9EgakF.LURLKmuqtnsprFF925MJK3iaF0AXzXG', 0, 0),
(159, '$2y$10$JUDizgVJhXr6xR.9EgakF.LURLKmuqtnsprFF925MJK3iaF0AXzXG', 0, 0),
(160, '$2y$10$JUDizgVJhXr6xR.9EgakF.LURLKmuqtnsprFF925MJK3iaF0AXzXG', 0, 0),
(161, '$2y$10$JUDizgVJhXr6xR.9EgakF.LURLKmuqtnsprFF925MJK3iaF0AXzXG', 0, 0),
(162, '$2y$10$JUDizgVJhXr6xR.9EgakF.LURLKmuqtnsprFF925MJK3iaF0AXzXG', 0, 0),
(163, '$2y$10$JUDizgVJhXr6xR.9EgakF.LURLKmuqtnsprFF925MJK3iaF0AXzXG', 0, 0),
(164, '$2y$10$JUDizgVJhXr6xR.9EgakF.LURLKmuqtnsprFF925MJK3iaF0AXzXG', 0, 0),
(165, '$2y$10$JUDizgVJhXr6xR.9EgakF.LURLKmuqtnsprFF925MJK3iaF0AXzXG', 0, 0),
(166, '$2y$10$JUDizgVJhXr6xR.9EgakF.LURLKmuqtnsprFF925MJK3iaF0AXzXG', 0, 0),
(167, '$2y$10$JUDizgVJhXr6xR.9EgakF.LURLKmuqtnsprFF925MJK3iaF0AXzXG', 0, 0),
(168, '$2y$10$JUDizgVJhXr6xR.9EgakF.LURLKmuqtnsprFF925MJK3iaF0AXzXG', 0, 0),
(169, '$2y$10$JUDizgVJhXr6xR.9EgakF.LURLKmuqtnsprFF925MJK3iaF0AXzXG', 0, 0),
(170, '$2y$10$JUDizgVJhXr6xR.9EgakF.LURLKmuqtnsprFF925MJK3iaF0AXzXG', 0, 0),
(171, '$2y$10$JUDizgVJhXr6xR.9EgakF.LURLKmuqtnsprFF925MJK3iaF0AXzXG', 0, 0),
(172, '$2y$10$JUDizgVJhXr6xR.9EgakF.LURLKmuqtnsprFF925MJK3iaF0AXzXG', 0, 0),
(173, '$2y$10$JUDizgVJhXr6xR.9EgakF.LURLKmuqtnsprFF925MJK3iaF0AXzXG', 0, 0),
(174, '$2y$10$JUDizgVJhXr6xR.9EgakF.LURLKmuqtnsprFF925MJK3iaF0AXzXG', 0, 0),
(175, '$2y$10$JUDizgVJhXr6xR.9EgakF.LURLKmuqtnsprFF925MJK3iaF0AXzXG', 0, 0),
(176, '$2y$10$JUDizgVJhXr6xR.9EgakF.LURLKmuqtnsprFF925MJK3iaF0AXzXG', 0, 0),
(177, '$2y$10$JUDizgVJhXr6xR.9EgakF.LURLKmuqtnsprFF925MJK3iaF0AXzXG', 0, 0),
(178, '$2y$10$JUDizgVJhXr6xR.9EgakF.LURLKmuqtnsprFF925MJK3iaF0AXzXG', 0, 0),
(179, '$2y$10$JUDizgVJhXr6xR.9EgakF.LURLKmuqtnsprFF925MJK3iaF0AXzXG', 0, 0),
(180, '$2y$10$JUDizgVJhXr6xR.9EgakF.LURLKmuqtnsprFF925MJK3iaF0AXzXG', 0, 0),
(181, '$2y$10$JUDizgVJhXr6xR.9EgakF.LURLKmuqtnsprFF925MJK3iaF0AXzXG', 0, 0),
(182, '$2y$10$JUDizgVJhXr6xR.9EgakF.LURLKmuqtnsprFF925MJK3iaF0AXzXG', 0, 0),
(183, '$2y$10$JUDizgVJhXr6xR.9EgakF.LURLKmuqtnsprFF925MJK3iaF0AXzXG', 0, 0),
(184, '$2y$10$JUDizgVJhXr6xR.9EgakF.LURLKmuqtnsprFF925MJK3iaF0AXzXG', 0, 0),
(185, '$2y$10$JUDizgVJhXr6xR.9EgakF.LURLKmuqtnsprFF925MJK3iaF0AXzXG', 0, 0),
(186, '$2y$10$JUDizgVJhXr6xR.9EgakF.LURLKmuqtnsprFF925MJK3iaF0AXzXG', 0, 0),
(187, '$2y$10$JUDizgVJhXr6xR.9EgakF.LURLKmuqtnsprFF925MJK3iaF0AXzXG', 0, 0),
(188, '$2y$10$JUDizgVJhXr6xR.9EgakF.LURLKmuqtnsprFF925MJK3iaF0AXzXG', 0, 0),
(189, '$2y$10$JUDizgVJhXr6xR.9EgakF.LURLKmuqtnsprFF925MJK3iaF0AXzXG', 0, 0),
(190, '$2y$10$JUDizgVJhXr6xR.9EgakF.LURLKmuqtnsprFF925MJK3iaF0AXzXG', 0, 0),
(191, '$2y$10$JUDizgVJhXr6xR.9EgakF.LURLKmuqtnsprFF925MJK3iaF0AXzXG', 0, 0),
(192, '$2y$10$JUDizgVJhXr6xR.9EgakF.LURLKmuqtnsprFF925MJK3iaF0AXzXG', 0, 0),
(193, '$2y$10$JUDizgVJhXr6xR.9EgakF.LURLKmuqtnsprFF925MJK3iaF0AXzXG', 0, 0),
(194, '$2y$10$JUDizgVJhXr6xR.9EgakF.LURLKmuqtnsprFF925MJK3iaF0AXzXG', 0, 0),
(195, '$2y$10$JUDizgVJhXr6xR.9EgakF.LURLKmuqtnsprFF925MJK3iaF0AXzXG', 0, 0),
(196, '$2y$10$JUDizgVJhXr6xR.9EgakF.LURLKmuqtnsprFF925MJK3iaF0AXzXG', 0, 0),
(197, '$2y$10$JUDizgVJhXr6xR.9EgakF.LURLKmuqtnsprFF925MJK3iaF0AXzXG', 0, 0),
(198, '$2y$10$JUDizgVJhXr6xR.9EgakF.LURLKmuqtnsprFF925MJK3iaF0AXzXG', 0, 0),
(199, '$2y$10$JUDizgVJhXr6xR.9EgakF.LURLKmuqtnsprFF925MJK3iaF0AXzXG', 0, 0);

-- --------------------------------------------------------

--
-- Table structure for table `CategoryDef`
--

CREATE TABLE `CategoryDef` (
  `Equipment` varchar(255) NOT NULL
) ENGINE=InnoDB DEFAULT CHARSET=utf8 COLLATE=utf8_general_ci;

--
-- Dumping data for table `CategoryDef`
--

INSERT INTO `CategoryDef` (`Equipment`) VALUES
('Compound'),
('Compund Barebow'),
('Longbow'),
('Recurve'),
('Recurve Barebow');

-- --------------------------------------------------------

--
-- Table structure for table `ClassDef`
--

CREATE TABLE `ClassDef` (
  `ClassName` varchar(50) NOT NULL,
  `MinAge` tinyint(4) NOT NULL,
  `MaxAge` tinyint(4) NOT NULL,
  `Gender` varchar(10) NOT NULL
) ENGINE=InnoDB DEFAULT CHARSET=utf8 COLLATE=utf8_general_ci;

--
-- Dumping data for table `ClassDef`
--

INSERT INTO `ClassDef` (`ClassName`, `MinAge`, `MaxAge`, `Gender`) VALUES
('50+ Female', 50, 59, 'Female'),
('50+ Male', 50, 59, 'Male'),
('60+ Female', 60, 69, 'Female'),
('60+ Male', 60, 69, 'Male'),
('70+ Female', 70, 100, 'Female'),
('70+ Male', 70, 100, 'Male'),
('Female Open', 21, 49, 'Female'),
('Male Open', 21, 49, 'Male'),
('Under 14 Female', 0, 13, 'Female'),
('Under 14 Male', 0, 13, 'Male'),
('Under 16 Female', 0, 15, 'Female'),
('Under 16 Male', 0, 15, 'Male'),
('Under 18 Female', 0, 17, 'Female'),
('Under 18 Male', 0, 17, 'Male'),
('Under 21 Female', 0, 20, 'Female'),
('Under 21 Male', 0, 20, 'Male');

-- --------------------------------------------------------

--
-- Table structure for table `Competition`
--

CREATE TABLE `Competition` (
  `CompetitionID` int(11) NOT NULL,
  `CompetitionName` varchar(255) NOT NULL,
  `BaseRound` varchar(50) DEFAULT NULL,
  `StartDate` date DEFAULT NULL,
  `EndDate` date DEFAULT NULL,
  `DivisionID` int(11) DEFAULT NULL
) ENGINE=InnoDB DEFAULT CHARSET=utf8 COLLATE=utf8_general_ci;

--
-- Dumping data for table `Competition`
--

INSERT INTO `Competition` (`CompetitionID`, `CompetitionName`, `BaseRound`, `StartDate`, `EndDate`, `DivisionID`) VALUES
(1, 'Practice', 'Practice', NULL, NULL, NULL),
(3, 'Summer Shootout', 'WA70/1440', '2025-07-01', '2025-07-31', 39),
(4, 'Winter Classic', 'WA90/1440', '2025-07-15', '2025-07-31', 40),
(5, 'Longbow Challenge 2025', 'WA60/1440', '2025-07-20', '2025-07-31', 38),
(6, 'Junior Compound Shoot 2025', 'WA90/1440', '2025-07-15', '2025-07-31', 80),
(7, 'Spring Compound Open 2025', 'WA90/1440', '2025-08-01', '2025-08-15', 40),
(8, 'Autumn Recurve Open 2025', 'WA90/1440', '2025-09-01', '2025-09-15', 37);

-- --------------------------------------------------------

--
-- Table structure for table `divisiondef`
--

CREATE TABLE `divisiondef` (
  `DivisionID` int(11) NOT NULL,
  `Class` varchar(255) DEFAULT NULL,
  `Category` varchar(255) DEFAULT NULL
) ENGINE=InnoDB DEFAULT CHARSET=utf8 COLLATE=utf8_general_ci;

--
-- Dumping data for table `divisiondef`
--

INSERT INTO `divisiondef` (`DivisionID`, `Class`, `Category`) VALUES
(1, '50+ Female', 'Recurve Barebow'),
(2, '50+ Female', 'Recurve'),
(3, '50+ Female', 'Longbow'),
(4, '50+ Female', 'Compund Barebow'),
(5, '50+ Female', 'Compound'),
(6, '50+ Male', 'Recurve Barebow'),
(7, '50+ Male', 'Recurve'),
(8, '50+ Male', 'Longbow'),
(9, '50+ Male', 'Compund Barebow'),
(10, '50+ Male', 'Compound'),
(11, '60+ Female', 'Recurve Barebow'),
(12, '60+ Female', 'Recurve'),
(13, '60+ Female', 'Longbow'),
(14, '60+ Female', 'Compund Barebow'),
(15, '60+ Female', 'Compound'),
(16, '60+ Male', 'Recurve Barebow'),
(17, '60+ Male', 'Recurve'),
(18, '60+ Male', 'Longbow'),
(19, '60+ Male', 'Compund Barebow'),
(20, '60+ Male', 'Compound'),
(21, '70+ Female', 'Recurve Barebow'),
(22, '70+ Female', 'Recurve'),
(23, '70+ Female', 'Longbow'),
(24, '70+ Female', 'Compund Barebow'),
(25, '70+ Female', 'Compound'),
(26, '70+ Male', 'Recurve Barebow'),
(27, '70+ Male', 'Recurve'),
(28, '70+ Male', 'Longbow'),
(29, '70+ Male', 'Compund Barebow'),
(30, '70+ Male', 'Compound'),
(31, 'Female Open', 'Recurve Barebow'),
(32, 'Female Open', 'Recurve'),
(33, 'Female Open', 'Longbow'),
(34, 'Female Open', 'Compund Barebow'),
(35, 'Female Open', 'Compound'),
(36, 'Male Open', 'Recurve Barebow'),
(37, 'Male Open', 'Recurve'),
(38, 'Male Open', 'Longbow'),
(39, 'Male Open', 'Compund Barebow'),
(40, 'Male Open', 'Compound'),
(41, 'Under 14 Female', 'Recurve Barebow'),
(42, 'Under 14 Female', 'Recurve'),
(43, 'Under 14 Female', 'Longbow'),
(44, 'Under 14 Female', 'Compund Barebow'),
(45, 'Under 14 Female', 'Compound'),
(46, 'Under 14 Male', 'Recurve Barebow'),
(47, 'Under 14 Male', 'Recurve'),
(48, 'Under 14 Male', 'Longbow'),
(49, 'Under 14 Male', 'Compund Barebow'),
(50, 'Under 14 Male', 'Compound'),
(51, 'Under 16 Female', 'Recurve Barebow'),
(52, 'Under 16 Female', 'Recurve'),
(53, 'Under 16 Female', 'Longbow'),
(54, 'Under 16 Female', 'Compund Barebow'),
(55, 'Under 16 Female', 'Compound'),
(56, 'Under 16 Male', 'Recurve Barebow'),
(57, 'Under 16 Male', 'Recurve'),
(58, 'Under 16 Male', 'Longbow'),
(59, 'Under 16 Male', 'Compund Barebow'),
(60, 'Under 16 Male', 'Compound'),
(61, 'Under 18 Female', 'Recurve Barebow'),
(62, 'Under 18 Female', 'Recurve'),
(63, 'Under 18 Female', 'Longbow'),
(64, 'Under 18 Female', 'Compund Barebow'),
(65, 'Under 18 Female', 'Compound'),
(66, 'Under 18 Male', 'Recurve Barebow'),
(67, 'Under 18 Male', 'Recurve'),
(68, 'Under 18 Male', 'Longbow'),
(69, 'Under 18 Male', 'Compund Barebow'),
(70, 'Under 18 Male', 'Compound'),
(71, 'Under 21 Female', 'Recurve Barebow'),
(72, 'Under 21 Female', 'Recurve'),
(73, 'Under 21 Female', 'Longbow'),
(74, 'Under 21 Female', 'Compund Barebow'),
(75, 'Under 21 Female', 'Compound'),
(76, 'Under 21 Male', 'Recurve Barebow'),
(77, 'Under 21 Male', 'Recurve'),
(78, 'Under 21 Male', 'Longbow'),
(79, 'Under 21 Male', 'Compund Barebow'),
(80, 'Under 21 Male', 'Compound');

-- --------------------------------------------------------

--
-- Table structure for table `EndShot`
--

CREATE TABLE `EndShot` (
  `EndShotID` smallint(6) NOT NULL,
  `RangeShotID` smallint(6) DEFAULT NULL,
  `Arrow1` tinyint(4) DEFAULT NULL,
  `Arrow2` tinyint(4) DEFAULT NULL,
  `Arrow3` tinyint(4) DEFAULT NULL,
  `Arrow4` tinyint(4) DEFAULT NULL,
  `Arrow5` tinyint(4) DEFAULT NULL,
  `Arrow6` tinyint(4) DEFAULT NULL
) ENGINE=InnoDB DEFAULT CHARSET=utf8 COLLATE=utf8_general_ci;

--
-- Dumping data for table `EndShot`
--

INSERT INTO `EndShot` (`EndShotID`, `RangeShotID`, `Arrow1`, `Arrow2`, `Arrow3`, `Arrow4`, `Arrow5`, `Arrow6`) VALUES
(10000, 1000, 8, 9, 7, 8, 9, 8),
(10001, 1000, 9, 8, 8, 7, 9, 8),
(10002, 1000, 8, 9, 7, 8, 8, 9),
(10003, 1000, 7, 8, 9, 8, 7, 8),
(10004, 1000, 9, 8, 8, 9, 8, 8),
(10005, 1001, 9, 10, 8, 9, 8, 9),
(10006, 1001, 8, 9, 9, 8, 10, 8),
(10007, 1001, 9, 8, 9, 9, 8, 9),
(10008, 1001, 10, 9, 8, 9, 8, 9),
(10009, 1001, 9, 9, 8, 10, 9, 8),
(10010, 1002, 10, 9, 9, 10, 9, 9),
(10011, 1002, 9, 10, 9, 9, 10, 9),
(10012, 1002, 10, 9, 10, 9, 9, 10),
(10013, 1002, 9, 10, 9, 10, 9, 9),
(10014, 1002, 10, 10, 9, 10, 9, 10),
(10015, 1003, 9, 8, 8, 9, 8, 8),
(10016, 1003, 8, 9, 7, 8, 9, 8),
(10017, 1003, 9, 8, 8, 7, 9, 8),
(10018, 1003, 8, 9, 7, 8, 8, 9),
(10019, 1003, 7, 8, 9, 8, 7, 8),
(10020, 1004, 10, 9, 8, 9, 8, 9),
(10021, 1004, 9, 10, 8, 9, 8, 9),
(10022, 1004, 8, 9, 9, 8, 10, 8),
(10023, 1004, 9, 8, 9, 9, 8, 9),
(10024, 1004, 10, 9, 8, 9, 8, 9),
(10025, 1005, 10, 10, 9, 10, 9, 9),
(10026, 1005, 9, 10, 9, 9, 10, 9),
(10027, 1005, 10, 9, 10, 9, 9, 10),
(10028, 1005, 9, 10, 9, 10, 9, 9),
(10029, 1005, 10, 10, 10, 9, 10, 10),
(10030, 1006, 8, 8, 7, 8, 8, 8),
(10031, 1006, 7, 8, 8, 7, 8, 8),
(10032, 1006, 8, 8, 7, 8, 8, 8),
(10033, 1006, 7, 8, 7, 8, 7, 8),
(10034, 1006, 8, 8, 8, 7, 8, 8),
(10035, 1007, 9, 9, 8, 8, 9, 8),
(10036, 1007, 8, 9, 8, 9, 8, 8),
(10037, 1007, 9, 8, 9, 8, 8, 9),
(10038, 1007, 8, 9, 8, 9, 8, 8),
(10039, 1007, 9, 8, 9, 8, 9, 8),
(10040, 1008, 9, 9, 9, 9, 9, 9),
(10041, 1008, 9, 9, 9, 9, 9, 9),
(10042, 1008, 10, 9, 9, 9, 9, 9),
(10043, 1008, 9, 10, 9, 9, 9, 9),
(10044, 1008, 10, 9, 10, 9, 9, 10),
(10045, 1009, 9, 9, 8, 8, 9, 8),
(10046, 1009, 8, 9, 8, 9, 8, 8),
(10047, 1009, 9, 8, 9, 8, 9, 8),
(10048, 1009, 8, 9, 8, 9, 8, 8),
(10049, 1009, 9, 8, 9, 8, 9, 8),
(10050, 1010, 10, 9, 9, 9, 9, 9),
(10051, 1010, 9, 10, 9, 9, 9, 9),
(10052, 1010, 10, 9, 10, 9, 9, 9),
(10053, 1010, 9, 10, 9, 10, 9, 9),
(10054, 1010, 10, 9, 10, 9, 9, 10),
(10055, 1011, 10, 10, 9, 10, 9, 10),
(10056, 1011, 9, 10, 10, 9, 10, 9),
(10057, 1011, 10, 10, 9, 10, 9, 10),
(10058, 1011, 10, 9, 10, 10, 9, 10),
(10059, 1011, 10, 10, 10, 10, 9, 10),
(10060, 1012, 8, 9, 8, 8, 8, 8),
(10061, 1012, 9, 8, 8, 8, 9, 8),
(10062, 1012, 8, 9, 8, 8, 8, 8),
(10063, 1012, 9, 8, 8, 8, 9, 8),
(10064, 1012, 8, 9, 8, 8, 8, 8),
(10065, 1013, 9, 9, 9, 8, 9, 8),
(10066, 1013, 8, 9, 9, 9, 8, 9),
(10067, 1013, 9, 9, 8, 9, 8, 9),
(10068, 1013, 9, 8, 9, 9, 8, 9),
(10069, 1013, 8, 9, 9, 8, 9, 9),
(10070, 1014, 9, 10, 9, 9, 9, 9),
(10071, 1014, 10, 9, 9, 9, 9, 10),
(10072, 1014, 9, 10, 9, 9, 9, 9),
(10073, 1014, 10, 9, 10, 9, 9, 10),
(10074, 1014, 9, 10, 9, 10, 9, 10),
(10075, 1015, 8, 8, 8, 8, 8, 8),
(10076, 1015, 8, 9, 8, 8, 8, 8),
(10077, 1015, 8, 8, 8, 8, 8, 8),
(10078, 1015, 8, 9, 8, 8, 8, 8),
(10079, 1015, 8, 8, 8, 8, 8, 8),
(10080, 1016, 9, 9, 8, 8, 9, 8),
(10081, 1016, 8, 9, 8, 9, 8, 8),
(10082, 1016, 9, 8, 9, 8, 8, 9),
(10083, 1016, 8, 9, 8, 9, 8, 8),
(10084, 1016, 9, 8, 9, 8, 9, 8),
(10085, 1017, 9, 9, 9, 9, 9, 9),
(10086, 1017, 9, 9, 9, 9, 9, 9),
(10087, 1017, 10, 9, 9, 9, 9, 9),
(10088, 1017, 9, 10, 9, 9, 9, 9),
(10089, 1017, 10, 9, 10, 9, 9, 10),
(10090, 1018, 9, 8, 8, 9, 8, 8),
(10091, 1018, 8, 9, 8, 8, 8, 8),
(10092, 1018, 9, 8, 8, 9, 8, 8),
(10093, 1018, 8, 9, 8, 8, 8, 8),
(10094, 1018, 9, 8, 8, 9, 8, 8),
(10095, 1019, 9, 10, 9, 8, 9, 8),
(10096, 1019, 8, 9, 9, 9, 8, 9),
(10097, 1019, 9, 9, 8, 9, 8, 9),
(10098, 1019, 9, 8, 9, 9, 8, 9),
(10099, 1019, 8, 9, 9, 8, 9, 9),
(10100, 1020, 10, 9, 9, 10, 9, 9),
(10101, 1020, 9, 10, 9, 9, 10, 9),
(10102, 1020, 10, 9, 10, 9, 9, 10),
(10103, 1020, 9, 10, 9, 10, 9, 9),
(10104, 1020, 10, 10, 9, 10, 9, 10),
(10105, 1021, 9, 9, 8, 8, 9, 8),
(10106, 1021, 8, 9, 8, 9, 8, 8),
(10107, 1021, 9, 8, 9, 8, 9, 8),
(10108, 1021, 8, 9, 8, 9, 8, 8),
(10109, 1021, 9, 8, 9, 8, 9, 8),
(10110, 1022, 10, 9, 9, 9, 9, 9),
(10111, 1022, 9, 10, 9, 9, 9, 9),
(10112, 1022, 10, 9, 10, 9, 9, 9),
(10113, 1022, 9, 10, 9, 10, 9, 9),
(10114, 1022, 10, 9, 10, 9, 9, 10),
(10115, 1023, 10, 10, 9, 10, 9, 9),
(10116, 1023, 9, 10, 10, 9, 10, 9),
(10117, 1023, 10, 10, 9, 10, 9, 10),
(10118, 1023, 10, 9, 10, 10, 9, 10),
(10119, 1023, 10, 10, 10, 9, 10, 10),
(10120, 1024, 8, 8, 8, 8, 8, 8),
(10121, 1024, 8, 9, 8, 8, 8, 8),
(10122, 1024, 8, 8, 8, 8, 8, 8),
(10123, 1024, 8, 9, 8, 8, 8, 8),
(10124, 1024, 8, 8, 8, 8, 8, 8),
(10125, 1025, 9, 9, 8, 8, 9, 8),
(10126, 1025, 8, 9, 8, 9, 8, 8),
(10127, 1025, 9, 8, 9, 8, 8, 9),
(10128, 1025, 8, 9, 8, 9, 8, 8),
(10129, 1025, 9, 8, 9, 8, 9, 8),
(10130, 1026, 9, 9, 9, 9, 9, 9),
(10131, 1026, 9, 9, 9, 9, 9, 9),
(10132, 1026, 10, 9, 9, 9, 9, 9),
(10133, 1026, 9, 10, 9, 9, 9, 9),
(10134, 1026, 10, 9, 10, 9, 9, 10),
(10135, 1027, 8, 9, 8, 8, 8, 8),
(10136, 1027, 9, 8, 8, 8, 9, 8),
(10137, 1027, 8, 9, 8, 8, 8, 8),
(10138, 1027, 9, 8, 8, 8, 9, 8),
(10139, 1027, 8, 9, 8, 8, 8, 8),
(10140, 1028, 9, 9, 9, 8, 9, 8),
(10141, 1028, 8, 9, 9, 9, 8, 9),
(10142, 1028, 9, 9, 8, 9, 8, 9),
(10143, 1028, 9, 8, 9, 9, 8, 9),
(10144, 1028, 8, 9, 9, 8, 9, 9),
(10145, 1029, 10, 9, 9, 9, 9, 9),
(10146, 1029, 9, 10, 9, 9, 9, 9),
(10147, 1029, 10, 9, 10, 9, 9, 10),
(10148, 1029, 9, 10, 9, 10, 9, 9),
(10149, 1029, 10, 10, 9, 10, 9, 10),
(10150, 1030, 9, 8, 8, 9, 8, 8),
(10151, 1030, 8, 9, 8, 8, 9, 8),
(10152, 1030, 9, 8, 9, 8, 8, 9),
(10153, 1030, 8, 9, 8, 9, 8, 8),
(10154, 1030, 9, 8, 9, 8, 9, 8),
(10155, 1030, 8, 9, 8, 8, 8, 8),
(10156, 1030, 9, 8, 8, 9, 8, 8),
(10157, 1030, 8, 9, 8, 8, 9, 8),
(10158, 1030, 9, 8, 9, 8, 8, 9),
(10159, 1030, 8, 9, 8, 9, 8, 8),
(10160, 1030, 9, 8, 9, 8, 9, 8),
(10161, 1030, 8, 9, 8, 8, 8, 8),
(10162, 1031, 9, 9, 8, 9, 8, 8),
(10163, 1031, 8, 9, 9, 8, 9, 8),
(10164, 1031, 9, 8, 9, 9, 8, 9),
(10165, 1031, 8, 9, 8, 9, 8, 8),
(10166, 1031, 9, 8, 9, 8, 9, 9),
(10167, 1031, 8, 9, 8, 8, 9, 8),
(10168, 1031, 9, 9, 8, 9, 8, 8),
(10169, 1031, 8, 9, 9, 8, 9, 8),
(10170, 1031, 9, 8, 9, 9, 8, 9),
(10171, 1031, 8, 9, 8, 9, 8, 8),
(10172, 1031, 9, 8, 9, 8, 9, 9),
(10173, 1031, 8, 9, 8, 8, 9, 8),
(10174, 1032, 8, 8, 7, 8, 8, 8),
(10175, 1032, 7, 8, 8, 7, 8, 8),
(10176, 1032, 8, 8, 7, 8, 8, 8),
(10177, 1032, 7, 8, 7, 8, 7, 8),
(10178, 1032, 8, 8, 8, 7, 8, 8),
(10179, 1032, 8, 8, 7, 8, 8, 7),
(10180, 1032, 8, 8, 8, 8, 8, 8),
(10181, 1032, 8, 8, 7, 8, 8, 8),
(10182, 1032, 7, 8, 8, 7, 8, 8),
(10183, 1032, 8, 8, 7, 8, 8, 8),
(10184, 1032, 7, 8, 7, 8, 7, 8),
(10185, 1032, 8, 8, 8, 7, 8, 8),
(10186, 1033, 9, 9, 9, 8, 9, 8),
(10187, 1033, 8, 9, 9, 9, 8, 9),
(10188, 1033, 9, 9, 8, 9, 8, 9),
(10189, 1033, 9, 8, 9, 9, 8, 9),
(10190, 1033, 8, 9, 9, 8, 9, 9),
(10191, 1033, 9, 8, 9, 8, 9, 8),
(10192, 1033, 9, 9, 8, 9, 8, 8),
(10193, 1033, 8, 9, 9, 8, 9, 8),
(10194, 1033, 9, 8, 9, 9, 8, 9),
(10195, 1033, 8, 9, 8, 9, 8, 8),
(10196, 1033, 9, 8, 9, 8, 9, 9),
(10197, 1033, 8, 9, 8, 8, 9, 8),
(10198, 1034, 8, 9, 8, 8, 8, 8),
(10199, 1034, 8, 8, 8, 8, 8, 8),
(10200, 1034, 8, 9, 8, 8, 8, 8),
(10201, 1034, 8, 8, 8, 8, 8, 8),
(10202, 1034, 8, 9, 8, 8, 8, 8),
(10203, 1034, 8, 8, 8, 8, 8, 8),
(10204, 1034, 8, 9, 8, 8, 8, 8),
(10205, 1034, 8, 8, 8, 8, 8, 8),
(10206, 1034, 8, 9, 8, 8, 8, 8),
(10207, 1034, 8, 8, 8, 8, 8, 8),
(10208, 1034, 8, 9, 8, 8, 8, 8),
(10209, 1034, 8, 8, 8, 8, 8, 8),
(10210, 1035, 10, 9, 9, 9, 9, 9),
(10211, 1035, 9, 10, 9, 9, 9, 9),
(10212, 1035, 10, 9, 10, 9, 9, 9),
(10213, 1035, 9, 10, 9, 10, 9, 9),
(10214, 1035, 10, 9, 10, 9, 9, 10),
(10215, 1035, 9, 9, 9, 8, 9, 8),
(10216, 1035, 8, 9, 9, 9, 8, 9),
(10217, 1035, 9, 9, 8, 9, 8, 9),
(10218, 1035, 9, 8, 9, 9, 8, 9),
(10219, 1035, 8, 9, 9, 8, 9, 9),
(10220, 1035, 9, 9, 9, 8, 9, 8),
(10221, 1035, 8, 9, 9, 9, 8, 9),
(10222, 1036, 8, 8, 7, 8, 8, 8),
(10223, 1036, 7, 8, 8, 7, 8, 8),
(10224, 1036, 8, 8, 7, 8, 8, 8),
(10225, 1036, 7, 8, 7, 8, 7, 8),
(10226, 1036, 8, 8, 8, 7, 8, 8),
(10227, 1036, 8, 8, 7, 8, 8, 7),
(10228, 1036, 8, 8, 8, 8, 8, 8),
(10229, 1036, 8, 8, 7, 8, 8, 8),
(10230, 1036, 7, 8, 8, 7, 8, 8),
(10231, 1036, 8, 8, 7, 8, 8, 8),
(10232, 1036, 7, 8, 7, 8, 7, 8),
(10233, 1036, 8, 8, 8, 7, 8, 8),
(10234, 1037, 9, 9, 8, 9, 8, 8),
(10235, 1037, 8, 9, 9, 8, 9, 8),
(10236, 1037, 9, 8, 9, 9, 8, 9),
(10237, 1037, 8, 9, 8, 9, 8, 8),
(10238, 1037, 9, 8, 9, 8, 9, 9),
(10239, 1037, 8, 9, 8, 8, 9, 8),
(10240, 1037, 9, 9, 8, 9, 8, 8),
(10241, 1037, 8, 9, 9, 8, 9, 8),
(10242, 1037, 9, 8, 9, 9, 8, 9),
(10243, 1037, 8, 9, 8, 9, 8, 8),
(10244, 1037, 9, 8, 9, 8, 9, 9),
(10245, 1037, 8, 9, 8, 8, 9, 8),
(10246, 1038, 9, 8, 8, 9, 8, 8),
(10247, 1038, 8, 9, 8, 8, 9, 8),
(10248, 1038, 9, 8, 9, 8, 8, 9),
(10249, 1038, 8, 9, 8, 9, 8, 8),
(10250, 1038, 9, 8, 9, 8, 9, 8),
(10251, 1038, 8, 9, 8, 8, 8, 8),
(10252, 1038, 9, 8, 8, 9, 8, 8),
(10253, 1038, 8, 9, 8, 8, 9, 8),
(10254, 1038, 9, 8, 9, 8, 8, 9),
(10255, 1038, 8, 9, 8, 9, 8, 8),
(10256, 1038, 9, 8, 9, 8, 9, 8),
(10257, 1038, 8, 9, 8, 8, 8, 8),
(10258, 1039, 9, 9, 9, 8, 9, 8),
(10259, 1039, 8, 9, 9, 9, 8, 9),
(10260, 1039, 9, 9, 8, 9, 8, 9),
(10261, 1039, 9, 8, 9, 9, 8, 9),
(10262, 1039, 8, 9, 9, 8, 9, 9),
(10263, 1039, 9, 8, 9, 8, 9, 8),
(10264, 1039, 9, 9, 8, 9, 8, 8),
(10265, 1039, 8, 9, 9, 8, 9, 8),
(10266, 1039, 9, 8, 9, 9, 8, 9),
(10267, 1039, 8, 9, 8, 9, 8, 8),
(10268, 1039, 9, 8, 9, 8, 9, 9),
(10269, 1039, 8, 9, 8, 8, 9, 8),
(10270, 1040, 8, 9, 8, 8, 8, 8),
(10271, 1040, 8, 8, 8, 8, 8, 8),
(10272, 1040, 9, 8, 8, 9, 8, 8),
(10273, 1040, 8, 9, 8, 8, 9, 8),
(10274, 1040, 9, 8, 9, 8, 8, 9),
(10275, 1041, 9, 9, 8, 9, 8, 8),
(10276, 1041, 8, 9, 9, 8, 9, 8),
(10277, 1041, 9, 8, 9, 9, 8, 9),
(10278, 1041, 8, 9, 8, 9, 8, 8),
(10279, 1041, 9, 8, 9, 8, 9, 8),
(10280, 1042, 9, 9, 9, 9, 9, 9),
(10281, 1042, 9, 9, 9, 9, 9, 9),
(10282, 1042, 10, 9, 9, 9, 9, 9),
(10283, 1042, 9, 10, 9, 9, 9, 9),
(10284, 1042, 10, 9, 10, 9, 9, 10),
(10285, 1043, 10, 9, 9, 10, 9, 9),
(10286, 1043, 9, 10, 9, 9, 10, 9),
(10287, 1043, 10, 9, 10, 9, 9, 10),
(10288, 1043, 9, 10, 9, 10, 9, 9),
(10289, 1043, 10, 10, 9, 10, 9, 10),
(10290, 1044, 9, 8, 8, 9, 8, 8),
(10291, 1044, 8, 9, 8, 8, 9, 8),
(10292, 1044, 9, 8, 9, 8, 8, 9),
(10293, 1044, 8, 9, 8, 9, 8, 8),
(10294, 1044, 9, 9, 9, 8, 9, 8),
(10295, 1045, 9, 9, 9, 8, 9, 8),
(10296, 1045, 8, 9, 9, 9, 8, 9),
(10297, 1045, 9, 8, 9, 9, 8, 9),
(10298, 1045, 8, 9, 8, 9, 8, 8),
(10299, 1045, 9, 8, 9, 8, 9, 9),
(10300, 1046, 10, 9, 9, 9, 9, 9),
(10301, 1046, 9, 10, 9, 9, 9, 9),
(10302, 1046, 10, 9, 10, 9, 9, 9),
(10303, 1046, 9, 10, 9, 10, 9, 9),
(10304, 1046, 10, 9, 10, 9, 9, 10),
(10305, 1047, 10, 10, 9, 10, 9, 9),
(10306, 1047, 9, 10, 10, 9, 10, 9),
(10307, 1047, 10, 10, 9, 10, 9, 10),
(10308, 1047, 10, 9, 10, 10, 9, 10),
(10309, 1047, 10, 10, 10, 9, 10, 10),
(10310, 1048, 8, 8, 7, 8, 8, 8),
(10311, 1048, 7, 8, 8, 7, 8, 8),
(10312, 1048, 8, 8, 8, 8, 8, 8),
(10313, 1048, 8, 8, 7, 8, 8, 8),
(10314, 1048, 8, 8, 8, 8, 8, 8),
(10315, 1049, 8, 9, 8, 8, 9, 8),
(10316, 1049, 8, 8, 8, 8, 8, 8),
(10317, 1049, 8, 9, 8, 8, 8, 8),
(10318, 1049, 8, 8, 8, 8, 8, 8),
(10319, 1049, 8, 9, 8, 8, 8, 8),
(10320, 1050, 9, 9, 8, 9, 8, 8),
(10321, 1050, 8, 9, 9, 8, 9, 8),
(10322, 1050, 9, 8, 9, 8, 8, 9),
(10323, 1050, 8, 9, 8, 8, 8, 8),
(10324, 1050, 8, 9, 8, 8, 8, 8),
(10325, 1051, 9, 9, 9, 9, 9, 9),
(10326, 1051, 9, 9, 9, 9, 9, 9),
(10327, 1051, 9, 9, 9, 9, 9, 9),
(10328, 1051, 9, 9, 9, 9, 9, 9),
(10329, 1051, 9, 9, 9, 9, 9, 9),
(10330, 1052, 9, 9, 8, 8, 9, 8),
(10331, 1052, 8, 9, 8, 9, 8, 8),
(10332, 1052, 9, 8, 9, 8, 9, 8),
(10333, 1052, 8, 9, 8, 9, 8, 8),
(10334, 1052, 9, 9, 9, 9, 9, 9),
(10335, 1053, 10, 9, 9, 9, 9, 9),
(10336, 1053, 9, 10, 9, 9, 9, 9),
(10337, 1053, 10, 9, 10, 9, 9, 9),
(10338, 1053, 9, 10, 9, 10, 9, 9),
(10339, 1053, 10, 9, 10, 9, 9, 10),
(10340, 1054, 10, 9, 9, 10, 9, 9),
(10341, 1054, 9, 10, 9, 9, 10, 9),
(10342, 1054, 10, 9, 10, 9, 9, 10),
(10343, 1054, 9, 10, 9, 10, 9, 9),
(10344, 1054, 10, 10, 9, 10, 9, 10),
(10345, 1055, 10, 10, 9, 10, 9, 9),
(10346, 1055, 9, 10, 10, 9, 10, 9),
(10347, 1055, 10, 10, 9, 10, 9, 10),
(10348, 1055, 10, 9, 10, 10, 9, 10),
(10349, 1055, 10, 10, 10, 9, 10, 10),
(10350, 1056, 8, 8, 8, 8, 8, 8),
(10351, 1056, 8, 9, 8, 8, 8, 8),
(10352, 1056, 8, 8, 8, 8, 8, 8),
(10353, 1056, 8, 9, 8, 8, 8, 8),
(10354, 1056, 8, 8, 8, 8, 8, 8),
(10355, 1057, 9, 9, 8, 9, 8, 8),
(10356, 1057, 8, 9, 9, 8, 9, 8),
(10357, 1057, 9, 8, 9, 8, 8, 9),
(10358, 1057, 8, 9, 8, 8, 8, 8),
(10359, 1057, 9, 8, 9, 8, 9, 8),
(10360, 1058, 9, 9, 9, 9, 9, 9),
(10361, 1058, 9, 9, 9, 9, 9, 9),
(10362, 1058, 10, 9, 9, 9, 9, 9),
(10363, 1058, 9, 10, 9, 9, 9, 9),
(10364, 1058, 10, 9, 10, 9, 9, 10),
(10365, 1059, 10, 9, 9, 10, 9, 9),
(10366, 1059, 9, 10, 9, 9, 10, 9),
(10367, 1059, 10, 9, 10, 9, 9, 10),
(10368, 1059, 9, 10, 9, 10, 9, 9),
(10369, 1059, 10, 10, 9, 10, 9, 10),
(10370, 1060, 8, 8, 7, 8, 8, 8),
(10371, 1060, 7, 8, 8, 7, 8, 8),
(10372, 1060, 8, 8, 8, 8, 8, 8),
(10373, 1060, 8, 8, 7, 8, 8, 8),
(10374, 1060, 8, 8, 8, 8, 8, 8),
(10375, 1061, 8, 9, 8, 8, 9, 8),
(10376, 1061, 8, 8, 8, 8, 8, 8),
(10377, 1061, 8, 9, 8, 8, 8, 8),
(10378, 1061, 8, 8, 8, 8, 8, 8),
(10379, 1061, 8, 9, 8, 8, 8, 8),
(10380, 1062, 9, 9, 8, 9, 8, 8),
(10381, 1062, 8, 9, 9, 8, 9, 8),
(10382, 1062, 9, 8, 9, 8, 8, 9),
(10383, 1062, 8, 9, 8, 8, 8, 8),
(10384, 1062, 8, 9, 8, 8, 8, 8),
(10385, 1063, 9, 9, 9, 9, 9, 9),
(10386, 1063, 9, 9, 9, 9, 9, 9),
(10387, 1063, 9, 9, 9, 9, 9, 9),
(10388, 1063, 9, 9, 9, 9, 9, 9),
(10389, 1063, 9, 9, 9, 9, 9, 9),
(10390, 1064, 9, 8, 8, 9, 8, 8),
(10391, 1064, 8, 9, 8, 8, 9, 8),
(10392, 1064, 9, 8, 9, 8, 8, 9),
(10393, 1064, 8, 9, 8, 9, 8, 8),
(10394, 1064, 9, 8, 9, 8, 9, 8),
(10395, 1065, 9, 9, 9, 8, 9, 8),
(10396, 1065, 8, 9, 9, 9, 8, 9),
(10397, 1065, 9, 8, 9, 9, 8, 9),
(10398, 1065, 8, 9, 8, 9, 8, 8),
(10399, 1065, 9, 8, 9, 8, 9, 9),
(10400, 1066, 10, 9, 9, 9, 9, 9),
(10401, 1066, 9, 10, 9, 9, 9, 9),
(10402, 1066, 10, 9, 10, 9, 9, 9),
(10403, 1066, 9, 10, 9, 10, 9, 9),
(10404, 1066, 10, 9, 10, 9, 9, 10),
(10405, 1067, 10, 10, 9, 10, 9, 9),
(10406, 1067, 9, 10, 10, 9, 10, 9),
(10407, 1067, 10, 10, 9, 10, 9, 10),
(10408, 1067, 10, 9, 10, 10, 9, 10),
(10409, 1067, 10, 10, 10, 9, 10, 10),
(10410, 1068, 9, 9, 8, 8, 9, 8),
(10411, 1068, 8, 9, 8, 9, 8, 8),
(10412, 1068, 9, 8, 9, 8, 9, 8),
(10413, 1068, 8, 9, 8, 9, 8, 8),
(10414, 1068, 9, 9, 9, 9, 9, 9),
(10415, 1069, 10, 9, 9, 9, 9, 9),
(10416, 1069, 9, 10, 9, 9, 9, 9),
(10417, 1069, 10, 9, 10, 9, 9, 9),
(10418, 1069, 9, 10, 9, 10, 9, 9),
(10419, 1069, 10, 9, 10, 9, 9, 10),
(10420, 1070, 10, 9, 9, 10, 9, 9),
(10421, 1070, 9, 10, 9, 9, 10, 9),
(10422, 1070, 10, 9, 10, 9, 9, 10),
(10423, 1070, 9, 10, 9, 10, 9, 9),
(10424, 1070, 10, 10, 9, 10, 9, 10),
(10425, 1071, 10, 10, 9, 10, 9, 9),
(10426, 1071, 9, 10, 10, 9, 10, 9),
(10427, 1071, 10, 10, 9, 10, 9, 10),
(10428, 1071, 10, 9, 10, 10, 9, 10),
(10429, 1071, 10, 10, 10, 9, 10, 10),
(10430, 1072, 8, 8, 7, 8, 8, 8),
(10431, 1072, 7, 8, 8, 7, 8, 8),
(10432, 1072, 8, 8, 8, 8, 8, 8),
(10433, 1072, 8, 8, 7, 8, 8, 8),
(10434, 1072, 8, 8, 8, 8, 8, 8),
(10435, 1073, 8, 9, 8, 8, 9, 8),
(10436, 1073, 8, 8, 8, 8, 8, 8),
(10437, 1073, 8, 9, 8, 8, 8, 8),
(10438, 1073, 8, 8, 8, 8, 8, 8),
(10439, 1073, 8, 9, 8, 8, 8, 8),
(10440, 1074, 9, 9, 8, 9, 8, 8),
(10441, 1074, 8, 9, 9, 8, 9, 8),
(10442, 1074, 9, 8, 9, 8, 8, 9),
(10443, 1074, 8, 9, 8, 8, 8, 8),
(10444, 1074, 8, 9, 8, 8, 8, 8),
(10445, 1075, 9, 9, 9, 9, 9, 9),
(10446, 1075, 9, 9, 9, 9, 9, 9),
(10447, 1075, 9, 9, 9, 9, 9, 9),
(10448, 1075, 9, 9, 9, 9, 9, 9),
(10449, 1075, 9, 9, 9, 9, 9, 9),
(10450, 1076, 9, 8, 8, 9, 8, 8),
(10451, 1076, 8, 9, 8, 8, 9, 8),
(10452, 1076, 9, 8, 9, 8, 8, 9),
(10453, 1076, 8, 9, 8, 9, 8, 8),
(10454, 1076, 9, 8, 9, 8, 9, 8),
(10455, 1077, 9, 9, 9, 8, 9, 8),
(10456, 1077, 8, 9, 9, 9, 8, 9),
(10457, 1077, 9, 8, 9, 9, 8, 9),
(10458, 1077, 8, 9, 8, 9, 8, 8),
(10459, 1077, 9, 8, 9, 8, 9, 9),
(10460, 1078, 10, 9, 9, 9, 9, 9),
(10461, 1078, 9, 10, 9, 9, 9, 9),
(10462, 1078, 10, 9, 10, 9, 9, 9),
(10463, 1078, 9, 10, 9, 10, 9, 9),
(10464, 1078, 10, 9, 10, 9, 9, 10),
(10465, 1079, 10, 10, 9, 10, 9, 9),
(10466, 1079, 9, 10, 10, 9, 10, 9),
(10467, 1079, 10, 10, 9, 10, 9, 10),
(10468, 1079, 10, 9, 10, 10, 9, 10),
(10469, 1079, 10, 10, 10, 9, 10, 10),
(10470, 1080, 8, 8, 8, 8, 8, 8),
(10471, 1080, 8, 9, 8, 8, 8, 8),
(10472, 1080, 8, 8, 8, 8, 8, 8),
(10473, 1080, 8, 9, 8, 8, 8, 8),
(10474, 1080, 8, 8, 8, 8, 8, 8),
(10475, 1081, 9, 9, 8, 9, 8, 8),
(10476, 1081, 8, 9, 9, 8, 9, 8),
(10477, 1081, 9, 8, 9, 8, 8, 9),
(10478, 1081, 8, 9, 8, 8, 8, 8),
(10479, 1081, 9, 8, 9, 8, 9, 8),
(10480, 1082, 9, 9, 9, 9, 9, 9),
(10481, 1082, 9, 9, 9, 9, 9, 9),
(10482, 1082, 10, 9, 9, 9, 9, 9),
(10483, 1082, 9, 10, 9, 9, 9, 9),
(10484, 1082, 10, 9, 10, 9, 9, 10),
(10485, 1083, 10, 9, 9, 10, 9, 9),
(10486, 1083, 9, 10, 9, 9, 10, 9),
(10487, 1083, 10, 9, 10, 9, 9, 10),
(10488, 1083, 9, 10, 9, 10, 9, 9),
(10489, 1083, 10, 10, 9, 10, 9, 10),
(10490, 1084, 9, 8, 8, 9, 8, 8),
(10491, 1084, 8, 9, 8, 8, 9, 8),
(10492, 1084, 9, 8, 9, 8, 8, 9),
(10493, 1084, 8, 9, 8, 9, 8, 8),
(10494, 1084, 9, 9, 9, 8, 9, 8),
(10495, 1085, 9, 9, 9, 8, 9, 8),
(10496, 1085, 8, 9, 9, 9, 8, 9),
(10497, 1085, 9, 8, 9, 9, 8, 9),
(10498, 1085, 8, 9, 8, 9, 8, 8),
(10499, 1085, 9, 8, 9, 8, 9, 9),
(10500, 1086, 10, 9, 9, 9, 9, 9),
(10501, 1086, 9, 10, 9, 9, 9, 9),
(10502, 1086, 10, 9, 10, 9, 9, 9),
(10503, 1086, 9, 10, 9, 10, 9, 9),
(10504, 1086, 10, 9, 10, 9, 9, 10),
(10505, 1087, 10, 10, 9, 10, 9, 9),
(10506, 1087, 9, 10, 10, 9, 10, 9),
(10507, 1087, 10, 10, 9, 10, 9, 10),
(10508, 1087, 10, 9, 10, 10, 9, 10),
(10509, 1087, 10, 10, 10, 9, 10, 10),
(10510, 1088, 8, 8, 7, 8, 8, 8),
(10511, 1088, 7, 8, 8, 7, 8, 8),
(10512, 1088, 8, 8, 8, 8, 8, 8),
(10513, 1088, 8, 8, 7, 8, 8, 8),
(10514, 1088, 8, 8, 8, 8, 8, 8),
(10515, 1089, 8, 9, 8, 8, 9, 8),
(10516, 1089, 8, 8, 8, 8, 8, 8),
(10517, 1089, 8, 9, 8, 8, 8, 8),
(10518, 1089, 8, 8, 8, 8, 8, 8),
(10519, 1089, 8, 9, 8, 8, 8, 8),
(10520, 1090, 9, 9, 8, 9, 8, 8),
(10521, 1090, 8, 9, 9, 8, 9, 8),
(10522, 1090, 9, 8, 9, 8, 8, 9),
(10523, 1090, 8, 9, 8, 8, 8, 8),
(10524, 1090, 8, 9, 8, 8, 8, 8),
(10525, 1091, 9, 9, 9, 9, 9, 9),
(10526, 1091, 9, 9, 9, 9, 9, 9),
(10527, 1091, 9, 9, 9, 9, 9, 9),
(10528, 1091, 9, 9, 9, 9, 9, 9),
(10529, 1091, 9, 9, 9, 9, 9, 9),
(10530, 1092, 9, 8, 8, 9, 8, 8),
(10531, 1092, 8, 9, 8, 8, 9, 8),
(10532, 1092, 9, 8, 9, 8, 8, 9),
(10533, 1092, 8, 9, 8, 9, 8, 8),
(10534, 1092, 9, 8, 9, 8, 9, 8),
(10535, 1093, 9, 9, 9, 8, 9, 8),
(10536, 1093, 8, 9, 9, 9, 8, 9),
(10537, 1093, 9, 8, 9, 9, 8, 9),
(10538, 1093, 8, 9, 8, 9, 8, 8),
(10539, 1093, 9, 8, 9, 8, 9, 9),
(10540, 1094, 10, 9, 9, 9, 9, 9),
(10541, 1094, 9, 10, 9, 9, 9, 9),
(10542, 1094, 10, 9, 10, 9, 9, 9),
(10543, 1094, 9, 10, 9, 10, 9, 9),
(10544, 1094, 10, 9, 10, 9, 9, 10),
(10545, 1095, 10, 10, 9, 10, 9, 9),
(10546, 1095, 9, 10, 10, 9, 10, 9),
(10547, 1095, 10, 10, 9, 10, 9, 10),
(10548, 1095, 10, 9, 10, 10, 9, 10),
(10549, 1095, 10, 10, 10, 9, 10, 10),
(10550, 1096, 8, 8, 8, 8, 8, 8),
(10551, 1096, 8, 9, 8, 8, 8, 8),
(10552, 1096, 8, 8, 8, 8, 8, 8),
(10553, 1096, 8, 9, 8, 8, 8, 8),
(10554, 1096, 8, 8, 8, 8, 8, 8),
(10555, 1097, 9, 9, 8, 9, 8, 8),
(10556, 1097, 8, 9, 9, 8, 9, 8),
(10557, 1097, 9, 8, 9, 8, 8, 9),
(10558, 1097, 8, 9, 8, 8, 8, 8),
(10559, 1097, 9, 8, 9, 8, 9, 8),
(10560, 1098, 9, 9, 9, 9, 9, 9),
(10561, 1098, 9, 9, 9, 9, 9, 9),
(10562, 1098, 10, 9, 9, 9, 9, 9),
(10563, 1098, 9, 10, 9, 9, 9, 9),
(10564, 1098, 10, 9, 10, 9, 9, 10),
(10565, 1099, 10, 9, 9, 10, 9, 9),
(10566, 1099, 9, 10, 9, 9, 10, 9),
(10567, 1099, 10, 9, 10, 9, 9, 10),
(10568, 1099, 9, 10, 9, 10, 9, 9),
(10569, 1099, 10, 10, 9, 10, 9, 10),
(10570, 1100, 9, 9, 8, 8, 9, 8),
(10571, 1100, 8, 9, 8, 9, 8, 8),
(10572, 1100, 9, 8, 9, 8, 9, 8),
(10573, 1100, 8, 9, 8, 9, 8, 8),
(10574, 1100, 9, 9, 9, 9, 9, 9),
(10575, 1101, 10, 9, 9, 9, 9, 9),
(10576, 1101, 9, 10, 9, 9, 9, 9),
(10577, 1101, 10, 9, 10, 9, 9, 9),
(10578, 1101, 9, 10, 9, 10, 9, 9),
(10579, 1101, 10, 9, 10, 9, 9, 10),
(10580, 1102, 10, 9, 9, 10, 9, 9),
(10581, 1102, 9, 10, 9, 9, 10, 9),
(10582, 1102, 10, 9, 10, 9, 9, 10),
(10583, 1102, 9, 10, 9, 10, 9, 9),
(10584, 1102, 10, 10, 9, 10, 9, 10),
(10585, 1103, 10, 10, 9, 10, 9, 9),
(10586, 1103, 9, 10, 10, 9, 10, 9),
(10587, 1103, 10, 10, 9, 10, 9, 10),
(10588, 1103, 10, 9, 10, 10, 9, 10),
(10589, 1103, 10, 10, 10, 9, 10, 10),
(10590, 1104, 8, 8, 7, 8, 8, 8),
(10591, 1104, 7, 8, 8, 7, 8, 8),
(10592, 1104, 8, 8, 8, 8, 8, 8),
(10593, 1104, 8, 8, 7, 8, 8, 8),
(10594, 1104, 8, 8, 8, 8, 8, 8),
(10595, 1105, 8, 9, 8, 8, 9, 8),
(10596, 1105, 8, 8, 8, 8, 8, 8),
(10597, 1105, 8, 9, 8, 8, 8, 8),
(10598, 1105, 8, 8, 8, 8, 8, 8),
(10599, 1105, 8, 9, 8, 8, 8, 8),
(10600, 1106, 9, 9, 8, 9, 8, 8),
(10601, 1106, 8, 9, 9, 8, 9, 8),
(10602, 1106, 9, 8, 9, 8, 8, 9),
(10603, 1106, 8, 9, 8, 8, 8, 8),
(10604, 1106, 8, 9, 8, 8, 8, 8),
(10605, 1107, 9, 9, 9, 9, 9, 9),
(10606, 1107, 9, 9, 9, 9, 9, 9),
(10607, 1107, 9, 9, 9, 9, 9, 9),
(10608, 1107, 9, 9, 9, 9, 9, 9),
(10609, 1107, 9, 9, 9, 9, 9, 9),
(10610, 1108, 9, 8, 8, 9, 8, 8),
(10611, 1108, 8, 9, 8, 8, 9, 8),
(10612, 1108, 9, 8, 9, 8, 8, 9),
(10613, 1108, 8, 9, 8, 9, 8, 8),
(10614, 1108, 9, 9, 9, 8, 9, 8),
(10615, 1109, 9, 9, 9, 8, 9, 8),
(10616, 1109, 8, 9, 9, 9, 8, 9),
(10617, 1109, 9, 8, 9, 9, 8, 9),
(10618, 1109, 8, 9, 8, 9, 8, 8),
(10619, 1109, 9, 8, 9, 8, 9, 9),
(10620, 1110, 10, 9, 9, 9, 9, 9),
(10621, 1110, 9, 10, 9, 9, 9, 9),
(10622, 1110, 10, 9, 10, 9, 9, 9),
(10623, 1110, 9, 10, 9, 10, 9, 9),
(10624, 1110, 10, 9, 10, 9, 9, 10),
(10625, 1111, 10, 10, 9, 10, 9, 9),
(10626, 1111, 9, 10, 10, 9, 10, 9),
(10627, 1111, 10, 10, 9, 10, 9, 10),
(10628, 1111, 10, 9, 10, 10, 9, 10),
(10629, 1111, 10, 10, 10, 9, 10, 10),
(10630, 1112, 8, 8, 8, 8, 8, 8),
(10631, 1112, 8, 9, 8, 8, 8, 8),
(10632, 1112, 8, 8, 8, 8, 8, 8),
(10633, 1112, 8, 9, 8, 8, 8, 8),
(10634, 1112, 8, 8, 8, 8, 8, 8),
(10635, 1113, 9, 9, 8, 9, 8, 8),
(10636, 1113, 8, 9, 9, 8, 9, 8),
(10637, 1113, 9, 8, 9, 8, 8, 9),
(10638, 1113, 8, 9, 8, 8, 8, 8),
(10639, 1113, 9, 8, 9, 8, 9, 8),
(10640, 1114, 9, 9, 9, 9, 9, 9),
(10641, 1114, 9, 9, 9, 9, 9, 9),
(10642, 1114, 10, 9, 9, 9, 9, 9),
(10643, 1114, 9, 10, 9, 9, 9, 9),
(10644, 1114, 10, 9, 10, 9, 9, 10),
(10645, 1115, 10, 9, 9, 10, 9, 9),
(10646, 1115, 9, 10, 9, 9, 10, 9),
(10647, 1115, 10, 9, 10, 9, 9, 10),
(10648, 1115, 9, 10, 9, 10, 9, 9),
(10649, 1115, 10, 10, 9, 10, 9, 10),
(10650, 1116, 9, 8, 8, 9, 8, 8),
(10651, 1116, 8, 9, 8, 8, 9, 8),
(10652, 1116, 9, 8, 9, 8, 8, 9),
(10653, 1116, 8, 9, 8, 9, 8, 8),
(10654, 1116, 9, 8, 9, 8, 9, 8),
(10655, 1117, 9, 9, 9, 8, 9, 8),
(10656, 1117, 8, 9, 9, 9, 8, 9),
(10657, 1117, 9, 8, 9, 9, 8, 9),
(10658, 1117, 8, 9, 8, 9, 8, 8),
(10659, 1117, 9, 8, 9, 8, 9, 9),
(10660, 1118, 10, 9, 9, 9, 9, 9),
(10661, 1118, 9, 10, 9, 9, 9, 9),
(10662, 1118, 10, 9, 10, 9, 9, 9),
(10663, 1118, 9, 10, 9, 10, 9, 9),
(10664, 1118, 10, 9, 10, 9, 9, 10),
(10665, 1119, 10, 10, 9, 10, 9, 9),
(10666, 1119, 9, 10, 10, 9, 10, 9),
(10667, 1119, 10, 10, 9, 10, 9, 10),
(10668, 1119, 10, 9, 10, 10, 9, 10),
(10669, 1119, 10, 10, 10, 9, 10, 10),
(10670, 1120, 8, 9, 8, 8, 8, 8),
(10671, 1120, 8, 8, 8, 8, 8, 8),
(10672, 1120, 9, 8, 8, 9, 8, 8),
(10673, 1120, 8, 9, 8, 8, 9, 8),
(10674, 1120, 9, 8, 9, 8, 8, 9),
(10675, 1121, 9, 9, 8, 9, 8, 8),
(10676, 1121, 8, 9, 9, 8, 9, 8),
(10677, 1121, 9, 8, 9, 9, 8, 9),
(10678, 1121, 8, 9, 8, 9, 8, 8),
(10679, 1121, 9, 9, 9, 8, 9, 8),
(10680, 1122, 10, 9, 9, 10, 9, 9),
(10681, 1122, 9, 10, 10, 9, 10, 9),
(10682, 1122, 10, 10, 9, 10, 9, 10),
(10683, 1122, 10, 9, 10, 10, 9, 10),
(10684, 1122, 10, 10, 10, 10, 9, 10),
(10685, 1123, 9, 9, 8, 9, 8, 8),
(10686, 1123, 8, 9, 9, 8, 9, 8),
(10687, 1123, 9, 8, 9, 9, 8, 9),
(10688, 1123, 8, 9, 8, 9, 8, 8),
(10689, 1123, 9, 8, 9, 8, 9, 9),
(10690, 1123, 8, 9, 8, 8, 9, 8),
(10691, 1123, 9, 9, 8, 9, 8, 8),
(10692, 1123, 8, 9, 9, 8, 9, 8),
(10693, 1123, 9, 8, 9, 9, 8, 9),
(10694, 1123, 8, 9, 8, 9, 8, 8),
(10695, 1123, 9, 8, 9, 8, 9, 9),
(10696, 1123, 8, 9, 8, 8, 9, 8),
(10697, 1123, 9, 9, 8, 9, 8, 8),
(10698, 1123, 8, 9, 9, 8, 9, 8),
(10699, 1123, 9, 8, 9, 9, 8, 9),
(10700, 1124, 8, 8, 8, 8, 8, 8),
(10701, 1124, 8, 9, 8, 8, 8, 8),
(10702, 1124, 8, 8, 8, 8, 8, 8),
(10703, 1124, 8, 9, 8, 8, 8, 8),
(10704, 1124, 8, 8, 8, 8, 8, 8),
(10705, 1125, 9, 9, 8, 9, 8, 8),
(10706, 1125, 8, 9, 9, 8, 9, 8),
(10707, 1125, 9, 8, 9, 8, 8, 9),
(10708, 1125, 8, 9, 8, 8, 8, 8),
(10709, 1125, 9, 8, 9, 8, 9, 8),
(10710, 1126, 10, 10, 9, 10, 9, 9),
(10711, 1126, 9, 10, 10, 9, 10, 9),
(10712, 1126, 10, 10, 9, 10, 9, 10),
(10713, 1126, 10, 9, 10, 10, 9, 10),
(10714, 1126, 10, 10, 10, 10, 9, 10),
(10715, 1127, 9, 8, 8, 9, 8, 8),
(10716, 1127, 8, 9, 8, 8, 9, 8),
(10717, 1127, 9, 8, 9, 8, 8, 9),
(10718, 1127, 8, 9, 8, 9, 8, 8),
(10719, 1127, 9, 8, 9, 8, 9, 8),
(10720, 1128, 9, 9, 9, 8, 9, 8),
(10721, 1128, 8, 9, 9, 9, 8, 9),
(10722, 1128, 9, 8, 9, 9, 8, 9),
(10723, 1128, 8, 9, 8, 9, 8, 8),
(10724, 1128, 9, 8, 9, 8, 9, 9),
(10725, 1129, 10, 10, 9, 10, 9, 9),
(10726, 1129, 9, 10, 10, 9, 10, 9),
(10727, 1129, 10, 10, 9, 10, 9, 10),
(10728, 1129, 10, 9, 10, 10, 9, 10),
(10729, 1129, 10, 10, 10, 10, 9, 10),
(10730, 1130, 9, 9, 8, 9, 8, 8),
(10731, 1130, 8, 9, 9, 8, 9, 8),
(10732, 1130, 9, 8, 9, 8, 8, 9),
(10733, 1130, 8, 9, 8, 8, 8, 8),
(10734, 1130, 9, 8, 9, 8, 9, 8),
(10735, 1131, 9, 9, 9, 9, 9, 9),
(10736, 1131, 9, 9, 9, 9, 9, 9),
(10737, 1131, 10, 9, 9, 9, 9, 9),
(10738, 1131, 9, 10, 9, 9, 9, 9),
(10739, 1131, 10, 9, 10, 9, 9, 10),
(10740, 1132, 10, 10, 9, 10, 9, 9),
(10741, 1132, 9, 10, 10, 9, 10, 9),
(10742, 1132, 10, 10, 9, 10, 9, 10),
(10743, 1132, 10, 9, 10, 10, 9, 10),
(10744, 1132, 10, 10, 10, 10, 9, 10),
(10745, 1133, 9, 9, 8, 9, 8, 8),
(10746, 1133, 8, 9, 9, 8, 9, 8),
(10747, 1133, 9, 8, 9, 9, 8, 9),
(10748, 1133, 8, 9, 8, 9, 8, 8),
(10749, 1133, 9, 8, 9, 8, 9, 9),
(10750, 1133, 8, 9, 8, 8, 9, 8),
(10751, 1133, 9, 9, 8, 9, 8, 8),
(10752, 1133, 8, 9, 9, 8, 9, 8),
(10753, 1133, 9, 8, 9, 9, 8, 9),
(10754, 1133, 8, 9, 8, 9, 8, 8),
(10755, 1133, 9, 8, 9, 8, 9, 9),
(10756, 1133, 8, 9, 8, 8, 9, 8),
(10757, 1134, 8, 9, 8, 8, 8, 8),
(10758, 1134, 8, 8, 8, 8, 8, 8),
(10759, 1134, 9, 8, 8, 9, 8, 8),
(10760, 1134, 8, 9, 8, 8, 9, 8),
(10761, 1134, 9, 8, 9, 8, 8, 9),
(10762, 1134, 8, 9, 8, 8, 8, 8),
(10763, 1134, 9, 8, 8, 9, 8, 8),
(10764, 1134, 8, 9, 8, 8, 9, 8),
(10765, 1134, 9, 8, 9, 8, 8, 9),
(10766, 1134, 8, 9, 8, 9, 8, 8),
(10767, 1134, 9, 8, 9, 8, 9, 8),
(10768, 1134, 8, 9, 8, 8, 8, 8),
(10769, 1135, 8, 8, 8, 8, 8, 8),
(10770, 1135, 8, 9, 8, 8, 8, 8),
(10771, 1135, 8, 8, 8, 8, 8, 8),
(10772, 1135, 8, 9, 8, 8, 8, 8),
(10773, 1135, 8, 8, 8, 8, 8, 8),
(10774, 1136, 9, 9, 8, 9, 8, 8),
(10775, 1136, 8, 9, 9, 8, 9, 8),
(10776, 1136, 9, 8, 9, 8, 8, 9),
(10777, 1136, 8, 9, 8, 8, 8, 8),
(10778, 1136, 9, 8, 9, 8, 9, 8),
(10779, 1137, 9, 9, 9, 9, 9, 9),
(10780, 1137, 9, 9, 9, 9, 9, 9),
(10781, 1137, 10, 9, 9, 9, 9, 9),
(10782, 1137, 9, 10, 9, 9, 9, 9),
(10783, 1137, 10, 9, 10, 9, 9, 10),
(10784, 1138, 10, 10, 9, 10, 9, 9),
(10785, 1138, 9, 10, 10, 9, 10, 9),
(10786, 1138, 10, 10, 9, 10, 9, 10),
(10787, 1138, 10, 9, 10, 10, 9, 10),
(10788, 1138, 10, 10, 10, 9, 10, 10),
(10789, 1139, 8, 9, 8, 8, 8, 8),
(10790, 1139, 8, 8, 8, 8, 8, 8),
(10791, 1139, 9, 8, 8, 9, 8, 8),
(10792, 1139, 8, 9, 8, 8, 9, 8),
(10793, 1139, 9, 8, 9, 8, 8, 9),
(10794, 1140, 9, 9, 8, 9, 8, 8),
(10795, 1140, 8, 9, 9, 8, 9, 8),
(10796, 1140, 9, 8, 9, 9, 8, 9),
(10797, 1140, 8, 9, 8, 9, 8, 8),
(10798, 1140, 9, 8, 9, 8, 9, 8),
(10799, 1141, 9, 9, 9, 9, 9, 9),
(10800, 1141, 9, 9, 9, 9, 9, 9),
(10801, 1141, 10, 9, 9, 9, 9, 9),
(10802, 1141, 9, 10, 9, 9, 9, 9),
(10803, 1141, 10, 9, 10, 9, 9, 10),
(10804, 1142, 10, 10, 9, 10, 9, 9),
(10805, 1142, 9, 10, 10, 9, 10, 9),
(10806, 1142, 10, 10, 9, 10, 9, 10),
(10807, 1142, 10, 9, 10, 10, 9, 10),
(10808, 1142, 10, 10, 10, 9, 10, 10),
(10809, 1143, 10, 9, 9, 10, 9, 9),
(10810, 1143, 9, 10, 9, 9, 10, 9),
(10811, 1143, 10, 9, 10, 9, 9, 10),
(10812, 1143, 9, 10, 9, 10, 9, 9),
(10813, 1143, 10, 10, 9, 10, 9, 10),
(10814, 1143, 9, 9, 9, 9, 9, 9),
(10815, 1143, 9, 9, 9, 9, 9, 9),
(10816, 1143, 10, 9, 9, 9, 9, 9),
(10817, 1143, 9, 10, 9, 9, 9, 9),
(10818, 1143, 10, 9, 10, 9, 9, 10),
(10819, 1143, 10, 10, 9, 10, 9, 9),
(10820, 1143, 9, 10, 10, 9, 10, 9),
(10821, 1143, 10, 10, 9, 10, 9, 10),
(10822, 1143, 10, 9, 10, 10, 9, 10),
(10823, 1143, 10, 10, 10, 10, 9, 10),
(10824, 1144, 8, 8, 8, 8, 8, 8),
(10825, 1144, 8, 9, 8, 8, 8, 8),
(10826, 1144, 8, 8, 8, 8, 8, 8),
(10827, 1144, 8, 9, 8, 8, 8, 8),
(10828, 1144, 8, 8, 8, 8, 8, 8),
(10829, 1145, 9, 9, 8, 9, 8, 8),
(10830, 1145, 8, 9, 9, 8, 9, 8),
(10831, 1145, 9, 8, 9, 8, 8, 9),
(10832, 1145, 8, 9, 8, 8, 8, 8),
(10833, 1145, 9, 8, 9, 8, 9, 8),
(10834, 1146, 9, 9, 9, 9, 9, 9),
(10835, 1146, 9, 9, 9, 9, 9, 9),
(10836, 1146, 10, 9, 9, 9, 9, 9),
(10837, 1146, 9, 10, 9, 9, 9, 9),
(10838, 1146, 10, 9, 10, 9, 9, 10),
(10839, 1147, 10, 10, 9, 10, 9, 9),
(10840, 1147, 9, 10, 10, 9, 10, 9),
(10841, 1147, 10, 10, 9, 10, 9, 10),
(10842, 1147, 10, 9, 10, 10, 9, 10),
(10843, 1147, 10, 10, 10, 9, 10, 10),
(10844, 1148, 8, 8, 7, 8, 8, 7),
(10845, 1148, 7, 8, 8, 7, 8, 8),
(10846, 1148, 8, 8, 8, 8, 8, 8),
(10847, 1148, 8, 8, 7, 8, 8, 8),
(10848, 1148, 8, 8, 7, 8, 8, 8),
(10849, 1149, 9, 9, 8, 9, 8, 8),
(10850, 1149, 8, 9, 9, 8, 9, 8),
(10851, 1149, 9, 8, 9, 8, 8, 9),
(10852, 1149, 8, 9, 8, 8, 8, 8),
(10853, 1149, 9, 8, 9, 8, 9, 8),
(10854, 1150, 9, 9, 9, 9, 9, 9),
(10855, 1150, 9, 9, 9, 9, 9, 9),
(10856, 1150, 10, 9, 9, 9, 9, 9),
(10857, 1150, 9, 10, 9, 9, 9, 9),
(10858, 1150, 10, 9, 10, 9, 9, 10),
(10859, 1151, 10, 10, 9, 10, 9, 9),
(10860, 1151, 9, 10, 10, 9, 10, 9),
(10861, 1151, 10, 10, 9, 10, 9, 10),
(10862, 1151, 10, 9, 10, 10, 9, 10),
(10863, 1151, 10, 10, 10, 9, 10, 10),
(10864, 1152, 8, 8, 7, 8, 8, 7),
(10865, 1152, 7, 8, 8, 7, 8, 8),
(10866, 1152, 8, 8, 8, 8, 8, 8),
(10867, 1152, 8, 8, 7, 8, 8, 8),
(10868, 1152, 8, 8, 7, 8, 8, 8),
(10869, 1153, 9, 9, 8, 9, 8, 8),
(10870, 1153, 8, 9, 9, 8, 9, 8),
(10871, 1153, 9, 8, 9, 8, 8, 9),
(10872, 1153, 8, 9, 8, 8, 8, 8),
(10873, 1153, 9, 8, 9, 8, 9, 8),
(10874, 1154, 9, 9, 9, 9, 9, 9),
(10875, 1154, 9, 9, 9, 9, 9, 9),
(10876, 1154, 10, 9, 9, 9, 9, 9),
(10877, 1154, 9, 10, 9, 9, 9, 9),
(10878, 1154, 10, 9, 10, 9, 9, 10),
(10879, 1155, 10, 10, 9, 10, 9, 9),
(10880, 1155, 9, 10, 10, 9, 10, 9),
(10881, 1155, 10, 10, 9, 10, 9, 10),
(10882, 1155, 10, 9, 10, 10, 9, 10),
(10883, 1155, 10, 10, 10, 9, 10, 10),
(10884, 1156, 9, 9, 8, 9, 8, 8),
(10885, 1156, 8, 9, 9, 8, 9, 8),
(10886, 1156, 9, 8, 9, 9, 8, 9),
(10887, 1156, 8, 9, 8, 9, 8, 8),
(10888, 1156, 9, 8, 9, 8, 9, 9),
(10889, 1156, 8, 9, 8, 8, 9, 8),
(10890, 1157, 9, 9, 9, 9, 9, 9),
(10891, 1157, 9, 9, 9, 9, 9, 9),
(10892, 1157, 10, 9, 9, 9, 9, 9),
(10893, 1157, 9, 10, 9, 9, 9, 9),
(10894, 1157, 10, 9, 10, 9, 9, 10),
(10895, 1157, 9, 10, 9, 9, 10, 9),
(10896, 1158, 10, 10, 9, 10, 9, 9),
(10897, 1158, 9, 10, 10, 9, 10, 9),
(10898, 1158, 10, 10, 9, 10, 9, 10),
(10899, 1158, 10, 9, 10, 10, 9, 10),
(10900, 1158, 10, 10, 10, 9, 10, 10),
(10901, 1158, 9, 10, 9, 10, 9, 9),
(10902, 1159, 10, 10, 9, 10, 9, 9),
(10903, 1159, 9, 10, 10, 9, 10, 9),
(10904, 1159, 10, 10, 9, 10, 9, 10),
(10905, 1159, 10, 9, 10, 10, 9, 10),
(10906, 1159, 10, 10, 10, 9, 10, 10),
(10907, 1159, 9, 10, 9, 10, 9, 9),
(10908, 1160, 9, 9, 8, 9, 8, 8),
(10909, 1160, 8, 9, 9, 8, 9, 8),
(10910, 1160, 9, 8, 9, 9, 8, 9),
(10911, 1160, 8, 9, 8, 9, 8, 8),
(10912, 1160, 9, 8, 9, 8, 9, 9),
(10913, 1160, 8, 9, 8, 8, 9, 8),
(10914, 1161, 9, 9, 9, 9, 9, 9),
(10915, 1161, 9, 9, 9, 9, 9, 9),
(10916, 1161, 10, 9, 9, 9, 9, 9),
(10917, 1161, 9, 10, 9, 9, 9, 9),
(10918, 1161, 10, 9, 10, 9, 9, 10),
(10919, 1161, 9, 10, 9, 9, 10, 9),
(10920, 1162, 10, 10, 9, 10, 9, 9),
(10921, 1162, 9, 10, 10, 9, 10, 9),
(10922, 1162, 10, 10, 9, 10, 9, 10),
(10923, 1162, 10, 9, 10, 10, 9, 10),
(10924, 1162, 10, 10, 10, 9, 10, 10),
(10925, 1162, 9, 10, 9, 10, 9, 9),
(10926, 1163, 10, 10, 9, 10, 9, 9),
(10927, 1163, 9, 10, 10, 9, 10, 9),
(10928, 1163, 10, 10, 9, 10, 9, 10),
(10929, 1163, 10, 9, 10, 10, 9, 10),
(10930, 1163, 10, 10, 10, 9, 10, 10),
(10931, 1163, 9, 10, 9, 10, 9, 9),
(10932, 1164, 8, 8, 7, 8, 8, 7),
(10933, 1164, 7, 8, 8, 7, 8, 8),
(10934, 1164, 8, 8, 8, 8, 8, 8),
(10935, 1164, 8, 8, 7, 8, 8, 8),
(10936, 1164, 8, 8, 7, 8, 8, 8),
(10937, 1164, 8, 8, 8, 7, 8, 8),
(10938, 1165, 9, 9, 8, 9, 8, 8),
(10939, 1165, 8, 9, 9, 8, 9, 8),
(10940, 1165, 9, 8, 9, 9, 8, 9),
(10941, 1165, 8, 9, 8, 9, 8, 8),
(10942, 1165, 9, 8, 9, 8, 9, 9),
(10943, 1165, 8, 9, 8, 8, 9, 8),
(10944, 1166, 8, 8, 8, 8, 8, 8),
(10945, 1166, 8, 9, 8, 8, 8, 8),
(10946, 1166, 8, 8, 8, 8, 8, 8),
(10947, 1166, 8, 9, 8, 8, 8, 8),
(10948, 1166, 8, 8, 8, 8, 8, 8),
(10949, 1166, 8, 9, 8, 8, 8, 8),
(10950, 1167, 9, 9, 8, 9, 8, 8),
(10951, 1167, 8, 9, 9, 8, 9, 8),
(10952, 1167, 9, 8, 9, 9, 8, 9),
(10953, 1167, 8, 9, 8, 9, 8, 8),
(10954, 1167, 9, 8, 9, 8, 9, 9),
(10955, 1167, 8, 9, 8, 8, 9, 8),
(10956, 1168, 9, 9, 8, 9, 8, 8),
(10957, 1168, 8, 9, 9, 8, 9, 8),
(10958, 1168, 9, 8, 9, 9, 8, 9),
(10959, 1168, 8, 9, 8, 9, 8, 8),
(10960, 1168, 9, 8, 9, 8, 9, 9),
(10961, 1168, 8, 9, 8, 8, 9, 8),
(10962, 1169, 9, 9, 9, 9, 9, 9),
(10963, 1169, 9, 9, 9, 9, 9, 9),
(10964, 1169, 10, 9, 9, 9, 9, 9),
(10965, 1169, 9, 10, 9, 9, 9, 9),
(10966, 1169, 10, 9, 10, 9, 9, 10),
(10967, 1169, 9, 10, 9, 9, 10, 9),
(10968, 1170, 9, 9, 8, 9, 8, 8),
(10969, 1170, 8, 9, 9, 8, 9, 8),
(10970, 1170, 9, 8, 9, 9, 8, 9),
(10971, 1170, 8, 9, 8, 9, 8, 8),
(10972, 1170, 9, 8, 9, 8, 9, 9),
(10973, 1170, 8, 9, 8, 8, 9, 8),
(10974, 1171, 9, 9, 9, 9, 9, 9),
(10975, 1171, 9, 9, 9, 9, 9, 9),
(10976, 1171, 10, 9, 9, 9, 9, 9),
(10977, 1171, 9, 10, 9, 9, 9, 9),
(10978, 1171, 10, 9, 10, 9, 9, 10),
(10979, 1171, 9, 10, 9, 9, 10, 9),
(10980, 1172, 9, 9, 8, 9, 8, 8),
(10981, 1172, 8, 9, 9, 8, 9, 8),
(10982, 1172, 9, 8, 9, 9, 8, 9),
(10983, 1172, 8, 9, 8, 9, 8, 8),
(10984, 1172, 9, 8, 9, 8, 9, 9),
(10985, 1172, 8, 9, 8, 8, 9, 8),
(10986, 1172, 9, 9, 8, 9, 8, 8),
(10987, 1172, 8, 9, 9, 8, 9, 8),
(10988, 1172, 9, 8, 9, 9, 8, 9),
(10989, 1172, 8, 9, 8, 9, 8, 8),
(10990, 1172, 9, 8, 9, 8, 9, 9),
(10991, 1172, 8, 9, 8, 8, 9, 8),
(10992, 1172, 9, 9, 8, 9, 8, 8),
(10993, 1172, 8, 9, 9, 8, 9, 8),
(10994, 1172, 9, 8, 9, 9, 8, 9),
(10995, 1173, 8, 8, 7, 8, 8, 7),
(10996, 1173, 7, 8, 8, 7, 8, 8),
(10997, 1173, 8, 8, 8, 8, 8, 8),
(10998, 1173, 8, 8, 7, 8, 8, 8),
(10999, 1173, 8, 8, 7, 8, 8, 8),
(11000, 1173, 8, 8, 8, 7, 8, 8),
(11001, 1174, 9, 9, 8, 9, 8, 8),
(11002, 1174, 8, 9, 9, 8, 9, 8),
(11003, 1174, 9, 8, 9, 8, 8, 9),
(11004, 1174, 8, 9, 8, 8, 8, 8),
(11005, 1174, 9, 8, 9, 8, 9, 8),
(11006, 1174, 8, 9, 8, 8, 9, 8),
(11007, 1175, 9, 9, 9, 9, 9, 9),
(11008, 1175, 9, 9, 9, 9, 9, 9),
(11009, 1175, 10, 9, 9, 9, 9, 9),
(11010, 1175, 9, 10, 9, 9, 9, 9),
(11011, 1175, 10, 9, 10, 9, 9, 10),
(11012, 1175, 9, 10, 9, 9, 10, 9),
(11013, 1176, 10, 10, 9, 10, 9, 9),
(11014, 1176, 9, 10, 10, 9, 10, 9),
(11015, 1176, 10, 10, 9, 10, 9, 10),
(11016, 1176, 10, 9, 10, 10, 9, 10),
(11017, 1176, 10, 10, 10, 9, 10, 10),
(11018, 1176, 10, 10, 9, 10, 9, 10),
(11019, 1177, 9, 9, 8, 9, 8, 8),
(11020, 1177, 8, 9, 9, 8, 9, 8),
(11021, 1177, 9, 8, 9, 9, 8, 9),
(11022, 1177, 8, 9, 8, 9, 8, 8),
(11023, 1177, 9, 8, 9, 8, 9, 9),
(11024, 1177, 8, 9, 8, 8, 9, 8),
(11025, 1178, 9, 9, 9, 9, 9, 9),
(11026, 1178, 9, 9, 9, 9, 9, 9),
(11027, 1178, 10, 9, 9, 9, 9, 9),
(11028, 1178, 9, 10, 9, 9, 9, 9),
(11029, 1178, 10, 9, 10, 9, 9, 10),
(11030, 1178, 9, 10, 9, 9, 10, 9),
(11031, 1179, 10, 10, 9, 10, 9, 9),
(11032, 1179, 9, 10, 10, 9, 10, 9),
(11033, 1179, 10, 10, 9, 10, 9, 10),
(11034, 1179, 10, 9, 10, 10, 9, 10),
(11035, 1179, 10, 10, 10, 9, 10, 10),
(11036, 1179, 9, 10, 9, 10, 9, 9),
(11037, 1180, 10, 10, 9, 10, 9, 9),
(11038, 1180, 9, 10, 10, 9, 10, 9),
(11039, 1180, 10, 10, 9, 10, 9, 10),
(11040, 1180, 10, 9, 10, 10, 9, 10),
(11041, 1180, 10, 10, 10, 9, 10, 10),
(11042, 1180, 9, 10, 9, 10, 9, 9),
(11043, 1181, 9, 9, 9, 8, 9, 8),
(11044, 1181, 8, 9, 9, 9, 8, 9),
(11045, 1181, 9, 8, 9, 9, 8, 9),
(11046, 1181, 8, 9, 8, 9, 8, 8),
(11047, 1181, 9, 8, 9, 8, 9, 9),
(11048, 1182, 9, 9, 9, 9, 9, 9),
(11049, 1182, 9, 9, 9, 9, 9, 9),
(11050, 1182, 10, 9, 9, 9, 9, 9),
(11051, 1182, 9, 10, 9, 9, 9, 9),
(11052, 1182, 10, 9, 10, 9, 9, 10),
(11053, 1183, 10, 10, 9, 10, 9, 9),
(11054, 1183, 9, 10, 10, 9, 10, 9),
(11055, 1183, 10, 10, 9, 10, 9, 10),
(11056, 1183, 10, 9, 10, 10, 9, 10),
(11057, 1183, 10, 10, 10, 9, 10, 10),
(11058, 1184, 9, 9, 8, 9, 8, 8),
(11059, 1184, 8, 9, 9, 8, 9, 8),
(11060, 1184, 9, 8, 9, 9, 8, 9),
(11061, 1184, 8, 9, 8, 9, 8, 8),
(11062, 1184, 9, 8, 9, 8, 9, 9),
(11063, 1184, 8, 9, 8, 8, 9, 8),
(11064, 1184, 9, 9, 8, 9, 8, 8),
(11065, 1184, 8, 9, 9, 8, 9, 8),
(11066, 1184, 9, 8, 9, 9, 8, 9),
(11067, 1184, 8, 9, 8, 9, 8, 8),
(11068, 1184, 9, 8, 9, 8, 9, 9),
(11069, 1184, 8, 9, 8, 8, 9, 8),
(11070, 1184, 9, 9, 8, 9, 8, 8),
(11071, 1184, 8, 9, 9, 8, 9, 8),
(11072, 1184, 9, 8, 9, 9, 8, 9),
(11073, 1185, 8, 9, 8, 8, 8, 8),
(11074, 1185, 8, 8, 8, 8, 8, 8),
(11075, 1185, 9, 8, 8, 9, 8, 8),
(11076, 1185, 8, 9, 8, 8, 9, 8),
(11077, 1185, 9, 8, 9, 8, 8, 9),
(11078, 1185, 8, 9, 8, 8, 8, 8),
(11079, 1185, 9, 8, 8, 9, 8, 8),
(11080, 1185, 8, 9, 8, 8, 9, 8),
(11081, 1185, 9, 8, 9, 8, 8, 9),
(11082, 1185, 8, 9, 8, 9, 8, 8),
(11083, 1185, 9, 8, 9, 8, 9, 8),
(11084, 1185, 8, 9, 8, 8, 8, 8),
(11085, 1185, 9, 8, 8, 9, 8, 8),
(11086, 1185, 8, 9, 8, 8, 9, 8),
(11087, 1185, 9, 8, 9, 8, 8, 9),
(11088, 1186, 9, 9, 8, 9, 8, 8),
(11089, 1186, 8, 9, 9, 8, 9, 8),
(11090, 1186, 9, 8, 9, 9, 8, 9),
(11091, 1186, 8, 9, 8, 9, 8, 8),
(11092, 1186, 9, 8, 9, 8, 9, 9),
(11093, 1186, 8, 9, 8, 8, 9, 8),
(11094, 1186, 9, 9, 8, 9, 8, 8),
(11095, 1186, 8, 9, 9, 8, 9, 8),
(11096, 1186, 9, 8, 9, 9, 8, 9),
(11097, 1186, 8, 9, 8, 9, 8, 8),
(11098, 1186, 9, 8, 9, 8, 9, 9),
(11099, 1186, 8, 9, 8, 8, 9, 8),
(11100, 1186, 9, 9, 8, 9, 8, 8),
(11101, 1186, 8, 9, 9, 8, 9, 8),
(11102, 1186, 9, 8, 9, 9, 8, 9),
(11103, 1187, 9, 9, 8, 9, 8, 8),
(11104, 1187, 8, 9, 9, 8, 9, 8),
(11105, 1187, 9, 8, 9, 9, 8, 9),
(11106, 1187, 8, 9, 8, 9, 8, 8),
(11107, 1187, 9, 8, 9, 8, 9, 9),
(11108, 1187, 8, 9, 8, 8, 9, 8),
(11109, 1187, 9, 9, 8, 9, 8, 8),
(11110, 1187, 8, 9, 9, 8, 9, 8),
(11111, 1187, 9, 8, 9, 9, 8, 9),
(11112, 1187, 8, 9, 8, 9, 8, 8),
(11113, 1187, 9, 8, 9, 8, 9, 9),
(11114, 1187, 8, 9, 8, 8, 9, 8),
(11115, 1187, 9, 9, 8, 9, 8, 8),
(11116, 1187, 8, 9, 9, 8, 9, 8),
(11117, 1187, 9, 8, 9, 9, 8, 9),
(11118, 1188, 10, 9, 9, 10, 9, 9),
(11119, 1188, 9, 10, 9, 9, 10, 9),
(11120, 1188, 10, 9, 10, 9, 9, 10),
(11121, 1188, 9, 10, 9, 10, 9, 9),
(11122, 1188, 10, 10, 9, 10, 9, 10),
(11123, 1188, 9, 9, 9, 9, 9, 9),
(11124, 1188, 9, 9, 9, 9, 9, 9),
(11125, 1188, 10, 9, 9, 9, 9, 9),
(11126, 1188, 9, 10, 9, 9, 9, 9),
(11127, 1188, 10, 9, 10, 9, 9, 10),
(11128, 1188, 10, 10, 9, 10, 9, 9),
(11129, 1188, 9, 10, 10, 9, 10, 9),
(11130, 1188, 10, 10, 9, 10, 9, 10),
(11131, 1188, 10, 9, 10, 10, 9, 10),
(11132, 1188, 10, 10, 10, 10, 9, 10),
(11133, 1189, 10, 9, 9, 10, 9, 9),
(11134, 1189, 9, 10, 9, 9, 10, 9),
(11135, 1189, 10, 9, 10, 9, 9, 10),
(11136, 1189, 9, 10, 9, 10, 9, 9),
(11137, 1189, 10, 10, 9, 10, 9, 10),
(11138, 1189, 9, 9, 9, 9, 9, 9),
(11139, 1189, 9, 9, 9, 9, 9, 9),
(11140, 1189, 10, 9, 9, 9, 9, 9),
(11141, 1189, 9, 10, 9, 9, 9, 9),
(11142, 1189, 10, 9, 10, 9, 9, 10),
(11143, 1189, 10, 10, 9, 10, 9, 9),
(11144, 1189, 9, 10, 10, 9, 10, 9),
(11145, 1189, 10, 10, 9, 10, 9, 10),
(11146, 1189, 10, 9, 10, 10, 9, 10),
(11147, 1189, 10, 10, 10, 10, 9, 10),
(11148, 1190, 9, 9, 8, 9, 8, 8),
(11149, 1190, 8, 9, 9, 8, 9, 8),
(11150, 1190, 9, 8, 9, 9, 8, 9),
(11151, 1190, 8, 9, 8, 9, 8, 8),
(11152, 1190, 9, 8, 9, 8, 9, 9),
(11153, 1190, 8, 9, 8, 8, 9, 8),
(11154, 1190, 9, 9, 8, 9, 8, 8),
(11155, 1190, 8, 9, 9, 8, 9, 8),
(11156, 1190, 9, 8, 9, 9, 8, 9),
(11157, 1190, 8, 9, 8, 9, 8, 8),
(11158, 1190, 9, 8, 9, 8, 9, 9),
(11159, 1190, 8, 9, 8, 8, 9, 8),
(11160, 1191, 10, 10, 9, 10, 9, 9),
(11161, 1191, 9, 10, 10, 9, 10, 9),
(11162, 1191, 10, 10, 9, 10, 9, 10),
(11163, 1191, 10, 9, 10, 10, 9, 10),
(11164, 1191, 10, 10, 10, 9, 10, 10),
(11165, 1191, 9, 10, 9, 10, 9, 9),
(11166, 1191, 10, 9, 9, 10, 9, 9),
(11167, 1191, 9, 10, 9, 9, 10, 9),
(11168, 1191, 10, 9, 10, 9, 9, 10),
(11169, 1191, 9, 10, 9, 10, 9, 9),
(11170, 1191, 10, 10, 9, 10, 9, 10),
(11171, 1191, 10, 9, 10, 10, 9, 10),
(11172, 1192, 10, 10, 9, 10, 9, 9),
(11173, 1192, 9, 10, 10, 9, 10, 9),
(11174, 1192, 10, 10, 9, 10, 9, 10),
(11175, 1192, 10, 9, 10, 10, 9, 10),
(11176, 1192, 10, 10, 10, 9, 10, 10),
(11177, 1192, 9, 10, 9, 10, 9, 9),
(11178, 1192, 10, 9, 9, 10, 9, 9),
(11179, 1192, 9, 10, 9, 9, 10, 9),
(11180, 1192, 10, 9, 10, 9, 9, 10),
(11181, 1192, 9, 10, 9, 10, 9, 9),
(11182, 1192, 10, 10, 9, 10, 9, 10),
(11183, 1192, 10, 9, 10, 10, 9, 10),
(11184, 1193, 9, 9, 9, 9, 9, 9),
(11185, 1193, 9, 9, 9, 9, 9, 9),
(11186, 1193, 10, 9, 9, 9, 9, 9),
(11187, 1193, 9, 10, 9, 9, 9, 9),
(11188, 1193, 10, 9, 10, 9, 9, 10),
(11189, 1193, 9, 10, 9, 9, 10, 9),
(11190, 1193, 9, 9, 8, 9, 8, 8),
(11191, 1193, 8, 9, 9, 8, 9, 8),
(11192, 1193, 9, 8, 9, 9, 8, 9),
(11193, 1193, 8, 9, 8, 9, 8, 8),
(11194, 1193, 9, 8, 9, 8, 9, 9),
(11195, 1193, 8, 9, 8, 8, 9, 8),
(11196, 1194, 9, 9, 9, 9, 9, 9),
(11197, 1194, 9, 9, 9, 9, 9, 9),
(11198, 1194, 10, 9, 9, 9, 9, 9),
(11199, 1194, 9, 10, 9, 9, 9, 9),
(11200, 1194, 10, 9, 10, 9, 9, 10),
(11201, 1194, 9, 10, 9, 9, 10, 9),
(11202, 1194, 9, 9, 8, 9, 8, 8),
(11203, 1194, 8, 9, 9, 8, 9, 8),
(11204, 1194, 9, 8, 9, 9, 8, 9),
(11205, 1194, 8, 9, 8, 9, 8, 8),
(11206, 1194, 9, 8, 9, 8, 9, 9),
(11207, 1194, 8, 9, 8, 8, 9, 8),
(11208, 1195, 9, 9, 8, 9, 8, 8),
(11209, 1195, 8, 9, 9, 8, 9, 8),
(11210, 1195, 9, 8, 9, 9, 8, 9),
(11211, 1195, 8, 9, 8, 9, 8, 8),
(11212, 1195, 9, 8, 9, 8, 9, 9),
(11213, 1195, 8, 9, 8, 8, 9, 8),
(11214, 1195, 9, 9, 8, 9, 8, 8),
(11215, 1195, 8, 9, 9, 8, 9, 8),
(11216, 1195, 9, 8, 9, 9, 8, 9),
(11217, 1195, 8, 9, 8, 9, 8, 8),
(11218, 1195, 9, 8, 9, 8, 9, 9),
(11219, 1195, 8, 9, 8, 8, 9, 8),
(11220, 1196, 9, 9, 8, 9, 8, 8),
(11221, 1196, 8, 9, 9, 8, 9, 8),
(11222, 1196, 9, 8, 9, 9, 8, 9),
(11223, 1196, 8, 9, 8, 9, 8, 8),
(11224, 1196, 9, 8, 9, 8, 9, 8),
(11225, 1196, 8, 9, 8, 8, 9, 8),
(11226, 1196, 9, 8, 8, 9, 8, 8),
(11227, 1196, 8, 9, 8, 8, 9, 8),
(11228, 1196, 9, 8, 9, 8, 8, 9),
(11229, 1196, 8, 9, 8, 8, 8, 8),
(11230, 1196, 9, 8, 9, 8, 9, 8),
(11231, 1196, 8, 9, 8, 8, 8, 8),
(11232, 1197, 8, 9, 8, 8, 8, 8),
(11233, 1197, 8, 8, 8, 8, 8, 8),
(11234, 1197, 9, 8, 8, 9, 8, 8),
(11235, 1197, 8, 9, 8, 8, 9, 8),
(11236, 1197, 9, 8, 9, 8, 8, 9),
(11237, 1197, 8, 9, 8, 8, 8, 8),
(11238, 1197, 9, 8, 8, 9, 8, 8),
(11239, 1197, 8, 9, 8, 8, 9, 8),
(11240, 1197, 9, 8, 9, 8, 8, 9),
(11241, 1197, 8, 9, 8, 8, 8, 8),
(11242, 1197, 9, 8, 9, 8, 8, 9),
(11243, 1197, 8, 9, 8, 8, 8, 8),
(11244, 1198, 8, 9, 8, 8, 8, 8),
(11245, 1198, 8, 8, 8, 8, 8, 8),
(11246, 1198, 9, 8, 8, 9, 8, 8),
(11247, 1198, 8, 9, 8, 8, 9, 8),
(11248, 1198, 9, 8, 9, 8, 8, 9),
(11249, 1198, 8, 9, 8, 8, 8, 8),
(11250, 1198, 9, 8, 8, 9, 8, 8),
(11251, 1198, 8, 9, 8, 8, 9, 8),
(11252, 1198, 9, 8, 9, 8, 8, 9),
(11253, 1198, 8, 9, 8, 8, 8, 8),
(11254, 1198, 9, 8, 9, 8, 8, 9),
(11255, 1198, 8, 9, 8, 8, 8, 8),
(11256, 1199, 9, 9, 9, 9, 9, 9),
(11257, 1199, 9, 9, 9, 9, 9, 9),
(11258, 1199, 10, 9, 9, 9, 9, 9),
(11259, 1199, 9, 10, 9, 9, 9, 9),
(11260, 1199, 10, 9, 10, 9, 9, 10),
(11261, 1199, 9, 10, 9, 9, 10, 9),
(11262, 1199, 9, 9, 8, 9, 8, 8),
(11263, 1199, 8, 9, 9, 8, 9, 8),
(11264, 1199, 9, 8, 9, 9, 8, 9),
(11265, 1199, 8, 9, 8, 9, 8, 8),
(11266, 1199, 9, 8, 9, 8, 9, 9),
(11267, 1199, 8, 9, 8, 8, 9, 8),
(11268, 1200, 9, 9, 8, 9, 8, 8),
(11269, 1200, 8, 9, 9, 8, 9, 8),
(11270, 1200, 9, 8, 9, 9, 8, 9),
(11271, 1200, 8, 9, 8, 9, 8, 8),
(11272, 1200, 9, 8, 9, 8, 9, 9),
(11273, 1200, 8, 9, 8, 8, 9, 8),
(11274, 1200, 9, 9, 8, 9, 8, 8),
(11275, 1200, 8, 9, 9, 8, 9, 8),
(11276, 1200, 9, 8, 9, 9, 8, 9),
(11277, 1200, 8, 9, 8, 9, 8, 8),
(11278, 1200, 9, 8, 9, 8, 9, 9),
(11279, 1200, 8, 9, 8, 8, 9, 8),
(11280, 1201, 10, 10, 9, 10, 9, 9),
(11281, 1201, 9, 10, 10, 9, 10, 9),
(11282, 1201, 10, 10, 9, 10, 9, 10),
(11283, 1201, 10, 9, 10, 10, 9, 10),
(11284, 1201, 10, 10, 10, 9, 10, 10),
(11285, 1201, 9, 10, 9, 10, 9, 9),
(11286, 1201, 10, 9, 9, 10, 9, 9),
(11287, 1201, 9, 10, 9, 9, 10, 9),
(11288, 1201, 10, 9, 10, 9, 9, 10),
(11289, 1201, 9, 10, 9, 10, 9, 9),
(11290, 1201, 10, 10, 9, 10, 9, 10),
(11291, 1201, 10, 9, 10, 10, 9, 10),
(11292, 1202, 10, 10, 9, 10, 9, 9),
(11293, 1202, 9, 10, 10, 9, 10, 9),
(11294, 1202, 10, 10, 9, 10, 9, 10),
(11295, 1202, 10, 9, 10, 10, 9, 10),
(11296, 1202, 10, 10, 10, 9, 10, 10),
(11297, 1202, 9, 10, 9, 10, 9, 9),
(11298, 1202, 10, 9, 9, 10, 9, 9),
(11299, 1202, 9, 10, 9, 9, 10, 9),
(11300, 1202, 10, 9, 10, 9, 9, 10),
(11301, 1202, 9, 10, 9, 10, 9, 9),
(11302, 1202, 10, 10, 9, 10, 9, 10),
(11303, 1202, 10, 9, 10, 10, 9, 10),
(11304, 1203, 9, 9, 9, 9, 9, 9),
(11305, 1203, 9, 9, 9, 9, 9, 9),
(11306, 1203, 10, 9, 9, 9, 9, 9),
(11307, 1203, 9, 10, 9, 9, 9, 9),
(11308, 1203, 10, 9, 10, 9, 9, 10),
(11309, 1203, 9, 10, 9, 9, 10, 9),
(11310, 1203, 9, 9, 8, 9, 8, 8),
(11311, 1203, 8, 9, 9, 8, 9, 8),
(11312, 1203, 9, 8, 9, 9, 8, 9),
(11313, 1203, 8, 9, 8, 9, 8, 8),
(11314, 1203, 9, 8, 9, 8, 9, 9),
(11315, 1203, 8, 9, 8, 8, 9, 8),
(11316, 1204, 9, 9, 9, 9, 9, 9),
(11317, 1204, 9, 9, 9, 9, 9, 9),
(11318, 1204, 10, 9, 9, 9, 9, 9),
(11319, 1204, 9, 10, 9, 9, 9, 9),
(11320, 1204, 10, 9, 10, 9, 9, 10),
(11321, 1204, 9, 10, 9, 9, 10, 9),
(11322, 1204, 9, 9, 8, 9, 8, 8),
(11323, 1204, 8, 9, 9, 8, 9, 8),
(11324, 1204, 9, 8, 9, 9, 8, 9),
(11325, 1204, 8, 9, 8, 9, 8, 8),
(11326, 1204, 9, 8, 9, 8, 9, 9),
(11327, 1204, 8, 9, 8, 8, 9, 8),
(11328, 1205, 9, 9, 8, 9, 8, 8),
(11329, 1205, 8, 9, 9, 8, 9, 8),
(11330, 1205, 9, 8, 9, 9, 8, 9),
(11331, 1205, 8, 9, 8, 9, 8, 8),
(11332, 1205, 9, 8, 9, 8, 9, 9),
(11333, 1205, 8, 9, 8, 8, 9, 8),
(11334, 1205, 9, 9, 8, 9, 8, 8),
(11335, 1205, 8, 9, 9, 8, 9, 8),
(11336, 1205, 9, 8, 9, 9, 8, 9),
(11337, 1205, 8, 9, 8, 9, 8, 8),
(11338, 1205, 9, 8, 9, 8, 9, 9),
(11339, 1205, 8, 9, 8, 8, 9, 8),
(11340, 1206, 9, 9, 8, 9, 8, 8),
(11341, 1206, 8, 9, 9, 8, 9, 8),
(11342, 1206, 9, 8, 9, 9, 8, 9),
(11343, 1206, 8, 9, 8, 9, 8, 8),
(11344, 1206, 9, 8, 9, 8, 9, 9),
(11345, 1206, 8, 9, 8, 8, 9, 8),
(11346, 1206, 9, 9, 8, 9, 8, 8),
(11347, 1206, 8, 9, 9, 8, 9, 8),
(11348, 1206, 9, 8, 9, 9, 8, 9),
(11349, 1206, 8, 9, 8, 9, 8, 8),
(11350, 1206, 9, 8, 9, 8, 9, 9),
(11351, 1206, 8, 9, 8, 8, 9, 8),
(11352, 1207, 8, 9, 8, 8, 8, 8),
(11353, 1207, 8, 8, 8, 8, 8, 8),
(11354, 1207, 9, 8, 8, 9, 8, 8),
(11355, 1207, 8, 9, 8, 8, 9, 8),
(11356, 1207, 9, 8, 9, 8, 8, 9),
(11357, 1207, 8, 9, 8, 8, 8, 8),
(11358, 1207, 9, 8, 8, 9, 8, 8),
(11359, 1207, 8, 9, 8, 8, 9, 8),
(11360, 1207, 9, 8, 9, 8, 8, 9),
(11361, 1207, 8, 9, 8, 8, 8, 8),
(11362, 1207, 9, 8, 9, 8, 8, 9),
(11363, 1207, 8, 9, 8, 8, 8, 8),
(11364, 1208, 8, 9, 8, 8, 8, 8),
(11365, 1208, 8, 8, 8, 8, 8, 8),
(11366, 1208, 9, 8, 8, 9, 8, 8),
(11367, 1208, 8, 9, 8, 8, 9, 8),
(11368, 1208, 9, 8, 9, 8, 8, 9),
(11369, 1208, 8, 9, 8, 8, 8, 8),
(11370, 1208, 9, 8, 8, 9, 8, 8),
(11371, 1208, 8, 9, 8, 8, 9, 8),
(11372, 1208, 9, 8, 9, 8, 8, 9),
(11373, 1208, 8, 9, 8, 8, 8, 8),
(11374, 1208, 9, 8, 9, 8, 8, 9),
(11375, 1208, 8, 9, 8, 8, 8, 8),
(11376, 1209, 9, 9, 9, 8, 9, 8),
(11377, 1209, 8, 9, 9, 9, 8, 9),
(11378, 1209, 9, 8, 9, 9, 8, 9),
(11379, 1209, 8, 9, 8, 9, 8, 8),
(11380, 1209, 9, 8, 9, 8, 9, 9),
(11381, 1210, 9, 9, 9, 9, 9, 9),
(11382, 1210, 9, 9, 9, 9, 9, 9),
(11383, 1210, 10, 9, 9, 9, 9, 9),
(11384, 1210, 9, 10, 9, 9, 9, 9),
(11385, 1210, 10, 9, 10, 9, 9, 10),
(11386, 1211, 10, 10, 9, 10, 9, 9),
(11387, 1211, 9, 10, 10, 9, 10, 9),
(11388, 1211, 10, 10, 9, 10, 9, 10),
(11389, 1211, 10, 9, 10, 10, 9, 10),
(11390, 1211, 10, 10, 10, 9, 10, 10),
(11391, 1212, 9, 9, 9, 8, 9, 8),
(11392, 1212, 8, 9, 9, 9, 8, 9),
(11393, 1212, 9, 8, 9, 9, 8, 9),
(11394, 1212, 8, 9, 8, 9, 8, 8),
(11395, 1212, 9, 8, 9, 8, 9, 9),
(11396, 1213, 9, 9, 9, 9, 9, 9),
(11397, 1213, 9, 9, 9, 9, 9, 9),
(11398, 1213, 10, 9, 9, 9, 9, 9),
(11399, 1213, 9, 10, 9, 9, 9, 9),
(11400, 1213, 10, 9, 10, 9, 9, 10),
(11401, 1214, 10, 10, 9, 10, 9, 9),
(11402, 1214, 9, 10, 10, 9, 10, 9),
(11403, 1214, 10, 10, 9, 10, 9, 10),
(11404, 1214, 10, 9, 10, 10, 9, 10),
(11405, 1214, 10, 10, 10, 9, 10, 10),
(11406, 1215, 10, 9, 9, 10, 9, 9),
(11407, 1215, 9, 10, 9, 9, 10, 9),
(11408, 1215, 10, 9, 10, 9, 9, 10),
(11409, 1215, 9, 10, 9, 10, 9, 9),
(11410, 1215, 10, 10, 9, 10, 9, 10),
(11411, 1215, 9, 9, 9, 9, 9, 9),
(11412, 1215, 9, 9, 9, 9, 9, 9),
(11413, 1215, 10, 9, 9, 9, 9, 9),
(11414, 1215, 9, 10, 9, 9, 9, 9),
(11415, 1215, 10, 9, 10, 9, 9, 10),
(11416, 1215, 10, 10, 9, 10, 9, 9),
(11417, 1215, 9, 10, 10, 9, 10, 9),
(11418, 1215, 10, 10, 9, 10, 9, 10),
(11419, 1215, 10, 9, 10, 10, 9, 10),
(11420, 1215, 10, 10, 10, 10, 9, 10),
(11421, 1216, 10, 9, 9, 10, 9, 9),
(11422, 1216, 9, 10, 9, 9, 10, 9),
(11423, 1216, 10, 9, 10, 9, 9, 10),
(11424, 1216, 9, 10, 9, 10, 9, 9),
(11425, 1216, 10, 10, 9, 10, 9, 10),
(11426, 1216, 9, 9, 9, 9, 9, 9),
(11427, 1216, 9, 9, 9, 9, 9, 9),
(11428, 1216, 10, 9, 9, 9, 9, 9),
(11429, 1216, 9, 10, 9, 9, 9, 9),
(11430, 1216, 10, 9, 10, 9, 9, 10),
(11431, 1216, 10, 10, 9, 10, 9, 9),
(11432, 1216, 9, 10, 10, 9, 10, 9),
(11433, 1216, 10, 10, 9, 10, 9, 10),
(11434, 1216, 10, 9, 10, 10, 9, 10),
(11435, 1216, 10, 10, 10, 10, 9, 10),
(11436, 1217, 9, 9, 8, 9, 8, 8),
(11437, 1217, 8, 9, 9, 8, 9, 8),
(11438, 1217, 9, 8, 9, 9, 8, 9),
(11439, 1217, 8, 9, 8, 9, 8, 8),
(11440, 1217, 9, 8, 9, 8, 9, 9),
(11441, 1217, 8, 9, 8, 8, 9, 8),
(11442, 1218, 9, 9, 9, 9, 9, 9),
(11443, 1218, 9, 9, 9, 9, 9, 9),
(11444, 1218, 10, 9, 9, 9, 9, 9),
(11445, 1218, 9, 10, 9, 9, 9, 9),
(11446, 1218, 10, 9, 10, 9, 9, 10),
(11447, 1218, 9, 10, 9, 9, 10, 9),
(11448, 1219, 10, 10, 9, 10, 9, 9),
(11449, 1219, 9, 10, 10, 9, 10, 9),
(11450, 1219, 10, 10, 9, 10, 9, 10),
(11451, 1219, 10, 9, 10, 10, 9, 10),
(11452, 1219, 10, 10, 10, 9, 10, 10),
(11453, 1219, 9, 10, 9, 10, 9, 9),
(11454, 1220, 10, 10, 9, 10, 9, 9),
(11455, 1220, 9, 10, 10, 9, 10, 9),
(11456, 1220, 10, 10, 9, 10, 9, 10),
(11457, 1220, 10, 9, 10, 10, 9, 10),
(11458, 1220, 10, 10, 10, 9, 10, 10),
(11459, 1220, 9, 10, 9, 10, 9, 9),
(11460, 1221, 9, 9, 8, 9, 8, 8),
(11461, 1221, 8, 9, 9, 8, 9, 8),
(11462, 1221, 9, 8, 9, 9, 8, 9),
(11463, 1221, 8, 9, 8, 9, 8, 8),
(11464, 1221, 9, 8, 9, 8, 9, 9),
(11465, 1221, 8, 9, 8, 8, 9, 8),
(11466, 1222, 9, 9, 9, 9, 9, 9),
(11467, 1222, 9, 9, 9, 9, 9, 9),
(11468, 1222, 10, 9, 9, 9, 9, 9),
(11469, 1222, 9, 10, 9, 9, 9, 9),
(11470, 1222, 10, 9, 10, 9, 9, 10),
(11471, 1222, 9, 10, 9, 9, 10, 9),
(11472, 1223, 10, 10, 9, 10, 9, 9),
(11473, 1223, 9, 10, 10, 9, 10, 9),
(11474, 1223, 10, 10, 9, 10, 9, 10),
(11475, 1223, 10, 9, 10, 10, 9, 10),
(11476, 1223, 10, 10, 10, 9, 10, 10),
(11477, 1223, 9, 10, 9, 10, 9, 9),
(11478, 1224, 10, 10, 9, 10, 9, 9),
(11479, 1224, 9, 10, 10, 9, 10, 9),
(11480, 1224, 10, 10, 9, 10, 9, 10),
(11481, 1224, 10, 9, 10, 10, 9, 10),
(11482, 1224, 10, 10, 10, 9, 10, 10),
(11483, 1224, 9, 10, 9, 10, 9, 9),
(11484, 1225, 9, 9, 9, 9, 9, 9),
(11485, 1225, 9, 9, 9, 9, 9, 9),
(11486, 1225, 10, 9, 9, 9, 9, 9),
(11487, 1225, 9, 10, 9, 9, 9, 9),
(11488, 1225, 10, 9, 10, 9, 9, 10),
(11489, 1225, 9, 10, 9, 9, 10, 9),
(11490, 1225, 9, 9, 8, 9, 8, 8),
(11491, 1225, 8, 9, 9, 8, 9, 8),
(11492, 1225, 9, 8, 9, 9, 8, 9),
(11493, 1225, 8, 9, 8, 9, 8, 8),
(11494, 1225, 9, 8, 9, 8, 9, 9),
(11495, 1225, 8, 9, 8, 8, 9, 8),
(11496, 1226, 9, 9, 8, 9, 8, 8),
(11497, 1226, 8, 9, 9, 8, 9, 8),
(11498, 1226, 9, 8, 9, 9, 8, 9),
(11499, 1226, 8, 9, 8, 9, 8, 8),
(11500, 1226, 9, 8, 9, 8, 9, 9),
(11501, 1226, 8, 9, 8, 8, 9, 8),
(11502, 1226, 9, 9, 8, 9, 8, 8),
(11503, 1226, 8, 9, 9, 8, 9, 8),
(11504, 1226, 9, 8, 9, 9, 8, 9),
(11505, 1226, 8, 9, 8, 9, 8, 8),
(11506, 1226, 9, 8, 9, 8, 9, 9),
(11507, 1226, 8, 9, 8, 8, 9, 8),
(11508, 1227, 9, 9, 8, 9, 8, 8),
(11509, 1227, 8, 9, 9, 8, 9, 8),
(11510, 1227, 9, 8, 9, 9, 8, 9),
(11511, 1227, 8, 9, 8, 9, 8, 8),
(11512, 1227, 9, 8, 9, 8, 9, 8),
(11513, 1227, 8, 9, 8, 8, 9, 8),
(11514, 1227, 9, 8, 8, 9, 8, 8),
(11515, 1227, 8, 9, 8, 8, 9, 8),
(11516, 1227, 9, 8, 9, 8, 8, 9),
(11517, 1227, 8, 9, 8, 8, 8, 8),
(11518, 1227, 9, 8, 9, 8, 9, 8),
(11519, 1227, 8, 9, 8, 8, 8, 8),
(11520, 1228, 8, 9, 8, 8, 8, 8),
(11521, 1228, 8, 8, 8, 8, 8, 8),
(11522, 1228, 9, 8, 8, 9, 8, 8),
(11523, 1228, 8, 9, 8, 8, 9, 8),
(11524, 1228, 9, 8, 9, 8, 8, 9),
(11525, 1228, 8, 9, 8, 8, 8, 8),
(11526, 1228, 9, 8, 8, 9, 8, 8),
(11527, 1228, 8, 9, 8, 8, 9, 8),
(11528, 1228, 9, 8, 9, 8, 8, 9),
(11529, 1228, 8, 9, 8, 8, 8, 8),
(11530, 1228, 9, 8, 9, 8, 8, 9),
(11531, 1228, 8, 9, 8, 8, 8, 8),
(11532, 1229, 9, 9, 9, 9, 9, 9),
(11533, 1229, 9, 9, 9, 9, 9, 9),
(11534, 1229, 10, 9, 9, 9, 9, 9),
(11535, 1229, 9, 10, 9, 9, 9, 9),
(11536, 1229, 10, 9, 10, 9, 9, 10),
(11537, 1229, 9, 10, 9, 9, 10, 9),
(11538, 1229, 9, 9, 8, 9, 8, 8),
(11539, 1229, 8, 9, 9, 8, 9, 8),
(11540, 1229, 9, 8, 9, 9, 8, 9),
(11541, 1229, 8, 9, 8, 9, 8, 8),
(11542, 1229, 9, 8, 9, 8, 9, 9),
(11543, 1229, 8, 9, 8, 8, 9, 8),
(11544, 1230, 9, 9, 8, 9, 8, 8),
(11545, 1230, 8, 9, 9, 8, 9, 8),
(11546, 1230, 9, 8, 9, 9, 8, 9),
(11547, 1230, 8, 9, 8, 9, 8, 8),
(11548, 1230, 9, 8, 9, 8, 9, 9),
(11549, 1230, 8, 9, 8, 8, 9, 8),
(11550, 1230, 9, 9, 8, 9, 8, 8),
(11551, 1230, 8, 9, 9, 8, 9, 8),
(11552, 1230, 9, 8, 9, 9, 8, 9),
(11553, 1230, 8, 9, 8, 9, 8, 8),
(11554, 1230, 9, 8, 9, 8, 9, 9),
(11555, 1230, 8, 9, 8, 8, 9, 8),
(11556, 1231, 10, 10, 9, 10, 9, 9),
(11557, 1231, 9, 10, 10, 9, 10, 9),
(11558, 1231, 10, 10, 9, 10, 9, 10),
(11559, 1231, 10, 9, 10, 10, 9, 10);
INSERT INTO `EndShot` (`EndShotID`, `RangeShotID`, `Arrow1`, `Arrow2`, `Arrow3`, `Arrow4`, `Arrow5`, `Arrow6`) VALUES
(11560, 1231, 10, 10, 10, 9, 10, 10),
(11561, 1231, 9, 10, 9, 10, 9, 9),
(11562, 1231, 10, 9, 9, 10, 9, 9),
(11563, 1231, 9, 10, 9, 9, 10, 9),
(11564, 1231, 10, 9, 10, 9, 9, 10),
(11565, 1231, 9, 10, 9, 10, 9, 9),
(11566, 1231, 10, 10, 9, 10, 9, 10),
(11567, 1231, 10, 9, 10, 10, 9, 10),
(11568, 1232, 10, 10, 9, 10, 9, 9),
(11569, 1232, 9, 10, 10, 9, 10, 9),
(11570, 1232, 10, 10, 9, 10, 9, 10),
(11571, 1232, 10, 9, 10, 10, 9, 10),
(11572, 1232, 10, 10, 10, 9, 10, 10),
(11573, 1232, 9, 10, 9, 10, 9, 9),
(11574, 1232, 10, 9, 9, 10, 9, 9),
(11575, 1232, 9, 10, 9, 9, 10, 9),
(11576, 1232, 10, 9, 10, 9, 9, 10),
(11577, 1232, 9, 10, 9, 10, 9, 9),
(11578, 1232, 10, 10, 9, 10, 9, 10),
(11579, 1232, 10, 9, 10, 10, 9, 10),
(11580, 1233, 9, 9, 9, 9, 9, 9),
(11581, 1233, 9, 9, 9, 9, 9, 9),
(11582, 1233, 10, 9, 9, 9, 9, 9),
(11583, 1233, 9, 10, 9, 9, 9, 9),
(11584, 1233, 10, 9, 10, 9, 9, 10),
(11585, 1233, 9, 10, 9, 9, 10, 9),
(11586, 1233, 9, 9, 8, 9, 8, 8),
(11587, 1233, 8, 9, 9, 8, 9, 8),
(11588, 1233, 9, 8, 9, 9, 8, 9),
(11589, 1233, 8, 9, 8, 9, 8, 8),
(11590, 1233, 9, 8, 9, 8, 9, 9),
(11591, 1233, 8, 9, 8, 8, 9, 8),
(11592, 1234, 9, 9, 9, 9, 9, 9),
(11593, 1234, 9, 9, 9, 9, 9, 9),
(11594, 1234, 10, 9, 9, 9, 9, 9),
(11595, 1234, 9, 10, 9, 9, 9, 9),
(11596, 1234, 10, 9, 10, 9, 9, 10),
(11597, 1234, 9, 10, 9, 9, 10, 9),
(11598, 1234, 9, 9, 8, 9, 8, 8),
(11599, 1234, 8, 9, 9, 8, 9, 8),
(11600, 1234, 9, 8, 9, 9, 8, 9),
(11601, 1234, 8, 9, 8, 9, 8, 8),
(11602, 1234, 9, 8, 9, 8, 9, 9),
(11603, 1234, 8, 9, 8, 8, 9, 8),
(11604, 1235, 9, 9, 8, 9, 8, 8),
(11605, 1235, 8, 9, 9, 8, 9, 8),
(11606, 1235, 9, 8, 9, 9, 8, 9),
(11607, 1235, 8, 9, 8, 9, 8, 8),
(11608, 1235, 9, 8, 9, 8, 9, 9),
(11609, 1235, 8, 9, 8, 8, 9, 8),
(11610, 1235, 9, 9, 8, 9, 8, 8),
(11611, 1235, 8, 9, 9, 8, 9, 8),
(11612, 1235, 9, 8, 9, 9, 8, 9),
(11613, 1235, 8, 9, 8, 9, 8, 8),
(11614, 1235, 9, 8, 9, 8, 9, 9),
(11615, 1235, 8, 9, 8, 8, 9, 8),
(11616, 1236, 9, 9, 8, 9, 8, 8),
(11617, 1236, 8, 9, 9, 8, 9, 8),
(11618, 1236, 9, 8, 9, 9, 8, 9),
(11619, 1236, 8, 9, 8, 9, 8, 8),
(11620, 1236, 9, 8, 9, 8, 9, 9),
(11621, 1236, 8, 9, 8, 8, 9, 8),
(11622, 1236, 9, 9, 8, 9, 8, 8),
(11623, 1236, 8, 9, 9, 8, 9, 8),
(11624, 1236, 9, 8, 9, 9, 8, 9),
(11625, 1236, 8, 9, 8, 9, 8, 8),
(11626, 1236, 9, 8, 9, 8, 9, 9),
(11627, 1236, 8, 9, 8, 8, 9, 8),
(11628, 1237, 8, 9, 8, 8, 8, 8),
(11629, 1237, 8, 8, 8, 8, 8, 8),
(11630, 1237, 9, 8, 8, 9, 8, 8),
(11631, 1237, 8, 9, 8, 8, 9, 8),
(11632, 1237, 9, 8, 9, 8, 8, 9),
(11633, 1237, 8, 9, 8, 8, 8, 8),
(11634, 1237, 9, 8, 8, 9, 8, 8),
(11635, 1237, 8, 9, 8, 8, 9, 8),
(11636, 1237, 9, 8, 9, 8, 8, 9),
(11637, 1237, 8, 9, 8, 8, 8, 8),
(11638, 1237, 9, 8, 9, 8, 8, 9),
(11639, 1237, 8, 9, 8, 8, 8, 8),
(11640, 1238, 8, 9, 8, 8, 8, 8),
(11641, 1238, 8, 8, 8, 8, 8, 8),
(11642, 1238, 9, 8, 8, 9, 8, 8),
(11643, 1238, 8, 9, 8, 8, 9, 8),
(11644, 1238, 9, 8, 9, 8, 8, 9),
(11645, 1238, 8, 9, 8, 8, 8, 8),
(11646, 1238, 9, 8, 8, 9, 8, 8),
(11647, 1238, 8, 9, 8, 8, 9, 8),
(11648, 1238, 9, 8, 9, 8, 8, 9),
(11649, 1238, 8, 9, 8, 8, 8, 8),
(11650, 1238, 9, 8, 9, 8, 8, 9),
(11651, 1238, 8, 9, 8, 8, 8, 8),
(11652, 1239, 10, 9, 9, 10, 9, 9),
(11653, 1239, 9, 10, 9, 9, 10, 9),
(11654, 1239, 10, 9, 10, 9, 9, 10),
(11655, 1239, 9, 10, 9, 10, 9, 9),
(11656, 1239, 10, 10, 9, 10, 9, 10),
(11657, 1239, 9, 9, 9, 9, 9, 9),
(11658, 1239, 9, 9, 9, 9, 9, 9),
(11659, 1239, 10, 9, 9, 9, 9, 9),
(11660, 1239, 9, 10, 9, 9, 9, 9),
(11661, 1239, 10, 9, 10, 9, 9, 10),
(11662, 1239, 10, 10, 9, 10, 9, 9),
(11663, 1239, 9, 10, 10, 9, 10, 9),
(11664, 1239, 10, 10, 9, 10, 9, 10),
(11665, 1239, 10, 9, 10, 10, 9, 10),
(11666, 1239, 10, 10, 10, 10, 9, 10),
(11667, 1240, 10, 9, 9, 10, 9, 9),
(11668, 1240, 9, 10, 9, 9, 10, 9),
(11669, 1240, 10, 9, 10, 9, 9, 10),
(11670, 1240, 9, 10, 9, 10, 9, 9),
(11671, 1240, 10, 10, 9, 10, 9, 10),
(11672, 1240, 9, 9, 9, 9, 9, 9),
(11673, 1240, 9, 9, 9, 9, 9, 9),
(11674, 1240, 10, 9, 9, 9, 9, 9),
(11675, 1240, 9, 10, 9, 9, 9, 9),
(11676, 1240, 10, 9, 10, 9, 9, 10),
(11677, 1240, 10, 10, 9, 10, 9, 9),
(11678, 1240, 9, 10, 10, 9, 10, 9),
(11679, 1240, 10, 10, 9, 10, 9, 10),
(11680, 1240, 10, 9, 10, 10, 9, 10),
(11681, 1240, 10, 10, 10, 10, 9, 10),
(11682, 1241, 9, 9, 9, 8, 9, 8),
(11683, 1241, 8, 9, 9, 9, 8, 9),
(11684, 1241, 9, 8, 9, 9, 8, 9),
(11685, 1241, 8, 9, 8, 9, 8, 8),
(11686, 1241, 9, 8, 9, 8, 9, 9),
(11687, 1242, 9, 9, 9, 9, 9, 9),
(11688, 1242, 9, 9, 9, 9, 9, 9),
(11689, 1242, 10, 9, 9, 9, 9, 9),
(11690, 1242, 9, 10, 9, 9, 9, 9),
(11691, 1242, 10, 9, 10, 9, 9, 10),
(11692, 1243, 10, 10, 9, 10, 9, 9),
(11693, 1243, 9, 10, 10, 9, 10, 9),
(11694, 1243, 10, 10, 9, 10, 9, 10),
(11695, 1243, 10, 9, 10, 10, 9, 10),
(11696, 1243, 10, 10, 10, 9, 10, 10),
(11697, 1244, 9, 9, 9, 8, 9, 8),
(11698, 1244, 8, 9, 9, 9, 8, 9),
(11699, 1244, 9, 8, 9, 9, 8, 9),
(11700, 1244, 8, 9, 8, 9, 8, 8),
(11701, 1244, 9, 8, 9, 8, 9, 9),
(11702, 1245, 9, 9, 9, 9, 9, 9),
(11703, 1245, 9, 9, 9, 9, 9, 9),
(11704, 1245, 10, 9, 9, 9, 9, 9),
(11705, 1245, 9, 10, 9, 9, 9, 9),
(11706, 1245, 10, 9, 10, 9, 9, 10),
(11707, 1246, 10, 10, 9, 10, 9, 9),
(11708, 1246, 9, 10, 10, 9, 10, 9),
(11709, 1246, 10, 10, 9, 10, 9, 10),
(11710, 1246, 10, 9, 10, 10, 9, 10),
(11711, 1246, 10, 10, 10, 9, 10, 10),
(11712, 1247, 9, 9, 8, 9, 8, 8),
(11713, 1247, 8, 9, 9, 8, 9, 8),
(11714, 1247, 9, 8, 9, 9, 8, 9),
(11715, 1247, 8, 9, 8, 9, 8, 8),
(11716, 1247, 9, 8, 9, 8, 9, 9),
(11717, 1247, 8, 9, 8, 8, 9, 8),
(11718, 1248, 9, 9, 9, 9, 9, 9),
(11719, 1248, 9, 9, 9, 9, 9, 9),
(11720, 1248, 10, 9, 9, 9, 9, 9),
(11721, 1248, 9, 10, 9, 9, 9, 9),
(11722, 1248, 10, 9, 10, 9, 9, 10),
(11723, 1248, 9, 10, 9, 9, 10, 9),
(11724, 1249, 10, 10, 9, 10, 9, 9),
(11725, 1249, 9, 10, 10, 9, 10, 9),
(11726, 1249, 10, 10, 9, 10, 9, 10),
(11727, 1249, 10, 9, 10, 10, 9, 10),
(11728, 1249, 10, 10, 10, 9, 10, 10),
(11729, 1249, 9, 10, 9, 10, 9, 9),
(11730, 1250, 10, 10, 9, 10, 9, 9),
(11731, 1250, 9, 10, 10, 9, 10, 9),
(11732, 1250, 10, 10, 9, 10, 9, 10),
(11733, 1250, 10, 9, 10, 10, 9, 10),
(11734, 1250, 10, 10, 10, 9, 10, 10),
(11735, 1250, 9, 10, 9, 10, 9, 9),
(11736, 1251, 9, 9, 8, 9, 8, 8),
(11737, 1251, 8, 9, 9, 8, 9, 8),
(11738, 1251, 9, 8, 9, 9, 8, 9),
(11739, 1251, 8, 9, 8, 9, 8, 8),
(11740, 1251, 9, 8, 9, 8, 9, 9),
(11741, 1251, 8, 9, 8, 8, 9, 8),
(11742, 1252, 9, 9, 9, 9, 9, 9),
(11743, 1252, 9, 9, 9, 9, 9, 9),
(11744, 1252, 10, 9, 9, 9, 9, 9),
(11745, 1252, 9, 10, 9, 9, 9, 9),
(11746, 1252, 10, 9, 10, 9, 9, 10),
(11747, 1252, 9, 10, 9, 9, 10, 9),
(11748, 1253, 10, 10, 9, 10, 9, 9),
(11749, 1253, 9, 10, 10, 9, 10, 9),
(11750, 1253, 10, 10, 9, 10, 9, 10),
(11751, 1253, 10, 9, 10, 10, 9, 10),
(11752, 1253, 10, 10, 10, 9, 10, 10),
(11753, 1253, 9, 10, 9, 10, 9, 9),
(11754, 1254, 10, 10, 9, 10, 9, 9),
(11755, 1254, 9, 10, 10, 9, 10, 9),
(11756, 1254, 10, 10, 9, 10, 9, 10),
(11757, 1254, 10, 9, 10, 10, 9, 10),
(11758, 1254, 10, 10, 10, 9, 10, 10),
(11759, 1254, 9, 10, 9, 10, 9, 9),
(11760, 1255, 9, 9, 8, 9, 8, 8),
(11761, 1255, 8, 9, 9, 8, 9, 8),
(11762, 1255, 9, 8, 9, 9, 8, 9),
(11763, 1255, 8, 9, 8, 9, 8, 8),
(11764, 1255, 9, 8, 9, 8, 9, 9),
(11765, 1255, 8, 9, 8, 8, 9, 8),
(11766, 1256, 9, 9, 9, 9, 9, 9),
(11767, 1256, 9, 9, 9, 9, 9, 9),
(11768, 1256, 10, 9, 9, 9, 9, 9),
(11769, 1256, 9, 10, 9, 9, 9, 9),
(11770, 1256, 10, 9, 10, 9, 9, 10),
(11771, 1256, 9, 10, 9, 9, 10, 9),
(11772, 1257, 10, 10, 9, 10, 9, 9),
(11773, 1257, 9, 10, 10, 9, 10, 9),
(11774, 1257, 10, 10, 9, 10, 9, 10),
(11775, 1257, 10, 9, 10, 10, 9, 10),
(11776, 1257, 10, 10, 10, 9, 10, 10),
(11777, 1257, 9, 10, 9, 10, 9, 9),
(11778, 1258, 10, 10, 9, 10, 9, 9),
(11779, 1258, 9, 10, 10, 9, 10, 9),
(11780, 1258, 10, 10, 9, 10, 9, 10),
(11781, 1258, 10, 9, 10, 10, 9, 10),
(11782, 1258, 10, 10, 10, 9, 10, 10),
(11783, 1258, 9, 10, 9, 10, 9, 9),
(11784, 1259, 9, 9, 8, 9, 8, 8),
(11785, 1259, 8, 9, 9, 8, 9, 8),
(11786, 1259, 9, 8, 9, 9, 8, 9),
(11787, 1259, 8, 9, 8, 9, 8, 8),
(11788, 1259, 9, 8, 9, 8, 9, 9),
(11789, 1259, 8, 9, 8, 8, 9, 8),
(11790, 1260, 9, 9, 9, 9, 9, 9),
(11791, 1260, 9, 9, 9, 9, 9, 9),
(11792, 1260, 10, 9, 9, 9, 9, 9),
(11793, 1260, 9, 10, 9, 9, 9, 9),
(11794, 1260, 10, 9, 10, 9, 9, 10),
(11795, 1260, 9, 10, 9, 9, 10, 9),
(11796, 1261, 10, 10, 9, 10, 9, 9),
(11797, 1261, 9, 10, 10, 9, 10, 9),
(11798, 1261, 10, 10, 9, 10, 9, 10),
(11799, 1261, 10, 9, 10, 10, 9, 10),
(11800, 1261, 10, 10, 10, 9, 10, 10),
(11801, 1261, 9, 10, 9, 10, 9, 9),
(11802, 1262, 10, 10, 9, 10, 9, 9),
(11803, 1262, 9, 10, 10, 9, 10, 9),
(11804, 1262, 10, 10, 9, 10, 9, 10),
(11805, 1262, 10, 9, 10, 10, 9, 10),
(11806, 1262, 10, 10, 10, 9, 10, 10),
(11807, 1262, 9, 10, 9, 10, 9, 9),
(11808, 1263, 9, 9, 9, 9, 9, 9),
(11809, 1263, 9, 9, 9, 9, 9, 9),
(11810, 1263, 10, 9, 9, 9, 9, 9),
(11811, 1263, 9, 10, 9, 9, 9, 9),
(11812, 1263, 10, 9, 10, 9, 9, 10),
(11813, 1263, 9, 10, 9, 9, 10, 9),
(11814, 1263, 9, 9, 8, 9, 8, 8),
(11815, 1263, 8, 9, 9, 8, 9, 8),
(11816, 1263, 9, 8, 9, 9, 8, 9),
(11817, 1263, 8, 9, 8, 9, 8, 8),
(11818, 1263, 9, 8, 9, 8, 9, 9),
(11819, 1263, 8, 9, 8, 8, 9, 8),
(11820, 1264, 9, 9, 8, 9, 8, 8),
(11821, 1264, 8, 9, 9, 8, 9, 8),
(11822, 1264, 9, 8, 9, 9, 8, 9),
(11823, 1264, 8, 9, 8, 9, 8, 8),
(11824, 1264, 9, 8, 9, 8, 9, 9),
(11825, 1264, 8, 9, 8, 8, 9, 8),
(11826, 1264, 9, 9, 8, 9, 8, 8),
(11827, 1264, 8, 9, 9, 8, 9, 8),
(11828, 1264, 9, 8, 9, 9, 8, 9),
(11829, 1264, 8, 9, 8, 9, 8, 8),
(11830, 1264, 9, 8, 9, 8, 9, 9),
(11831, 1264, 8, 9, 8, 8, 9, 8),
(11832, 1265, 9, 9, 8, 9, 8, 8),
(11833, 1265, 8, 9, 9, 8, 9, 8),
(11834, 1265, 9, 8, 9, 9, 8, 9),
(11835, 1265, 8, 9, 8, 9, 8, 8),
(11836, 1265, 9, 8, 9, 8, 9, 8),
(11837, 1265, 8, 9, 8, 8, 9, 8),
(11838, 1265, 9, 8, 8, 9, 8, 8),
(11839, 1265, 8, 9, 8, 8, 9, 8),
(11840, 1265, 9, 8, 9, 8, 8, 9),
(11841, 1265, 8, 9, 8, 8, 8, 8),
(11842, 1265, 9, 8, 9, 8, 9, 8),
(11843, 1265, 8, 9, 8, 8, 8, 8),
(11844, 1266, 8, 9, 8, 8, 8, 8),
(11845, 1266, 8, 8, 8, 8, 8, 8),
(11846, 1266, 9, 8, 8, 9, 8, 8),
(11847, 1266, 8, 9, 8, 8, 9, 8),
(11848, 1266, 9, 8, 9, 8, 8, 9),
(11849, 1266, 8, 9, 8, 8, 8, 8),
(11850, 1266, 9, 8, 8, 9, 8, 8),
(11851, 1266, 8, 9, 8, 8, 9, 8),
(11852, 1266, 9, 8, 9, 8, 8, 9),
(11853, 1266, 8, 9, 8, 8, 8, 8),
(11854, 1266, 9, 8, 9, 8, 8, 9),
(11855, 1266, 8, 9, 8, 8, 8, 8),
(11856, 1267, 10, 9, 9, 10, 9, 9),
(11857, 1267, 9, 10, 9, 9, 10, 9),
(11858, 1267, 10, 9, 10, 9, 9, 10),
(11859, 1267, 9, 10, 9, 10, 9, 9),
(11860, 1267, 10, 10, 9, 10, 9, 10),
(11861, 1267, 9, 9, 9, 9, 9, 9),
(11862, 1267, 9, 9, 9, 9, 9, 9),
(11863, 1267, 10, 9, 9, 9, 9, 9),
(11864, 1267, 9, 10, 9, 9, 9, 9),
(11865, 1267, 10, 9, 10, 9, 9, 10),
(11866, 1267, 10, 10, 9, 10, 9, 9),
(11867, 1267, 9, 10, 10, 9, 10, 9),
(11868, 1267, 10, 10, 9, 10, 9, 10),
(11869, 1267, 10, 9, 10, 10, 9, 10),
(11870, 1267, 10, 10, 10, 10, 9, 10),
(11871, 1268, 9, 9, 9, 8, 9, 8),
(11872, 1268, 8, 9, 9, 9, 8, 9),
(11873, 1268, 9, 8, 9, 9, 8, 9),
(11874, 1268, 8, 9, 8, 9, 8, 8),
(11875, 1268, 9, 8, 9, 8, 9, 9),
(11876, 1269, 9, 9, 9, 9, 9, 9),
(11877, 1269, 9, 9, 9, 9, 9, 9),
(11878, 1269, 10, 9, 9, 9, 9, 9),
(11879, 1269, 9, 10, 9, 9, 9, 9),
(11880, 1269, 10, 9, 10, 9, 9, 10),
(11881, 1270, 10, 10, 9, 10, 9, 9),
(11882, 1270, 9, 10, 10, 9, 10, 9),
(11883, 1270, 10, 10, 9, 10, 9, 10),
(11884, 1270, 10, 9, 10, 10, 9, 10),
(11885, 1270, 10, 10, 10, 9, 10, 10),
(11886, 1271, 9, 9, 8, 9, 8, 8),
(11887, 1271, 8, 9, 9, 8, 9, 8),
(11888, 1271, 9, 8, 9, 9, 8, 9),
(11889, 1271, 8, 9, 8, 9, 8, 8),
(11890, 1271, 9, 8, 9, 8, 9, 9),
(11891, 1271, 8, 9, 8, 8, 9, 8),
(11892, 1272, 9, 9, 9, 9, 9, 9),
(11893, 1272, 9, 9, 9, 9, 9, 9),
(11894, 1272, 10, 9, 9, 9, 9, 9),
(11895, 1272, 9, 10, 9, 9, 9, 9),
(11896, 1272, 10, 9, 10, 9, 9, 10),
(11897, 1272, 9, 10, 9, 9, 10, 9),
(11898, 1273, 10, 10, 9, 10, 9, 9),
(11899, 1273, 9, 10, 10, 9, 10, 9),
(11900, 1273, 10, 10, 9, 10, 9, 10),
(11901, 1273, 10, 9, 10, 10, 9, 10),
(11902, 1273, 10, 10, 10, 9, 10, 10),
(11903, 1273, 9, 10, 9, 10, 9, 9),
(11904, 1274, 10, 10, 9, 10, 9, 9),
(11905, 1274, 9, 10, 10, 9, 10, 9),
(11906, 1274, 10, 10, 9, 10, 9, 10),
(11907, 1274, 10, 9, 10, 10, 9, 10),
(11908, 1274, 10, 10, 10, 9, 10, 10),
(11909, 1274, 9, 10, 9, 10, 9, 9),
(11910, 1275, 9, 9, 8, 9, 8, 8),
(11911, 1275, 8, 9, 9, 8, 9, 8),
(11912, 1275, 9, 8, 9, 9, 8, 9),
(11913, 1275, 8, 9, 8, 9, 8, 8),
(11914, 1275, 9, 8, 9, 8, 9, 9),
(11915, 1275, 8, 9, 8, 8, 9, 8),
(11916, 1276, 9, 9, 9, 9, 9, 9),
(11917, 1276, 9, 9, 9, 9, 9, 9),
(11918, 1276, 10, 9, 9, 9, 9, 9),
(11919, 1276, 9, 10, 9, 9, 9, 9),
(11920, 1276, 10, 9, 10, 9, 9, 10),
(11921, 1276, 9, 10, 9, 9, 10, 9),
(11922, 1277, 10, 10, 9, 10, 9, 9),
(11923, 1277, 9, 10, 10, 9, 10, 9),
(11924, 1277, 10, 10, 9, 10, 9, 10),
(11925, 1277, 10, 9, 10, 10, 9, 10),
(11926, 1277, 10, 10, 10, 9, 10, 10),
(11927, 1277, 9, 10, 9, 10, 9, 9),
(11928, 1278, 10, 10, 9, 10, 9, 9),
(11929, 1278, 9, 10, 10, 9, 10, 9),
(11930, 1278, 10, 10, 9, 10, 9, 10),
(11931, 1278, 10, 9, 10, 10, 9, 10),
(11932, 1278, 10, 10, 10, 9, 10, 10),
(11933, 1278, 9, 10, 9, 10, 9, 9),
(11934, 1279, 9, 9, 9, 9, 9, 9),
(11935, 1279, 9, 9, 9, 9, 9, 9),
(11936, 1279, 10, 9, 9, 9, 9, 9),
(11937, 1279, 9, 10, 9, 9, 9, 9),
(11938, 1279, 10, 9, 10, 9, 9, 10),
(11939, 1279, 9, 10, 9, 9, 10, 9),
(11940, 1279, 9, 9, 8, 9, 8, 8),
(11941, 1279, 8, 9, 9, 8, 9, 8),
(11942, 1279, 9, 8, 9, 9, 8, 9),
(11943, 1279, 8, 9, 8, 9, 8, 8),
(11944, 1279, 9, 8, 9, 8, 9, 9),
(11945, 1279, 8, 9, 8, 8, 9, 8),
(11946, 1280, 9, 9, 8, 9, 8, 8),
(11947, 1280, 8, 9, 9, 8, 9, 8),
(11948, 1280, 9, 8, 9, 9, 8, 9),
(11949, 1280, 8, 9, 8, 9, 8, 8),
(11950, 1280, 9, 8, 9, 8, 9, 9),
(11951, 1280, 8, 9, 8, 8, 9, 8),
(11952, 1280, 9, 9, 8, 9, 8, 8),
(11953, 1280, 8, 9, 9, 8, 9, 8),
(11954, 1280, 9, 8, 9, 9, 8, 9),
(11955, 1280, 8, 9, 8, 9, 8, 8),
(11956, 1280, 9, 8, 9, 8, 9, 9),
(11957, 1280, 8, 9, 8, 8, 9, 8),
(11958, 1281, 9, 9, 8, 9, 8, 8),
(11959, 1281, 8, 9, 9, 8, 9, 8),
(11960, 1281, 9, 8, 9, 9, 8, 9),
(11961, 1281, 8, 9, 8, 9, 8, 8),
(11962, 1281, 9, 8, 9, 8, 9, 8),
(11963, 1281, 8, 9, 8, 8, 9, 8),
(11964, 1281, 9, 8, 8, 9, 8, 8),
(11965, 1281, 8, 9, 8, 8, 9, 8),
(11966, 1281, 9, 8, 9, 8, 8, 9),
(11967, 1281, 8, 9, 8, 8, 8, 8),
(11968, 1281, 9, 8, 9, 8, 9, 8),
(11969, 1281, 8, 9, 8, 8, 8, 8),
(11970, 1282, 8, 9, 8, 8, 8, 8),
(11971, 1282, 8, 8, 8, 8, 8, 8),
(11972, 1282, 9, 8, 8, 9, 8, 8),
(11973, 1282, 8, 9, 8, 8, 9, 8),
(11974, 1282, 9, 8, 9, 8, 8, 9),
(11975, 1282, 8, 9, 8, 8, 8, 8),
(11976, 1282, 9, 8, 8, 9, 8, 8),
(11977, 1282, 8, 9, 8, 8, 9, 8),
(11978, 1282, 9, 8, 9, 8, 8, 9),
(11979, 1282, 8, 9, 8, 8, 8, 8),
(11980, 1282, 9, 8, 9, 8, 8, 9),
(11981, 1282, 8, 9, 8, 8, 8, 8),
(11982, 1283, 10, 9, 9, 10, 9, 9),
(11983, 1283, 9, 10, 9, 9, 10, 9),
(11984, 1283, 10, 9, 10, 9, 9, 10),
(11985, 1283, 9, 10, 9, 10, 9, 9),
(11986, 1283, 10, 10, 9, 10, 9, 10),
(11987, 1283, 9, 9, 9, 9, 9, 9),
(11988, 1283, 9, 9, 9, 9, 9, 9),
(11989, 1283, 10, 9, 9, 9, 9, 9),
(11990, 1283, 9, 10, 9, 9, 9, 9),
(11991, 1283, 10, 9, 10, 9, 9, 10),
(11992, 1283, 10, 10, 9, 10, 9, 9),
(11993, 1283, 9, 10, 10, 9, 10, 9),
(11994, 1283, 10, 10, 9, 10, 9, 10),
(11995, 1283, 10, 9, 10, 10, 9, 10),
(11996, 1283, 10, 10, 10, 10, 9, 10),
(11997, 1284, 9, 9, 9, 8, 9, 8),
(11998, 1284, 8, 9, 9, 9, 8, 9),
(11999, 1284, 9, 8, 9, 9, 8, 9),
(12000, 1284, 8, 9, 8, 9, 8, 8),
(12001, 1284, 9, 8, 9, 8, 9, 9),
(12002, 1285, 9, 9, 9, 9, 9, 9),
(12003, 1285, 9, 9, 9, 9, 9, 9),
(12004, 1285, 10, 9, 9, 9, 9, 9),
(12005, 1285, 9, 10, 9, 9, 9, 9),
(12006, 1285, 10, 9, 10, 9, 9, 10),
(12007, 1286, 10, 10, 9, 10, 9, 9),
(12008, 1286, 9, 10, 10, 9, 10, 9),
(12009, 1286, 10, 10, 9, 10, 9, 10),
(12010, 1286, 10, 9, 10, 10, 9, 10),
(12011, 1286, 10, 10, 10, 9, 10, 10),
(12012, 1287, 9, 9, 8, 9, 8, 8),
(12013, 1287, 8, 9, 9, 8, 9, 8),
(12014, 1287, 9, 8, 9, 9, 8, 9),
(12015, 1287, 8, 9, 8, 9, 8, 8),
(12016, 1287, 9, 8, 9, 8, 9, 9),
(12017, 1287, 8, 9, 8, 8, 9, 8),
(12018, 1287, 9, 9, 8, 9, 8, 8),
(12019, 1287, 8, 9, 9, 8, 9, 8),
(12020, 1287, 9, 8, 9, 9, 8, 9),
(12021, 1287, 8, 9, 8, 9, 8, 8),
(12022, 1287, 9, 8, 9, 8, 9, 9),
(12023, 1287, 8, 9, 8, 8, 9, 8),
(12024, 1288, 10, 9, 9, 9, 9, 9),
(12025, 1288, 9, 10, 9, 9, 9, 9),
(12026, 1288, 10, 9, 10, 9, 9, 9),
(12027, 1288, 9, 10, 9, 10, 9, 9),
(12028, 1288, 10, 10, 9, 10, 9, 9),
(12029, 1288, 9, 9, 9, 9, 9, 8),
(12030, 1288, 9, 9, 9, 9, 8, 9),
(12031, 1288, 10, 9, 9, 9, 9, 8),
(12032, 1288, 9, 10, 9, 9, 8, 9),
(12033, 1288, 10, 9, 10, 9, 9, 9),
(12034, 1288, 10, 10, 9, 9, 9, 9),
(12035, 1288, 9, 10, 10, 9, 9, 9),
(12036, 1288, 10, 10, 9, 9, 9, 10),
(12037, 1288, 10, 9, 10, 9, 9, 10),
(12038, 1288, 10, 10, 9, 10, 9, 9),
(12039, 1289, 9, 9, 8, 9, 8, 8),
(12040, 1289, 8, 9, 9, 8, 9, 8),
(12041, 1289, 9, 8, 9, 9, 8, 9),
(12042, 1289, 8, 9, 8, 9, 8, 8),
(12043, 1289, 9, 8, 9, 8, 9, 8),
(12044, 1289, 8, 9, 8, 8, 9, 8),
(12045, 1289, 9, 8, 8, 9, 8, 8),
(12046, 1289, 8, 9, 8, 8, 9, 8),
(12047, 1289, 9, 8, 9, 8, 8, 9),
(12048, 1289, 8, 9, 8, 8, 8, 8),
(12049, 1289, 9, 8, 9, 8, 9, 8),
(12050, 1289, 8, 9, 8, 8, 8, 8),
(12051, 1290, 9, 9, 8, 9, 8, 8),
(12052, 1290, 8, 9, 9, 8, 9, 8),
(12053, 1290, 9, 8, 9, 9, 8, 9),
(12054, 1290, 8, 9, 8, 9, 8, 8),
(12055, 1290, 9, 8, 9, 8, 9, 9),
(12056, 1290, 8, 9, 8, 8, 9, 8),
(12057, 1290, 9, 9, 8, 9, 8, 8),
(12058, 1290, 8, 9, 9, 8, 9, 8),
(12059, 1290, 9, 8, 9, 9, 8, 9),
(12060, 1290, 8, 9, 8, 9, 8, 8),
(12061, 1290, 9, 8, 9, 8, 9, 9),
(12062, 1290, 8, 9, 8, 8, 9, 8),
(12063, 1291, 8, 9, 8, 8, 8, 8),
(12064, 1291, 8, 8, 8, 8, 8, 8),
(12065, 1291, 9, 8, 8, 9, 8, 8),
(12066, 1291, 8, 9, 8, 8, 9, 8),
(12067, 1291, 9, 8, 9, 8, 8, 9),
(12068, 1291, 8, 9, 8, 8, 8, 8),
(12069, 1291, 9, 8, 8, 9, 8, 8),
(12070, 1291, 8, 9, 8, 8, 9, 8),
(12071, 1291, 9, 8, 9, 8, 8, 9),
(12072, 1291, 8, 9, 8, 8, 8, 8),
(12073, 1291, 9, 8, 9, 8, 8, 9),
(12074, 1291, 8, 9, 8, 8, 8, 8),
(12075, 1292, 9, 9, 8, 9, 8, 8),
(12076, 1292, 8, 9, 9, 8, 9, 8),
(12077, 1292, 9, 8, 9, 9, 8, 9),
(12078, 1292, 8, 9, 8, 9, 8, 8),
(12079, 1292, 9, 8, 9, 8, 9, 8),
(12080, 1293, 9, 9, 9, 9, 9, 8),
(12081, 1293, 9, 9, 9, 9, 8, 9),
(12082, 1293, 10, 9, 9, 9, 9, 8),
(12083, 1293, 9, 10, 9, 9, 8, 9),
(12084, 1293, 10, 9, 10, 9, 9, 9),
(12085, 1294, 10, 10, 9, 9, 9, 9),
(12086, 1294, 9, 10, 10, 9, 9, 9),
(12087, 1294, 10, 10, 9, 10, 9, 9),
(12088, 1294, 10, 9, 10, 10, 9, 9),
(12089, 1294, 10, 10, 10, 9, 10, 10),
(12090, 1295, 9, 9, 9, 8, 9, 8),
(12091, 1295, 8, 9, 9, 9, 8, 9),
(12092, 1295, 9, 8, 9, 9, 8, 9),
(12093, 1295, 8, 9, 8, 9, 8, 8),
(12094, 1295, 9, 8, 9, 8, 9, 9),
(12095, 1295, 8, 9, 8, 9, 8, 9),
(12096, 1296, 9, 9, 9, 9, 9, 8),
(12097, 1296, 9, 9, 9, 9, 8, 9),
(12098, 1296, 10, 9, 9, 9, 9, 9),
(12099, 1296, 9, 10, 9, 9, 9, 9),
(12100, 1296, 10, 9, 10, 9, 9, 9),
(12101, 1296, 9, 10, 9, 9, 9, 9),
(12102, 1297, 10, 10, 9, 9, 9, 9),
(12103, 1297, 9, 10, 10, 9, 9, 9),
(12104, 1297, 10, 10, 9, 10, 9, 9),
(12105, 1297, 10, 9, 10, 9, 9, 10),
(12106, 1297, 10, 10, 10, 9, 9, 10),
(12107, 1297, 9, 10, 9, 10, 9, 9),
(12108, 1298, 10, 10, 9, 10, 9, 9),
(12109, 1298, 9, 10, 10, 9, 10, 9),
(12110, 1298, 10, 10, 9, 10, 9, 10),
(12111, 1298, 10, 9, 10, 10, 9, 10),
(12112, 1298, 10, 10, 10, 9, 10, 10),
(12113, 1298, 10, 10, 9, 10, 9, 10),
(12114, 1299, 9, 9, 8, 9, 8, 8),
(12115, 1299, 8, 9, 9, 8, 9, 8),
(12116, 1299, 9, 8, 9, 9, 8, 9),
(12117, 1299, 8, 9, 8, 9, 8, 8),
(12118, 1299, 9, 8, 9, 8, 9, 9),
(12119, 1299, 8, 9, 8, 8, 9, 8),
(12120, 1299, 9, 9, 8, 9, 8, 8),
(12121, 1299, 8, 9, 9, 8, 9, 8),
(12122, 1299, 9, 8, 9, 9, 8, 9),
(12123, 1299, 8, 9, 8, 9, 8, 8),
(12124, 1299, 9, 8, 9, 8, 9, 9),
(12125, 1299, 8, 9, 8, 8, 9, 8),
(12126, 1300, 9, 9, 9, 8, 9, 8),
(12127, 1300, 8, 9, 9, 9, 8, 9),
(12128, 1300, 9, 8, 9, 9, 8, 9),
(12129, 1300, 8, 9, 8, 9, 8, 8),
(12130, 1300, 9, 8, 9, 8, 9, 9),
(12131, 1300, 8, 9, 8, 9, 8, 9),
(12132, 1301, 9, 9, 9, 9, 9, 8),
(12133, 1301, 9, 9, 9, 9, 8, 9),
(12134, 1301, 10, 9, 9, 9, 9, 9),
(12135, 1301, 9, 10, 9, 9, 9, 9),
(12136, 1301, 10, 9, 10, 9, 9, 9),
(12137, 1301, 9, 10, 9, 9, 9, 9),
(12138, 1302, 10, 10, 9, 9, 9, 9),
(12139, 1302, 9, 10, 10, 9, 9, 9),
(12140, 1302, 10, 10, 9, 10, 9, 9),
(12141, 1302, 10, 9, 10, 9, 9, 10),
(12142, 1302, 10, 10, 10, 9, 9, 10),
(12143, 1302, 9, 10, 9, 10, 9, 9),
(12144, 1303, 10, 10, 9, 10, 9, 9),
(12145, 1303, 9, 10, 10, 9, 10, 9),
(12146, 1303, 10, 10, 9, 10, 9, 10),
(12147, 1303, 10, 9, 10, 10, 9, 10),
(12148, 1303, 10, 10, 10, 9, 10, 10),
(12149, 1303, 10, 10, 9, 10, 9, 10),
(12150, 1304, 9, 9, 8, 9, 8, 8),
(12151, 1304, 8, 9, 9, 8, 9, 8),
(12152, 1304, 9, 8, 9, 9, 8, 9),
(12153, 1304, 8, 9, 8, 9, 8, 8),
(12154, 1304, 9, 8, 9, 8, 9, 8),
(12155, 1304, 8, 9, 8, 8, 9, 8),
(12156, 1304, 9, 8, 8, 9, 8, 8),
(12157, 1304, 8, 9, 8, 8, 9, 8),
(12158, 1304, 9, 8, 9, 8, 8, 9),
(12159, 1304, 8, 9, 8, 8, 8, 8),
(12160, 1304, 9, 8, 9, 8, 9, 8),
(12161, 1304, 8, 9, 8, 8, 8, 8),
(12162, 1305, 9, 9, 8, 9, 8, 8),
(12163, 1305, 8, 9, 9, 8, 9, 8),
(12164, 1305, 9, 8, 9, 9, 8, 9),
(12165, 1305, 8, 9, 8, 9, 8, 8),
(12166, 1305, 9, 8, 9, 8, 9, 8),
(12167, 1305, 8, 9, 8, 8, 9, 8),
(12168, 1305, 9, 8, 8, 9, 8, 8),
(12169, 1305, 8, 9, 8, 8, 9, 8),
(12170, 1305, 9, 8, 9, 8, 8, 9),
(12171, 1305, 8, 9, 8, 8, 8, 8),
(12172, 1305, 9, 8, 9, 8, 9, 8),
(12173, 1305, 8, 9, 8, 8, 8, 8),
(12174, 1306, 10, 10, 9, 10, 9, 9),
(12175, 1306, 9, 10, 10, 9, 10, 9),
(12176, 1306, 10, 10, 9, 10, 9, 10),
(12177, 1306, 10, 9, 10, 10, 9, 10),
(12178, 1306, 10, 10, 10, 9, 10, 10),
(12179, 1306, 9, 10, 9, 10, 9, 9),
(12180, 1306, 10, 9, 9, 10, 9, 9),
(12181, 1306, 9, 10, 9, 9, 10, 9),
(12182, 1306, 10, 9, 10, 9, 9, 10),
(12183, 1306, 9, 10, 9, 10, 9, 9),
(12184, 1306, 10, 10, 9, 10, 9, 10),
(12185, 1306, 10, 9, 10, 10, 9, 10),
(12186, 1307, 10, 9, 9, 9, 9, 9),
(12187, 1307, 9, 10, 9, 9, 9, 9),
(12188, 1307, 10, 9, 10, 9, 9, 9),
(12189, 1307, 9, 10, 9, 10, 9, 9),
(12190, 1307, 10, 10, 9, 10, 9, 9),
(12191, 1307, 9, 9, 9, 9, 9, 8),
(12192, 1307, 9, 9, 9, 9, 8, 9),
(12193, 1307, 10, 9, 9, 9, 9, 8),
(12194, 1307, 9, 10, 9, 9, 8, 9),
(12195, 1307, 10, 9, 10, 9, 9, 9),
(12196, 1307, 10, 10, 9, 9, 9, 9),
(12197, 1307, 9, 10, 10, 9, 9, 9),
(12198, 1307, 10, 10, 9, 9, 9, 10),
(12199, 1307, 10, 9, 10, 9, 9, 10),
(12200, 1307, 10, 10, 9, 10, 9, 9),
(12201, 1308, 9, 9, 8, 9, 8, 8),
(12202, 1308, 8, 9, 9, 8, 9, 8),
(12203, 1308, 9, 8, 9, 9, 8, 9),
(12204, 1308, 8, 9, 8, 9, 8, 8),
(12205, 1308, 9, 8, 9, 8, 9, 9),
(12206, 1308, 8, 9, 8, 8, 9, 8),
(12207, 1308, 9, 9, 8, 9, 8, 8),
(12208, 1308, 8, 9, 9, 8, 9, 8),
(12209, 1308, 9, 8, 9, 9, 8, 9),
(12210, 1308, 8, 9, 8, 9, 8, 8),
(12211, 1308, 9, 8, 9, 8, 9, 9),
(12212, 1308, 8, 9, 8, 8, 9, 8),
(12213, 1309, 9, 9, 9, 9, 8, 9),
(12214, 1309, 9, 9, 8, 9, 9, 8),
(12215, 1309, 9, 8, 9, 9, 9, 9),
(12216, 1309, 8, 9, 9, 9, 8, 9),
(12217, 1309, 9, 9, 9, 8, 9, 9),
(12218, 1310, 10, 9, 9, 9, 9, 9),
(12219, 1310, 9, 10, 9, 9, 9, 9),
(12220, 1310, 10, 9, 10, 9, 9, 9),
(12221, 1310, 9, 10, 9, 10, 9, 9),
(12222, 1310, 10, 10, 9, 9, 9, 10),
(12223, 1311, 10, 10, 9, 10, 9, 9),
(12224, 1311, 9, 10, 10, 9, 10, 9),
(12225, 1311, 10, 10, 9, 10, 9, 10),
(12226, 1311, 10, 9, 10, 10, 9, 10),
(12227, 1311, 10, 10, 10, 10, 9, 10),
(12228, 1312, 9, 9, 8, 9, 8, 8),
(12229, 1312, 8, 9, 9, 8, 9, 8),
(12230, 1312, 9, 8, 9, 9, 8, 9),
(12231, 1312, 8, 9, 8, 9, 8, 8),
(12232, 1312, 9, 8, 9, 8, 9, 9),
(12233, 1312, 8, 9, 8, 8, 9, 8),
(12234, 1312, 9, 9, 8, 9, 8, 8),
(12235, 1312, 8, 9, 9, 8, 9, 8),
(12236, 1312, 9, 8, 9, 9, 8, 9),
(12237, 1312, 8, 9, 8, 9, 8, 8),
(12238, 1312, 9, 8, 9, 8, 9, 9),
(12239, 1312, 8, 9, 8, 8, 9, 8),
(12240, 1313, 9, 9, 8, 9, 8, 8),
(12241, 1313, 8, 9, 9, 8, 9, 8),
(12242, 1313, 9, 8, 9, 9, 8, 9),
(12243, 1313, 8, 9, 8, 9, 8, 8),
(12244, 1313, 9, 8, 9, 8, 9, 9),
(12245, 1313, 8, 9, 8, 8, 9, 8),
(12246, 1313, 9, 9, 8, 9, 8, 8),
(12247, 1313, 8, 9, 9, 8, 9, 8),
(12248, 1313, 9, 8, 9, 9, 8, 9),
(12249, 1313, 8, 9, 8, 9, 8, 8),
(12250, 1313, 9, 8, 9, 8, 9, 9),
(12251, 1313, 8, 9, 8, 8, 9, 8),
(12252, 1314, 9, 9, 8, 9, 8, 8),
(12253, 1314, 8, 9, 9, 8, 9, 8),
(12254, 1314, 9, 8, 9, 9, 8, 9),
(12255, 1314, 8, 9, 8, 9, 8, 8),
(12256, 1314, 9, 8, 9, 8, 9, 9),
(12257, 1314, 8, 9, 8, 8, 9, 8),
(12258, 1314, 9, 9, 8, 9, 8, 8),
(12259, 1314, 8, 9, 9, 8, 9, 8),
(12260, 1314, 9, 8, 9, 9, 8, 9),
(12261, 1314, 8, 9, 8, 9, 8, 8),
(12262, 1314, 9, 8, 9, 8, 9, 9),
(12263, 1314, 8, 9, 8, 8, 9, 8),
(12264, 1315, 10, 9, 9, 9, 9, 9),
(12265, 1315, 9, 10, 9, 9, 9, 9),
(12266, 1315, 10, 9, 10, 9, 9, 9),
(12267, 1315, 9, 10, 9, 10, 9, 9),
(12268, 1315, 10, 10, 9, 10, 9, 9),
(12269, 1315, 9, 9, 9, 9, 9, 8),
(12270, 1315, 9, 9, 9, 9, 8, 9),
(12271, 1315, 10, 9, 9, 9, 9, 8),
(12272, 1315, 9, 10, 9, 9, 8, 9),
(12273, 1315, 10, 9, 10, 9, 9, 9),
(12274, 1315, 10, 10, 9, 9, 9, 9),
(12275, 1315, 9, 10, 10, 9, 9, 9),
(12276, 1315, 10, 10, 9, 9, 9, 10),
(12277, 1315, 10, 9, 10, 9, 9, 10),
(12278, 1315, 10, 10, 9, 10, 9, 9),
(12279, 1316, 9, 9, 8, 9, 8, 8),
(12280, 1316, 8, 9, 9, 8, 9, 8),
(12281, 1316, 9, 8, 9, 9, 8, 9),
(12282, 1316, 8, 9, 8, 9, 8, 8),
(12283, 1316, 9, 8, 9, 8, 9, 9),
(12284, 1316, 8, 9, 8, 8, 9, 8),
(12285, 1317, 9, 9, 9, 9, 9, 9),
(12286, 1317, 9, 9, 9, 9, 9, 9),
(12287, 1317, 10, 9, 9, 9, 9, 9),
(12288, 1317, 9, 10, 9, 9, 9, 9),
(12289, 1317, 10, 9, 10, 9, 9, 10),
(12290, 1317, 9, 10, 9, 9, 10, 9),
(12291, 1318, 10, 10, 9, 10, 9, 9),
(12292, 1318, 9, 10, 10, 9, 10, 9),
(12293, 1318, 10, 10, 9, 10, 9, 10),
(12294, 1318, 10, 9, 10, 10, 9, 10),
(12295, 1318, 10, 10, 10, 9, 10, 10),
(12296, 1318, 9, 10, 9, 10, 9, 9),
(12297, 1319, 10, 10, 9, 10, 9, 9),
(12298, 1319, 9, 10, 10, 9, 10, 9),
(12299, 1319, 10, 10, 9, 10, 9, 10),
(12300, 1319, 10, 9, 10, 10, 9, 10),
(12301, 1319, 10, 10, 10, 9, 10, 10),
(12302, 1319, 9, 10, 9, 10, 9, 9),
(12303, 1320, 9, 9, 8, 9, 8, 8),
(12304, 1320, 8, 9, 9, 8, 9, 8),
(12305, 1320, 9, 8, 9, 9, 8, 9),
(12306, 1320, 8, 9, 8, 9, 8, 8),
(12307, 1320, 9, 8, 9, 8, 9, 8),
(12308, 1320, 8, 9, 8, 8, 9, 8),
(12309, 1320, 9, 8, 8, 9, 8, 8),
(12310, 1320, 8, 9, 8, 8, 9, 8),
(12311, 1320, 9, 8, 9, 8, 8, 9),
(12312, 1320, 8, 9, 8, 8, 8, 8),
(12313, 1320, 9, 8, 9, 8, 9, 8),
(12314, 1320, 8, 9, 8, 8, 8, 8),
(12315, 1321, 10, 9, 9, 9, 9, 9),
(12316, 1321, 9, 10, 9, 9, 9, 9),
(12317, 1321, 10, 9, 10, 9, 9, 9),
(12318, 1321, 9, 10, 9, 10, 9, 9),
(12319, 1321, 10, 10, 9, 10, 9, 9),
(12320, 1321, 9, 9, 9, 9, 9, 8),
(12321, 1321, 9, 9, 9, 9, 8, 9),
(12322, 1321, 10, 9, 9, 9, 9, 8),
(12323, 1321, 9, 10, 9, 9, 8, 9),
(12324, 1321, 10, 9, 10, 9, 9, 9),
(12325, 1321, 10, 10, 9, 9, 9, 9),
(12326, 1321, 9, 10, 10, 9, 9, 9),
(12327, 1321, 10, 10, 9, 9, 9, 10),
(12328, 1321, 10, 9, 10, 9, 9, 10),
(12329, 1321, 10, 10, 9, 10, 9, 9),
(12330, 1322, 9, 9, 8, 9, 8, 8),
(12331, 1322, 8, 9, 9, 8, 9, 8),
(12332, 1322, 9, 8, 9, 9, 8, 9),
(12333, 1322, 8, 9, 8, 9, 8, 8),
(12334, 1322, 9, 8, 9, 8, 9, 9),
(12335, 1322, 8, 9, 8, 8, 9, 8),
(12336, 1322, 9, 9, 8, 9, 8, 8),
(12337, 1322, 8, 9, 9, 8, 9, 8),
(12338, 1322, 9, 8, 9, 9, 8, 9),
(12339, 1322, 8, 9, 8, 9, 8, 8),
(12340, 1322, 9, 8, 9, 8, 9, 9),
(12341, 1322, 8, 9, 8, 8, 9, 8),
(12342, 1323, 9, 9, 8, 9, 8, 8),
(12343, 1323, 8, 9, 9, 8, 9, 8),
(12344, 1323, 9, 8, 9, 9, 8, 9),
(12345, 1323, 8, 9, 8, 9, 8, 8),
(12346, 1323, 9, 8, 9, 8, 9, 9),
(12347, 1323, 8, 9, 8, 8, 9, 8),
(12348, 1323, 9, 9, 8, 9, 8, 8),
(12349, 1323, 8, 9, 9, 8, 9, 8),
(12350, 1323, 9, 8, 9, 9, 8, 9),
(12351, 1323, 8, 9, 8, 9, 8, 8),
(12352, 1323, 9, 8, 9, 8, 9, 9),
(12353, 1323, 8, 9, 8, 8, 9, 8),
(12354, 1324, 9, 9, 8, 9, 8, 8),
(12355, 1324, 8, 9, 9, 8, 9, 8),
(12356, 1324, 9, 8, 9, 9, 8, 9),
(12357, 1324, 8, 9, 8, 9, 8, 8),
(12358, 1324, 9, 8, 9, 8, 9, 9),
(12359, 1324, 8, 9, 8, 8, 9, 8),
(12360, 1324, 9, 9, 8, 9, 8, 8),
(12361, 1324, 8, 9, 9, 8, 9, 8),
(12362, 1324, 9, 8, 9, 9, 8, 9),
(12363, 1324, 8, 9, 8, 9, 8, 8),
(12364, 1324, 9, 8, 9, 8, 9, 9),
(12365, 1324, 8, 9, 8, 8, 9, 8),
(12366, 1325, 9, 9, 9, 9, 9, 9),
(12367, 1325, 9, 9, 9, 9, 9, 9),
(12368, 1325, 10, 9, 9, 9, 9, 9),
(12369, 1325, 9, 10, 9, 9, 9, 9),
(12370, 1325, 10, 9, 10, 9, 9, 10),
(12371, 1325, 9, 10, 9, 9, 10, 9),
(12372, 1325, 9, 9, 8, 9, 8, 8),
(12373, 1325, 8, 9, 9, 8, 9, 8),
(12374, 1325, 9, 8, 9, 9, 8, 9),
(12375, 1325, 8, 9, 8, 9, 8, 8),
(12376, 1325, 9, 8, 9, 8, 9, 9),
(12377, 1325, 8, 9, 8, 8, 9, 8),
(12378, 1326, 9, 9, 8, 9, 8, 8),
(12379, 1326, 8, 9, 9, 8, 9, 8),
(12380, 1326, 9, 8, 9, 9, 8, 9),
(12381, 1326, 8, 9, 8, 9, 8, 8),
(12382, 1326, 9, 8, 9, 8, 9, 9),
(12383, 1326, 8, 9, 8, 8, 9, 8),
(12384, 1327, 9, 9, 9, 9, 9, 9),
(12385, 1327, 9, 9, 9, 9, 9, 9),
(12386, 1327, 10, 9, 9, 9, 9, 9),
(12387, 1327, 9, 10, 9, 9, 9, 9),
(12388, 1327, 10, 9, 10, 9, 9, 10),
(12389, 1327, 9, 10, 9, 9, 10, 9),
(12390, 1328, 10, 10, 9, 10, 9, 9),
(12391, 1328, 9, 10, 10, 9, 10, 9),
(12392, 1328, 10, 10, 9, 10, 9, 10),
(12393, 1328, 10, 9, 10, 10, 9, 10),
(12394, 1328, 10, 10, 10, 9, 10, 10),
(12395, 1328, 9, 10, 9, 10, 9, 9),
(12396, 1329, 10, 10, 9, 10, 9, 9),
(12397, 1329, 9, 10, 10, 9, 10, 9),
(12398, 1329, 10, 10, 9, 10, 9, 10),
(12399, 1329, 10, 9, 10, 10, 9, 10),
(12400, 1329, 10, 10, 10, 9, 10, 10),
(12401, 1329, 9, 10, 9, 10, 9, 9),
(12402, 1330, 9, 9, 9, 9, 8, 9),
(12403, 1330, 9, 9, 8, 9, 9, 8),
(12404, 1330, 9, 8, 9, 9, 9, 9),
(12405, 1330, 8, 9, 9, 9, 8, 9),
(12406, 1330, 9, 9, 9, 8, 9, 9),
(12407, 1331, 10, 9, 9, 9, 9, 9),
(12408, 1331, 9, 10, 9, 9, 9, 9),
(12409, 1331, 10, 9, 10, 9, 9, 9),
(12410, 1331, 9, 10, 9, 10, 9, 9),
(12411, 1331, 10, 10, 9, 9, 9, 10),
(12412, 1332, 10, 10, 9, 10, 9, 9),
(12413, 1332, 9, 10, 10, 9, 10, 9),
(12414, 1332, 10, 10, 9, 10, 9, 10),
(12415, 1332, 10, 9, 10, 10, 9, 10),
(12416, 1332, 10, 10, 10, 10, 9, 10),
(12417, 1333, 10, 9, 9, 9, 9, 9),
(12418, 1333, 9, 10, 9, 9, 9, 9),
(12419, 1333, 10, 9, 10, 9, 9, 9),
(12420, 1333, 9, 10, 9, 10, 9, 9),
(12421, 1333, 10, 10, 9, 10, 9, 9),
(12422, 1333, 9, 9, 9, 9, 9, 8),
(12423, 1333, 9, 9, 9, 9, 8, 9),
(12424, 1333, 10, 9, 9, 9, 9, 8),
(12425, 1333, 9, 10, 9, 9, 8, 9),
(12426, 1333, 10, 9, 10, 9, 9, 9),
(12427, 1333, 10, 10, 9, 9, 9, 9),
(12428, 1333, 9, 10, 10, 9, 9, 9),
(12429, 1333, 10, 10, 9, 9, 9, 10),
(12430, 1333, 10, 9, 10, 9, 9, 10),
(12431, 1333, 10, 10, 9, 10, 9, 9),
(12432, 1334, 9, 9, 8, 9, 8, 8),
(12433, 1334, 8, 9, 9, 8, 9, 8),
(12434, 1334, 9, 8, 9, 9, 8, 9),
(12435, 1334, 8, 9, 8, 9, 8, 8),
(12436, 1334, 9, 8, 9, 8, 9, 9),
(12437, 1334, 8, 9, 8, 8, 9, 8),
(12438, 1334, 9, 9, 8, 9, 8, 8),
(12439, 1334, 8, 9, 9, 8, 9, 8),
(12440, 1334, 9, 8, 9, 9, 8, 9),
(12441, 1334, 8, 9, 8, 9, 8, 8),
(12442, 1334, 9, 8, 9, 8, 9, 9),
(12443, 1334, 8, 9, 8, 8, 9, 8),
(12444, 1335, 9, 9, 9, 9, 9, 9),
(12445, 1335, 9, 9, 9, 9, 9, 9),
(12446, 1335, 10, 9, 9, 9, 9, 9),
(12447, 1335, 9, 10, 9, 9, 9, 9),
(12448, 1335, 10, 9, 10, 9, 9, 10),
(12449, 1335, 9, 10, 9, 9, 10, 9),
(12450, 1335, 9, 9, 8, 9, 8, 8),
(12451, 1335, 8, 9, 9, 8, 9, 8),
(12452, 1335, 9, 8, 9, 9, 8, 9),
(12453, 1335, 8, 9, 8, 9, 8, 8),
(12454, 1335, 9, 8, 9, 8, 9, 9),
(12455, 1335, 8, 9, 8, 8, 9, 8),
(12456, 1336, 9, 9, 8, 9, 8, 8),
(12457, 1336, 8, 9, 9, 8, 9, 8),
(12458, 1336, 9, 8, 9, 9, 8, 9),
(12459, 1336, 8, 9, 8, 9, 8, 8),
(12460, 1336, 9, 8, 9, 8, 9, 9),
(12461, 1336, 8, 9, 8, 8, 9, 8),
(12462, 1337, 9, 9, 9, 9, 9, 9),
(12463, 1337, 9, 9, 9, 9, 9, 9),
(12464, 1337, 10, 9, 9, 9, 9, 9),
(12465, 1337, 9, 10, 9, 9, 9, 9),
(12466, 1337, 10, 9, 10, 9, 9, 10),
(12467, 1337, 9, 10, 9, 9, 10, 9),
(12468, 1338, 10, 10, 9, 10, 9, 9),
(12469, 1338, 9, 10, 10, 9, 10, 9),
(12470, 1338, 10, 10, 9, 10, 9, 10),
(12471, 1338, 10, 9, 10, 10, 9, 10),
(12472, 1338, 10, 10, 10, 9, 10, 10),
(12473, 1338, 9, 10, 9, 10, 9, 9),
(12474, 1339, 10, 10, 9, 10, 9, 9),
(12475, 1339, 9, 10, 10, 9, 10, 9),
(12476, 1339, 10, 10, 9, 10, 9, 10),
(12477, 1339, 10, 9, 10, 10, 9, 10),
(12478, 1339, 10, 10, 10, 9, 10, 10),
(12479, 1339, 9, 10, 9, 10, 9, 9),
(12480, 1340, 10, 10, 9, 10, 9, 9),
(12481, 1340, 9, 10, 10, 9, 10, 9),
(12482, 1340, 10, 10, 9, 10, 9, 10),
(12483, 1340, 10, 9, 10, 10, 9, 10),
(12484, 1340, 10, 10, 10, 9, 10, 10),
(12485, 1340, 9, 10, 9, 10, 9, 9),
(12486, 1340, 10, 9, 9, 10, 9, 9),
(12487, 1340, 9, 10, 9, 9, 10, 9),
(12488, 1340, 10, 9, 10, 9, 9, 10),
(12489, 1340, 9, 10, 9, 10, 9, 9),
(12490, 1340, 10, 10, 9, 10, 9, 10),
(12491, 1340, 10, 9, 10, 10, 9, 10),
(12492, 1341, 9, 9, 8, 9, 8, 8),
(12493, 1341, 8, 9, 9, 8, 9, 8),
(12494, 1341, 9, 8, 9, 9, 8, 9),
(12495, 1341, 8, 9, 8, 9, 8, 8),
(12496, 1341, 9, 8, 9, 8, 9, 8),
(12497, 1341, 8, 9, 8, 8, 9, 8),
(12498, 1341, 9, 8, 8, 9, 8, 8),
(12499, 1341, 8, 9, 8, 8, 9, 8),
(12500, 1341, 9, 8, 9, 8, 8, 9),
(12501, 1341, 8, 9, 8, 8, 8, 8),
(12502, 1341, 9, 8, 9, 8, 9, 8),
(12503, 1341, 8, 9, 8, 8, 8, 8),
(12504, 1342, 9, 9, 8, 9, 8, 8),
(12505, 1342, 8, 9, 9, 8, 9, 8),
(12506, 1342, 9, 8, 9, 9, 8, 9),
(12507, 1342, 8, 9, 8, 9, 8, 8),
(12508, 1342, 9, 8, 9, 8, 9, 9),
(12509, 1342, 8, 9, 8, 8, 9, 8),
(12510, 1342, 9, 9, 8, 9, 8, 8),
(12511, 1342, 8, 9, 9, 8, 9, 8),
(12512, 1342, 9, 8, 9, 9, 8, 9),
(12513, 1342, 8, 9, 8, 9, 8, 8),
(12514, 1342, 9, 8, 9, 8, 9, 9),
(12515, 1342, 8, 9, 8, 8, 9, 8),
(12516, 1343, 9, 9, 8, 9, 8, 8),
(12517, 1343, 8, 9, 9, 8, 9, 8),
(12518, 1343, 9, 8, 9, 9, 8, 9),
(12519, 1343, 8, 9, 8, 9, 8, 8),
(12520, 1343, 9, 8, 9, 8, 9, 9),
(12521, 1343, 8, 9, 8, 8, 9, 8),
(12522, 1343, 9, 9, 8, 9, 8, 8),
(12523, 1343, 8, 9, 9, 8, 9, 8),
(12524, 1343, 9, 8, 9, 9, 8, 9),
(12525, 1343, 8, 9, 8, 9, 8, 8),
(12526, 1343, 9, 8, 9, 8, 9, 9),
(12527, 1343, 8, 9, 8, 8, 9, 8),
(12528, 1344, 9, 9, 8, 9, 8, 8),
(12529, 1344, 8, 9, 9, 8, 9, 8),
(12530, 1344, 9, 8, 9, 9, 8, 9),
(12531, 1344, 8, 9, 8, 9, 8, 8),
(12532, 1344, 9, 8, 9, 8, 9, 9),
(12533, 1344, 8, 9, 8, 8, 9, 8),
(12534, 1344, 9, 9, 8, 9, 8, 8),
(12535, 1344, 8, 9, 9, 8, 9, 8),
(12536, 1344, 9, 8, 9, 9, 8, 9),
(12537, 1344, 8, 9, 8, 9, 8, 8),
(12538, 1344, 9, 8, 9, 8, 9, 9),
(12539, 1344, 8, 9, 8, 8, 9, 8),
(12540, 1345, 9, 9, 8, 9, 8, 8),
(12541, 1345, 8, 9, 9, 8, 9, 8),
(12542, 1345, 9, 8, 9, 9, 8, 9),
(12543, 1345, 8, 9, 8, 9, 8, 8),
(12544, 1345, 9, 8, 9, 8, 9, 8),
(12545, 1346, 9, 9, 9, 9, 9, 8),
(12546, 1346, 9, 9, 9, 9, 8, 9),
(12547, 1346, 10, 9, 9, 9, 9, 8),
(12548, 1346, 9, 10, 9, 9, 8, 9),
(12549, 1346, 10, 9, 10, 9, 9, 9),
(12550, 1347, 10, 10, 9, 9, 9, 9),
(12551, 1347, 9, 10, 10, 9, 9, 9),
(12552, 1347, 10, 10, 9, 10, 9, 9),
(12553, 1347, 10, 9, 10, 10, 9, 9),
(12554, 1347, 10, 10, 10, 9, 10, 10),
(12555, 1348, 10, 10, 9, 10, 9, 9),
(12556, 1348, 9, 10, 10, 9, 10, 9),
(12557, 1348, 10, 10, 9, 10, 9, 10),
(12558, 1348, 10, 9, 10, 10, 9, 10),
(12559, 1348, 10, 10, 10, 9, 10, 10),
(12560, 1348, 9, 10, 9, 10, 9, 9),
(12561, 1348, 10, 9, 9, 10, 9, 9),
(12562, 1348, 9, 10, 9, 9, 10, 9),
(12563, 1348, 10, 9, 10, 9, 9, 10),
(12564, 1348, 9, 10, 9, 10, 9, 9),
(12565, 1348, 10, 10, 9, 10, 9, 10),
(12566, 1348, 10, 9, 10, 10, 9, 10),
(12567, 1349, 10, 9, 9, 9, 9, 9),
(12568, 1349, 9, 10, 9, 9, 9, 9),
(12569, 1349, 10, 9, 10, 9, 9, 9),
(12570, 1349, 9, 10, 9, 10, 9, 9),
(12571, 1349, 10, 10, 9, 10, 9, 9),
(12572, 1349, 9, 9, 9, 9, 9, 8),
(12573, 1349, 9, 9, 9, 9, 8, 9),
(12574, 1349, 10, 9, 9, 9, 9, 8),
(12575, 1349, 9, 10, 9, 9, 8, 9),
(12576, 1349, 10, 9, 10, 9, 9, 9),
(12577, 1349, 10, 10, 9, 9, 9, 9),
(12578, 1349, 9, 10, 10, 9, 9, 9),
(12579, 1349, 10, 10, 9, 9, 9, 10),
(12580, 1349, 10, 9, 10, 9, 9, 10),
(12581, 1349, 10, 10, 9, 10, 9, 9),
(12582, 1350, 10, 9, 9, 9, 9, 9),
(12583, 1350, 9, 10, 9, 9, 9, 9),
(12584, 1350, 10, 9, 10, 9, 9, 9),
(12585, 1350, 9, 10, 9, 10, 9, 9),
(12586, 1350, 10, 10, 9, 10, 9, 9),
(12587, 1350, 9, 9, 9, 9, 9, 8),
(12588, 1350, 9, 9, 9, 9, 8, 9),
(12589, 1350, 10, 9, 9, 9, 9, 8),
(12590, 1350, 9, 10, 9, 9, 8, 9),
(12591, 1350, 10, 9, 10, 9, 9, 9),
(12592, 1350, 10, 10, 9, 9, 9, 9),
(12593, 1350, 9, 10, 10, 9, 9, 9),
(12594, 1350, 10, 10, 9, 9, 9, 10),
(12595, 1350, 10, 9, 10, 9, 9, 10),
(12596, 1350, 10, 10, 9, 10, 9, 9),
(12597, 1351, 9, 9, 8, 9, 8, 8),
(12598, 1351, 8, 9, 9, 8, 9, 8),
(12599, 1351, 9, 8, 9, 9, 8, 9),
(12600, 1351, 8, 9, 8, 9, 8, 8),
(12601, 1351, 9, 8, 9, 8, 9, 8),
(12602, 1351, 8, 9, 8, 8, 9, 8),
(12603, 1351, 9, 8, 8, 9, 8, 8),
(12604, 1351, 8, 9, 8, 8, 9, 8),
(12605, 1351, 9, 8, 9, 8, 8, 9),
(12606, 1351, 8, 9, 8, 8, 8, 8),
(12607, 1351, 9, 8, 9, 8, 9, 8),
(12608, 1351, 8, 9, 8, 8, 8, 8),
(12609, 1352, 9, 9, 8, 9, 8, 8),
(12610, 1352, 8, 9, 9, 8, 9, 8),
(12611, 1352, 9, 8, 9, 9, 8, 9),
(12612, 1352, 8, 9, 8, 9, 8, 8),
(12613, 1352, 9, 8, 9, 8, 9, 9),
(12614, 1352, 8, 9, 8, 8, 9, 8),
(12615, 1353, 9, 9, 9, 9, 9, 9),
(12616, 1353, 9, 9, 9, 9, 9, 9),
(12617, 1353, 10, 9, 9, 9, 9, 9),
(12618, 1353, 9, 10, 9, 9, 9, 9),
(12619, 1353, 10, 9, 10, 9, 9, 10),
(12620, 1353, 9, 10, 9, 9, 10, 9),
(12621, 1354, 10, 10, 9, 10, 9, 9),
(12622, 1354, 9, 10, 10, 9, 10, 9),
(12623, 1354, 10, 10, 9, 10, 9, 10),
(12624, 1354, 10, 9, 10, 10, 9, 10),
(12625, 1354, 10, 10, 10, 9, 10, 10),
(12626, 1354, 9, 10, 9, 10, 9, 9),
(12627, 1355, 10, 10, 9, 10, 9, 9),
(12628, 1355, 9, 10, 10, 9, 10, 9),
(12629, 1355, 10, 10, 9, 10, 9, 10),
(12630, 1355, 10, 9, 10, 10, 9, 10),
(12631, 1355, 10, 10, 10, 9, 10, 10),
(12632, 1355, 9, 10, 9, 10, 9, 9),
(12633, 1356, 10, 10, 9, 10, 9, 9),
(12634, 1356, 9, 10, 10, 9, 10, 9),
(12635, 1356, 10, 10, 9, 10, 9, 10),
(12636, 1356, 10, 9, 10, 10, 9, 10),
(12637, 1356, 10, 10, 10, 9, 10, 10),
(12638, 1356, 9, 10, 9, 10, 9, 9),
(12639, 1356, 10, 9, 9, 10, 9, 9),
(12640, 1356, 9, 10, 9, 9, 10, 9),
(12641, 1356, 10, 9, 10, 9, 9, 10),
(12642, 1356, 9, 10, 9, 10, 9, 9),
(12643, 1356, 10, 10, 9, 10, 9, 10),
(12644, 1356, 10, 9, 10, 10, 9, 10),
(12645, 1357, 9, 9, 8, 9, 8, 8),
(12646, 1357, 8, 9, 9, 8, 9, 8),
(12647, 1357, 9, 8, 9, 9, 8, 9),
(12648, 1357, 8, 9, 8, 9, 8, 8),
(12649, 1357, 9, 8, 9, 8, 9, 9),
(12650, 1357, 8, 9, 8, 8, 9, 8),
(12651, 1357, 9, 9, 8, 9, 8, 8),
(12652, 1357, 8, 9, 9, 8, 9, 8),
(12653, 1357, 9, 8, 9, 9, 8, 9),
(12654, 1357, 8, 9, 8, 9, 8, 8),
(12655, 1357, 9, 8, 9, 8, 9, 9),
(12656, 1357, 8, 9, 8, 8, 9, 8),
(12657, 1358, 9, 9, 8, 9, 8, 8),
(12658, 1358, 8, 9, 9, 8, 9, 8),
(12659, 1358, 9, 8, 9, 9, 8, 9),
(12660, 1358, 8, 9, 8, 9, 8, 8),
(12661, 1358, 9, 8, 9, 8, 9, 9),
(12662, 1358, 8, 9, 8, 8, 9, 8),
(12663, 1358, 9, 9, 8, 9, 8, 8),
(12664, 1358, 8, 9, 9, 8, 9, 8),
(12665, 1358, 9, 8, 9, 9, 8, 9),
(12666, 1358, 8, 9, 8, 9, 8, 8),
(12667, 1358, 9, 8, 9, 8, 9, 9),
(12668, 1358, 8, 9, 8, 8, 9, 8),
(12669, 1359, 10, 9, 9, 9, 9, 9),
(12670, 1359, 9, 10, 9, 9, 9, 9),
(12671, 1359, 10, 9, 10, 9, 9, 9),
(12672, 1359, 9, 10, 9, 10, 9, 9),
(12673, 1359, 10, 10, 9, 10, 9, 9),
(12674, 1359, 9, 9, 9, 9, 9, 8),
(12675, 1359, 9, 9, 9, 9, 8, 9),
(12676, 1359, 10, 9, 9, 9, 9, 8),
(12677, 1359, 9, 10, 9, 9, 8, 9),
(12678, 1359, 10, 9, 10, 9, 9, 9),
(12679, 1359, 10, 10, 9, 9, 9, 9),
(12680, 1359, 9, 10, 10, 9, 9, 9),
(12681, 1359, 10, 10, 9, 9, 9, 10),
(12682, 1359, 10, 9, 10, 9, 9, 10),
(12683, 1359, 10, 10, 9, 10, 9, 9),
(12684, 1360, 9, 9, 8, 9, 8, 8),
(12685, 1360, 8, 9, 9, 8, 9, 8),
(12686, 1360, 9, 8, 9, 9, 8, 9),
(12687, 1360, 8, 9, 8, 9, 8, 8),
(12688, 1360, 9, 8, 9, 8, 9, 9),
(12689, 1360, 8, 9, 8, 8, 9, 8),
(12690, 1360, 9, 9, 8, 9, 8, 8),
(12691, 1360, 8, 9, 9, 8, 9, 8),
(12692, 1360, 9, 8, 9, 9, 8, 9),
(12693, 1360, 8, 9, 8, 9, 8, 8),
(12694, 1360, 9, 8, 9, 8, 9, 9),
(12695, 1360, 8, 9, 8, 8, 9, 8),
(12696, 1361, 9, 9, 9, 9, 9, 9),
(12697, 1361, 9, 9, 9, 9, 9, 9),
(12698, 1361, 10, 9, 9, 9, 9, 9),
(12699, 1361, 9, 10, 9, 9, 9, 9),
(12700, 1361, 10, 9, 10, 9, 9, 10),
(12701, 1361, 9, 10, 9, 9, 10, 9),
(12702, 1361, 9, 9, 8, 9, 8, 8),
(12703, 1361, 8, 9, 9, 8, 9, 8),
(12704, 1361, 9, 8, 9, 9, 8, 9),
(12705, 1361, 8, 9, 8, 9, 8, 8),
(12706, 1361, 9, 8, 9, 8, 9, 9),
(12707, 1361, 8, 9, 8, 8, 9, 8),
(12708, 1362, 9, 9, 8, 9, 8, 8),
(12709, 1362, 8, 9, 9, 8, 9, 8),
(12710, 1362, 9, 8, 9, 9, 8, 9),
(12711, 1362, 8, 9, 8, 9, 8, 8),
(12712, 1362, 9, 8, 9, 8, 9, 9),
(12713, 1362, 8, 9, 8, 8, 9, 8),
(12714, 1363, 9, 9, 9, 9, 9, 9),
(12715, 1363, 9, 9, 9, 9, 9, 9),
(12716, 1363, 10, 9, 9, 9, 9, 9),
(12717, 1363, 9, 10, 9, 9, 9, 9),
(12718, 1363, 10, 9, 10, 9, 9, 10),
(12719, 1363, 9, 10, 9, 9, 10, 9),
(12720, 1364, 10, 10, 9, 10, 9, 9),
(12721, 1364, 9, 10, 10, 9, 10, 9),
(12722, 1364, 10, 10, 9, 10, 9, 10),
(12723, 1364, 10, 9, 10, 10, 9, 10),
(12724, 1364, 10, 10, 10, 9, 10, 10),
(12725, 1364, 9, 10, 9, 10, 9, 9),
(12726, 1365, 10, 10, 9, 10, 9, 9),
(12727, 1365, 9, 10, 10, 9, 10, 9),
(12728, 1365, 10, 10, 9, 10, 9, 10),
(12729, 1365, 10, 9, 10, 10, 9, 10),
(12730, 1365, 10, 10, 10, 9, 10, 10),
(12731, 1365, 9, 10, 9, 10, 9, 9),
(12732, 1366, 9, 9, 8, 9, 8, 8),
(12733, 1366, 8, 9, 9, 8, 9, 8),
(12734, 1366, 9, 8, 9, 9, 8, 9),
(12735, 1366, 8, 9, 8, 9, 8, 8),
(12736, 1366, 9, 8, 9, 8, 9, 8),
(12737, 1366, 8, 9, 8, 8, 9, 8),
(12738, 1366, 9, 8, 8, 9, 8, 8),
(12739, 1366, 8, 9, 8, 8, 9, 8),
(12740, 1366, 9, 8, 9, 8, 8, 9),
(12741, 1366, 8, 9, 8, 8, 8, 8),
(12742, 1366, 9, 8, 9, 8, 9, 8),
(12743, 1366, 8, 9, 8, 8, 8, 8),
(12744, 1367, 9, 9, 8, 9, 8, 8),
(12745, 1367, 8, 9, 9, 8, 9, 8),
(12746, 1367, 9, 8, 9, 9, 8, 9),
(12747, 1367, 8, 9, 8, 9, 8, 8),
(12748, 1367, 9, 8, 9, 8, 9, 9),
(12749, 1367, 8, 9, 8, 8, 9, 8),
(12750, 1367, 9, 9, 8, 9, 8, 8),
(12751, 1367, 8, 9, 9, 8, 9, 8),
(12752, 1367, 9, 8, 9, 9, 8, 9),
(12753, 1367, 8, 9, 8, 9, 8, 8),
(12754, 1367, 9, 8, 9, 8, 9, 9),
(12755, 1367, 8, 9, 8, 8, 9, 8),
(12756, 1368, 9, 9, 8, 9, 8, 8),
(12757, 1368, 8, 9, 9, 8, 9, 8),
(12758, 1368, 9, 8, 9, 9, 8, 9),
(12759, 1368, 8, 9, 8, 9, 8, 8),
(12760, 1368, 9, 8, 9, 8, 9, 8),
(12761, 1368, 8, 9, 8, 8, 9, 8),
(12762, 1368, 9, 8, 8, 9, 8, 8),
(12763, 1368, 8, 9, 8, 8, 9, 8),
(12764, 1368, 9, 8, 9, 8, 8, 9),
(12765, 1368, 8, 9, 8, 8, 8, 8),
(12766, 1368, 9, 8, 9, 8, 9, 8),
(12767, 1368, 8, 9, 8, 8, 8, 8),
(12768, 1369, 9, 9, 8, 9, 8, 8),
(12769, 1369, 8, 9, 9, 8, 9, 8),
(12770, 1369, 9, 8, 9, 9, 8, 9),
(12771, 1369, 8, 9, 8, 9, 8, 8),
(12772, 1369, 9, 8, 9, 8, 9, 8),
(12773, 1370, 9, 9, 9, 9, 9, 8),
(12774, 1370, 9, 9, 9, 9, 8, 9),
(12775, 1370, 10, 9, 9, 9, 9, 8),
(12776, 1370, 9, 10, 9, 9, 8, 9),
(12777, 1370, 10, 9, 10, 9, 9, 9),
(12778, 1371, 10, 10, 9, 9, 9, 9),
(12779, 1371, 9, 10, 10, 9, 9, 9),
(12780, 1371, 10, 10, 9, 10, 9, 9),
(12781, 1371, 10, 9, 10, 10, 9, 9),
(12782, 1371, 10, 10, 10, 9, 10, 10),
(12783, 1372, 10, 10, 9, 10, 9, 9),
(12784, 1372, 9, 10, 10, 9, 10, 9),
(12785, 1372, 10, 10, 9, 10, 9, 10),
(12786, 1372, 10, 9, 10, 10, 9, 10),
(12787, 1372, 10, 10, 10, 9, 10, 10),
(12788, 1372, 9, 10, 9, 10, 9, 9),
(12789, 1372, 10, 9, 9, 10, 9, 9),
(12790, 1372, 9, 10, 9, 9, 10, 9),
(12791, 1372, 10, 9, 10, 9, 9, 10),
(12792, 1372, 9, 10, 9, 10, 9, 9),
(12793, 1372, 10, 10, 9, 10, 9, 10),
(12794, 1372, 10, 9, 10, 10, 9, 10),
(12795, 1373, 9, 9, 9, 9, 9, 9),
(12796, 1373, 9, 9, 9, 9, 9, 9),
(12797, 1373, 10, 9, 9, 9, 9, 9),
(12798, 1373, 9, 10, 9, 9, 9, 9),
(12799, 1373, 10, 9, 10, 9, 9, 10),
(12800, 1373, 9, 10, 9, 9, 10, 9),
(12801, 1373, 9, 9, 8, 9, 8, 8),
(12802, 1373, 8, 9, 9, 8, 9, 8),
(12803, 1373, 9, 8, 9, 9, 8, 9),
(12804, 1373, 8, 9, 8, 9, 8, 8),
(12805, 1373, 9, 8, 9, 8, 9, 9),
(12806, 1373, 8, 9, 8, 8, 9, 8),
(12807, 1374, 9, 9, 8, 9, 8, 8),
(12808, 1374, 8, 9, 9, 8, 9, 8),
(12809, 1374, 9, 8, 9, 9, 8, 9),
(12810, 1374, 8, 9, 8, 9, 8, 8),
(12811, 1374, 9, 8, 9, 8, 9, 9),
(12812, 1374, 8, 9, 8, 8, 9, 8),
(12813, 1374, 9, 9, 8, 9, 8, 8),
(12814, 1374, 8, 9, 9, 8, 9, 8),
(12815, 1374, 9, 8, 9, 9, 8, 9),
(12816, 1374, 8, 9, 8, 9, 8, 8),
(12817, 1374, 9, 8, 9, 8, 9, 9),
(12818, 1374, 8, 9, 8, 8, 9, 8),
(12819, 1375, 9, 9, 8, 9, 8, 8),
(12820, 1375, 8, 9, 9, 8, 9, 8),
(12821, 1375, 9, 8, 9, 9, 8, 9),
(12822, 1375, 8, 9, 8, 9, 8, 8),
(12823, 1375, 9, 8, 9, 8, 9, 9),
(12824, 1375, 8, 9, 8, 8, 9, 8),
(12825, 1375, 9, 9, 8, 9, 8, 8),
(12826, 1375, 8, 9, 9, 8, 9, 8),
(12827, 1375, 9, 8, 9, 9, 8, 9),
(12828, 1375, 8, 9, 8, 9, 8, 8),
(12829, 1375, 9, 8, 9, 8, 9, 9),
(12830, 1375, 8, 9, 8, 8, 9, 8),
(12831, 1376, 10, 9, 9, 9, 9, 9),
(12832, 1376, 9, 10, 9, 9, 9, 9),
(12833, 1376, 10, 9, 10, 9, 9, 9),
(12834, 1376, 9, 10, 9, 10, 9, 9),
(12835, 1376, 10, 10, 9, 10, 9, 9),
(12836, 1376, 9, 9, 9, 9, 9, 8),
(12837, 1376, 9, 9, 9, 9, 8, 9),
(12838, 1376, 10, 9, 9, 9, 9, 8),
(12839, 1376, 9, 10, 9, 9, 8, 9),
(12840, 1376, 10, 9, 10, 9, 9, 9),
(12841, 1376, 10, 10, 9, 9, 9, 9),
(12842, 1376, 9, 10, 10, 9, 9, 9),
(12843, 1376, 10, 10, 9, 9, 9, 10),
(12844, 1376, 10, 9, 10, 9, 9, 10),
(12845, 1376, 10, 10, 9, 10, 9, 9),
(12846, 1377, 9, 9, 8, 9, 8, 8),
(12847, 1377, 8, 9, 9, 8, 9, 8),
(12848, 1377, 9, 8, 9, 9, 8, 9),
(12849, 1377, 8, 9, 8, 9, 8, 8),
(12850, 1377, 9, 8, 9, 8, 9, 8),
(12851, 1378, 9, 9, 9, 9, 9, 8),
(12852, 1378, 9, 9, 9, 9, 8, 9),
(12853, 1378, 10, 9, 9, 9, 9, 8),
(12854, 1378, 9, 10, 9, 9, 8, 9),
(12855, 1378, 10, 9, 10, 9, 9, 9),
(12856, 1379, 10, 10, 9, 9, 9, 9),
(12857, 1379, 9, 10, 10, 9, 9, 9),
(12858, 1379, 10, 10, 9, 10, 9, 9),
(12859, 1379, 10, 9, 10, 10, 9, 9),
(12860, 1379, 10, 10, 10, 9, 10, 10),
(12861, 1380, 10, 10, 9, 10, 9, 9),
(12862, 1380, 9, 10, 10, 9, 10, 9),
(12863, 1380, 10, 10, 9, 10, 9, 10),
(12864, 1380, 10, 9, 10, 10, 9, 10),
(12865, 1380, 10, 10, 10, 9, 10, 10),
(12866, 1380, 9, 10, 9, 10, 9, 9),
(12867, 1380, 10, 9, 9, 10, 9, 9),
(12868, 1380, 9, 10, 9, 9, 10, 9),
(12869, 1380, 10, 9, 10, 9, 9, 10),
(12870, 1380, 9, 10, 9, 10, 9, 9),
(12871, 1380, 10, 10, 9, 10, 9, 10),
(12872, 1380, 10, 9, 10, 10, 9, 10),
(12873, 1381, 9, 9, 8, 9, 8, 8),
(12874, 1381, 8, 9, 9, 8, 9, 8),
(12875, 1381, 9, 8, 9, 9, 8, 9),
(12876, 1381, 8, 9, 8, 9, 8, 8),
(12877, 1381, 9, 8, 9, 8, 9, 8),
(12878, 1381, 8, 9, 8, 8, 9, 8),
(12879, 1381, 9, 8, 8, 9, 8, 8),
(12880, 1381, 8, 9, 8, 8, 9, 8),
(12881, 1381, 9, 8, 9, 8, 8, 9),
(12882, 1381, 8, 9, 8, 8, 8, 8),
(12883, 1381, 9, 8, 9, 8, 9, 8),
(12884, 1381, 8, 9, 8, 8, 8, 8),
(12885, 1382, 9, 9, 9, 9, 8, 9),
(12886, 1382, 9, 9, 8, 9, 9, 8),
(12887, 1382, 9, 8, 9, 9, 9, 9),
(12888, 1382, 8, 9, 9, 9, 8, 9),
(12889, 1382, 9, 9, 9, 8, 9, 9),
(12890, 1383, 10, 9, 9, 9, 9, 9),
(12891, 1383, 9, 10, 9, 9, 9, 9),
(12892, 1383, 10, 9, 10, 9, 9, 9),
(12893, 1383, 9, 10, 9, 10, 9, 9),
(12894, 1383, 10, 10, 9, 9, 9, 10),
(12895, 1384, 10, 10, 9, 10, 9, 9),
(12896, 1384, 9, 10, 10, 9, 10, 9),
(12897, 1384, 10, 10, 9, 10, 9, 10),
(12898, 1384, 10, 9, 10, 10, 9, 10),
(12899, 1384, 10, 10, 10, 10, 9, 10),
(12900, 1385, 9, 9, 8, 9, 8, 8),
(12901, 1385, 8, 9, 9, 8, 9, 8),
(12902, 1385, 9, 8, 9, 9, 8, 9),
(12903, 1385, 8, 9, 8, 9, 8, 8),
(12904, 1385, 9, 8, 9, 8, 9, 9),
(12905, 1385, 8, 9, 8, 8, 9, 8),
(12906, 1385, 9, 9, 8, 9, 8, 8),
(12907, 1385, 8, 9, 9, 8, 9, 8),
(12908, 1385, 9, 8, 9, 9, 8, 9),
(12909, 1385, 8, 9, 8, 9, 8, 8),
(12910, 1385, 9, 8, 9, 8, 9, 9),
(12911, 1385, 8, 9, 8, 8, 9, 8),
(12912, 1386, 9, 9, 9, 9, 9, 9),
(12913, 1386, 9, 9, 9, 9, 9, 9),
(12914, 1386, 10, 9, 9, 9, 9, 9),
(12915, 1386, 9, 10, 9, 9, 9, 9),
(12916, 1386, 10, 9, 10, 9, 9, 10),
(12917, 1386, 9, 10, 9, 9, 10, 9),
(12918, 1386, 9, 9, 8, 9, 8, 8),
(12919, 1386, 8, 9, 9, 8, 9, 8),
(12920, 1386, 9, 8, 9, 9, 8, 9),
(12921, 1386, 8, 9, 8, 9, 8, 8),
(12922, 1386, 9, 8, 9, 8, 9, 9),
(12923, 1386, 8, 9, 8, 8, 9, 8),
(12924, 1387, 10, 10, 9, 10, 9, 9),
(12925, 1387, 9, 10, 10, 9, 10, 9),
(12926, 1387, 10, 10, 9, 10, 9, 10),
(12927, 1387, 10, 9, 10, 10, 9, 10),
(12928, 1387, 10, 10, 10, 9, 10, 10),
(12929, 1387, 9, 10, 9, 10, 9, 9),
(12930, 1387, 10, 9, 9, 10, 9, 9),
(12931, 1387, 9, 10, 9, 9, 10, 9),
(12932, 1387, 10, 9, 10, 9, 9, 10),
(12933, 1387, 9, 10, 9, 10, 9, 9),
(12934, 1387, 10, 10, 9, 10, 9, 10),
(12935, 1387, 10, 9, 10, 10, 9, 10),
(12936, 1388, 10, 9, 9, 9, 9, 9),
(12937, 1388, 9, 10, 9, 9, 9, 9),
(12938, 1388, 10, 9, 10, 9, 9, 9),
(12939, 1388, 9, 10, 9, 10, 9, 9),
(12940, 1388, 10, 10, 9, 10, 9, 9),
(12941, 1388, 9, 9, 9, 9, 9, 8),
(12942, 1388, 9, 9, 9, 9, 8, 9),
(12943, 1388, 10, 9, 9, 9, 9, 8),
(12944, 1388, 9, 10, 9, 9, 8, 9),
(12945, 1388, 10, 9, 10, 9, 9, 9),
(12946, 1388, 10, 10, 9, 9, 9, 9),
(12947, 1388, 9, 10, 10, 9, 9, 9),
(12948, 1388, 10, 10, 9, 9, 9, 10),
(12949, 1388, 10, 9, 10, 9, 9, 10),
(12950, 1388, 10, 10, 9, 10, 9, 9),
(12951, 1389, 9, 9, 8, 9, 8, 8),
(12952, 1389, 8, 9, 9, 8, 9, 8),
(12953, 1389, 9, 8, 9, 9, 8, 9),
(12954, 1389, 8, 9, 8, 9, 8, 8),
(12955, 1389, 9, 8, 9, 8, 9, 9),
(12956, 1389, 8, 9, 8, 8, 9, 8),
(12957, 1389, 9, 9, 8, 9, 8, 8),
(12958, 1389, 8, 9, 9, 8, 9, 8),
(12959, 1389, 9, 8, 9, 9, 8, 9),
(12960, 1389, 8, 9, 8, 9, 8, 8),
(12961, 1389, 9, 8, 9, 8, 9, 9),
(12962, 1389, 8, 9, 8, 8, 9, 8),
(12963, 1390, 9, 9, 8, 9, 8, 8),
(12964, 1390, 8, 9, 9, 8, 9, 8),
(12965, 1390, 9, 8, 9, 9, 8, 9),
(12966, 1390, 8, 9, 8, 9, 8, 8),
(12967, 1390, 9, 8, 9, 8, 9, 9),
(12968, 1390, 8, 9, 8, 8, 9, 8),
(12969, 1391, 9, 9, 9, 9, 9, 9),
(12970, 1391, 9, 9, 9, 9, 9, 9),
(12971, 1391, 10, 9, 9, 9, 9, 9),
(12972, 1391, 9, 10, 9, 9, 9, 9),
(12973, 1391, 10, 9, 10, 9, 9, 10),
(12974, 1391, 9, 10, 9, 9, 10, 9),
(12975, 1392, 10, 10, 9, 10, 9, 9),
(12976, 1392, 9, 10, 10, 9, 10, 9),
(12977, 1392, 10, 10, 9, 10, 9, 10),
(12978, 1392, 10, 9, 10, 10, 9, 10),
(12979, 1392, 10, 10, 10, 9, 10, 10),
(12980, 1392, 9, 10, 9, 10, 9, 9),
(12981, 1393, 10, 10, 9, 10, 9, 9),
(12982, 1393, 9, 10, 10, 9, 10, 9),
(12983, 1393, 10, 10, 9, 10, 9, 10),
(12984, 1393, 10, 9, 10, 10, 9, 10),
(12985, 1393, 10, 10, 10, 9, 10, 10),
(12986, 1393, 9, 10, 9, 10, 9, 9),
(12987, 1394, 10, 9, 9, 9, 9, 9),
(12988, 1394, 9, 10, 9, 9, 9, 9),
(12989, 1394, 10, 9, 10, 9, 9, 9),
(12990, 1394, 9, 10, 9, 10, 9, 9),
(12991, 1394, 10, 10, 9, 10, 9, 9),
(12992, 1394, 9, 9, 9, 9, 9, 8),
(12993, 1394, 9, 9, 9, 9, 8, 9),
(12994, 1394, 10, 9, 9, 9, 9, 8),
(12995, 1394, 9, 10, 9, 9, 8, 9),
(12996, 1394, 10, 9, 10, 9, 9, 9),
(12997, 1394, 10, 10, 9, 9, 9, 9),
(12998, 1394, 9, 10, 10, 9, 9, 9),
(12999, 1394, 10, 10, 9, 9, 9, 10),
(13000, 1394, 10, 9, 10, 9, 9, 10),
(13001, 1394, 10, 10, 9, 10, 9, 9),
(13002, 1395, 10, 10, 9, 10, 9, 9),
(13003, 1395, 9, 10, 10, 9, 10, 9),
(13004, 1395, 10, 10, 9, 10, 9, 10),
(13005, 1395, 10, 9, 10, 10, 9, 10),
(13006, 1395, 10, 10, 10, 9, 10, 10),
(13007, 1395, 9, 10, 9, 10, 9, 9),
(13008, 1395, 10, 9, 9, 10, 9, 9),
(13009, 1395, 9, 10, 9, 9, 10, 9),
(13010, 1395, 10, 9, 10, 9, 9, 10),
(13011, 1395, 9, 10, 9, 10, 9, 9),
(13012, 1395, 10, 10, 9, 10, 9, 10),
(13013, 1395, 10, 9, 10, 10, 9, 10),
(13014, 1396, 9, 9, 8, 9, 8, 8),
(13015, 1396, 8, 9, 9, 8, 9, 8),
(13016, 1396, 9, 8, 9, 9, 8, 9),
(13017, 1396, 8, 9, 8, 9, 8, 8),
(13018, 1396, 9, 8, 9, 8, 9, 9),
(13019, 1396, 8, 9, 8, 8, 9, 8),
(13020, 1396, 9, 9, 8, 9, 8, 8),
(13021, 1396, 8, 9, 9, 8, 9, 8),
(13022, 1396, 9, 8, 9, 9, 8, 9),
(13023, 1396, 8, 9, 8, 9, 8, 8),
(13024, 1396, 9, 8, 9, 8, 9, 9),
(13025, 1396, 8, 9, 8, 8, 9, 8),
(13026, 1397, 9, 9, 8, 9, 8, 8),
(13027, 1397, 8, 9, 9, 8, 9, 8),
(13028, 1397, 9, 8, 9, 9, 8, 9),
(13029, 1397, 8, 9, 8, 9, 8, 8),
(13030, 1397, 9, 8, 9, 8, 9, 8),
(13031, 1397, 8, 9, 8, 8, 9, 8),
(13032, 1397, 9, 8, 8, 9, 8, 8),
(13033, 1397, 8, 9, 8, 8, 9, 8),
(13034, 1397, 9, 8, 9, 8, 8, 9),
(13035, 1397, 8, 9, 8, 8, 8, 8),
(13036, 1397, 9, 8, 9, 8, 9, 8),
(13037, 1397, 8, 9, 8, 8, 8, 8),
(13038, 1398, 9, 9, 8, 9, 8, 8),
(13039, 1398, 8, 9, 9, 8, 9, 8),
(13040, 1398, 9, 8, 9, 9, 8, 9),
(13041, 1398, 8, 9, 8, 9, 8, 8),
(13042, 1398, 9, 8, 9, 8, 9, 9),
(13043, 1398, 8, 9, 8, 8, 9, 8),
(13044, 1398, 9, 9, 8, 9, 8, 8),
(13045, 1398, 8, 9, 9, 8, 9, 8),
(13046, 1398, 9, 8, 9, 9, 8, 9),
(13047, 1398, 8, 9, 8, 9, 8, 8),
(13048, 1398, 9, 8, 9, 8, 9, 9),
(13049, 1398, 8, 9, 8, 8, 9, 8),
(13050, 1399, 9, 9, 8, 9, 8, 8),
(13051, 1399, 8, 9, 9, 8, 9, 8),
(13052, 1399, 9, 8, 9, 9, 8, 9),
(13053, 1399, 8, 9, 8, 9, 8, 8),
(13054, 1399, 9, 8, 9, 8, 9, 8),
(13055, 1400, 9, 9, 9, 9, 9, 8),
(13056, 1400, 9, 9, 9, 9, 8, 9),
(13057, 1400, 10, 9, 9, 9, 9, 8),
(13058, 1400, 9, 10, 9, 9, 8, 9),
(13059, 1400, 10, 9, 10, 9, 9, 9),
(13060, 1401, 10, 10, 9, 9, 9, 9),
(13061, 1401, 9, 10, 10, 9, 9, 9),
(13062, 1401, 10, 10, 9, 10, 9, 9),
(13063, 1401, 10, 9, 10, 10, 9, 9),
(13064, 1401, 10, 10, 10, 9, 10, 10),
(13065, 1402, 9, 9, 9, 9, 9, 9),
(13066, 1402, 9, 9, 9, 9, 9, 9),
(13067, 1402, 10, 9, 9, 9, 9, 9),
(13068, 1402, 9, 10, 9, 9, 9, 9),
(13069, 1402, 10, 9, 10, 9, 9, 10),
(13070, 1402, 9, 10, 9, 9, 10, 9),
(13071, 1402, 9, 9, 8, 9, 8, 8),
(13072, 1402, 8, 9, 9, 8, 9, 8),
(13073, 1402, 9, 8, 9, 9, 8, 9),
(13074, 1402, 8, 9, 8, 9, 8, 8),
(13075, 1402, 9, 8, 9, 8, 9, 9),
(13076, 1402, 8, 9, 8, 8, 9, 8),
(13077, 1403, 9, 9, 8, 9, 8, 8),
(13078, 1403, 8, 9, 9, 8, 9, 8),
(13079, 1403, 9, 8, 9, 9, 8, 9),
(13080, 1403, 8, 9, 8, 9, 8, 8),
(13081, 1403, 9, 8, 9, 8, 9, 9),
(13082, 1403, 8, 9, 8, 8, 9, 8),
(13083, 1404, 9, 9, 9, 9, 9, 9),
(13084, 1404, 9, 9, 9, 9, 9, 9),
(13085, 1404, 10, 9, 9, 9, 9, 9),
(13086, 1404, 9, 10, 9, 9, 9, 9),
(13087, 1404, 10, 9, 10, 9, 9, 10),
(13088, 1404, 9, 10, 9, 9, 10, 9),
(13089, 1405, 10, 10, 9, 10, 9, 9),
(13090, 1405, 9, 10, 10, 9, 10, 9),
(13091, 1405, 10, 10, 9, 10, 9, 10),
(13092, 1405, 10, 9, 10, 10, 9, 10),
(13093, 1405, 10, 10, 10, 9, 10, 10),
(13094, 1405, 9, 10, 9, 10, 9, 9),
(13095, 1406, 10, 10, 9, 10, 9, 9),
(13096, 1406, 9, 10, 10, 9, 10, 9),
(13097, 1406, 10, 10, 9, 10, 9, 10),
(13098, 1406, 10, 9, 10, 10, 9, 10),
(13099, 1406, 10, 10, 10, 9, 10, 10),
(13100, 1406, 9, 10, 9, 10, 9, 9),
(13101, 1407, 9, 9, 9, 9, 9, 9),
(13102, 1407, 9, 9, 9, 9, 9, 9),
(13103, 1407, 10, 9, 9, 9, 9, 9),
(13104, 1407, 9, 10, 9, 9, 9, 9),
(13105, 1407, 10, 9, 10, 9, 9, 10),
(13106, 1407, 9, 10, 9, 9, 10, 9),
(13107, 1407, 9, 9, 8, 9, 8, 8);
INSERT INTO `EndShot` (`EndShotID`, `RangeShotID`, `Arrow1`, `Arrow2`, `Arrow3`, `Arrow4`, `Arrow5`, `Arrow6`) VALUES
(13108, 1407, 8, 9, 9, 8, 9, 8),
(13109, 1407, 9, 8, 9, 9, 8, 9),
(13110, 1407, 8, 9, 8, 9, 8, 8),
(13111, 1407, 9, 8, 9, 8, 9, 9),
(13112, 1407, 8, 9, 8, 8, 9, 8),
(13113, 1408, 9, 9, 8, 9, 8, 8),
(13114, 1408, 8, 9, 9, 8, 9, 8),
(13115, 1408, 9, 8, 9, 9, 8, 9),
(13116, 1408, 8, 9, 8, 9, 8, 8),
(13117, 1408, 9, 8, 9, 8, 9, 8),
(13118, 1408, 8, 9, 8, 8, 9, 8),
(13119, 1408, 9, 8, 8, 9, 8, 8),
(13120, 1408, 8, 9, 8, 8, 9, 8),
(13121, 1408, 9, 8, 9, 8, 8, 9),
(13122, 1408, 8, 9, 8, 8, 8, 8),
(13123, 1408, 9, 8, 9, 8, 9, 8),
(13124, 1408, 8, 9, 8, 8, 8, 8),
(13125, 1409, 10, 9, 9, 9, 9, 9),
(13126, 1409, 9, 10, 9, 9, 9, 9),
(13127, 1409, 10, 9, 10, 9, 9, 9),
(13128, 1409, 9, 10, 9, 10, 9, 9),
(13129, 1409, 10, 10, 9, 10, 9, 9),
(13130, 1409, 9, 9, 9, 9, 9, 8),
(13131, 1409, 9, 9, 9, 9, 8, 9),
(13132, 1409, 10, 9, 9, 9, 9, 8),
(13133, 1409, 9, 10, 9, 9, 8, 9),
(13134, 1409, 10, 9, 10, 9, 9, 9),
(13135, 1409, 10, 10, 9, 9, 9, 9),
(13136, 1409, 9, 10, 10, 9, 9, 9),
(13137, 1409, 10, 10, 9, 9, 9, 10),
(13138, 1409, 10, 9, 10, 9, 9, 10),
(13139, 1409, 10, 10, 9, 10, 9, 9),
(13140, 1410, 9, 9, 8, 9, 8, 8),
(13141, 1410, 8, 9, 9, 8, 9, 8),
(13142, 1410, 9, 8, 9, 9, 8, 9),
(13143, 1410, 8, 9, 8, 9, 8, 8),
(13144, 1410, 9, 8, 9, 8, 9, 9),
(13145, 1410, 8, 9, 8, 8, 9, 8),
(13146, 1410, 9, 9, 8, 9, 8, 8),
(13147, 1410, 8, 9, 9, 8, 9, 8),
(13148, 1410, 9, 8, 9, 9, 8, 9),
(13149, 1410, 8, 9, 8, 9, 8, 8),
(13150, 1410, 9, 8, 9, 8, 9, 9),
(13151, 1410, 8, 9, 8, 8, 9, 8),
(13152, 1411, 10, 9, 9, 9, 9, 9),
(13153, 1411, 9, 10, 9, 9, 9, 9),
(13154, 1411, 10, 9, 10, 9, 9, 9),
(13155, 1411, 9, 10, 9, 10, 9, 9),
(13156, 1411, 10, 10, 9, 10, 9, 9),
(13157, 1411, 9, 9, 9, 9, 9, 8),
(13158, 1411, 9, 9, 9, 9, 8, 9),
(13159, 1411, 10, 9, 9, 9, 9, 8),
(13160, 1411, 9, 10, 9, 9, 8, 9),
(13161, 1411, 10, 9, 10, 9, 9, 9),
(13162, 1411, 10, 10, 9, 9, 9, 9),
(13163, 1411, 9, 10, 10, 9, 9, 9),
(13164, 1411, 10, 10, 9, 9, 9, 10),
(13165, 1411, 10, 9, 10, 9, 9, 10),
(13166, 1411, 10, 10, 9, 10, 9, 9),
(13167, 1412, 9, 9, 8, 9, 8, 8),
(13168, 1412, 8, 9, 9, 8, 9, 8),
(13169, 1412, 9, 8, 9, 9, 8, 9),
(13170, 1412, 8, 9, 8, 9, 8, 8),
(13171, 1412, 9, 8, 9, 8, 9, 8),
(13172, 1412, 8, 9, 8, 8, 9, 8),
(13173, 1412, 9, 8, 8, 9, 8, 8),
(13174, 1412, 8, 9, 8, 8, 9, 8),
(13175, 1412, 9, 8, 9, 8, 8, 9),
(13176, 1412, 8, 9, 8, 8, 8, 8),
(13177, 1412, 9, 8, 9, 8, 9, 8),
(13178, 1412, 8, 9, 8, 8, 8, 8),
(13179, 1413, 9, 9, 8, 9, 8, 8),
(13180, 1413, 8, 9, 9, 8, 9, 8),
(13181, 1413, 9, 8, 9, 9, 8, 9),
(13182, 1413, 8, 9, 8, 9, 8, 8),
(13183, 1413, 9, 8, 9, 8, 9, 9),
(13184, 1413, 8, 9, 8, 8, 9, 8),
(13185, 1413, 9, 9, 8, 9, 8, 8),
(13186, 1413, 8, 9, 9, 8, 9, 8),
(13187, 1413, 9, 8, 9, 9, 8, 9),
(13188, 1413, 8, 9, 8, 9, 8, 8),
(13189, 1413, 9, 8, 9, 8, 9, 9),
(13190, 1413, 8, 9, 8, 8, 9, 8),
(13191, 1414, 9, 9, 8, 9, 8, 8),
(13192, 1414, 8, 9, 9, 8, 9, 8),
(13193, 1414, 9, 8, 9, 9, 8, 9),
(13194, 1414, 8, 9, 8, 9, 8, 8),
(13195, 1414, 9, 8, 9, 8, 9, 9),
(13196, 1414, 8, 9, 8, 8, 9, 8),
(13197, 1414, 9, 9, 8, 9, 8, 8),
(13198, 1414, 8, 9, 9, 8, 9, 8),
(13199, 1414, 9, 8, 9, 9, 8, 9),
(13200, 1414, 8, 9, 8, 9, 8, 8),
(13201, 1414, 9, 8, 9, 8, 9, 9),
(13202, 1414, 8, 9, 8, 8, 9, 8),
(13203, 1415, 9, 9, 9, 9, 9, 9),
(13204, 1415, 9, 9, 9, 9, 9, 9),
(13205, 1415, 10, 9, 9, 9, 9, 9),
(13206, 1415, 9, 10, 9, 9, 9, 9),
(13207, 1415, 10, 9, 10, 9, 9, 10),
(13208, 1415, 9, 10, 9, 9, 10, 9),
(13209, 1415, 9, 9, 8, 9, 8, 8),
(13210, 1415, 8, 9, 9, 8, 9, 8),
(13211, 1415, 9, 8, 9, 9, 8, 9),
(13212, 1415, 8, 9, 8, 9, 8, 8),
(13213, 1415, 9, 8, 9, 8, 9, 9),
(13214, 1415, 8, 9, 8, 8, 9, 8),
(13215, 1416, 9, 9, 9, 9, 8, 9),
(13216, 1416, 9, 9, 8, 9, 9, 8),
(13217, 1416, 9, 8, 9, 9, 9, 9),
(13218, 1416, 8, 9, 9, 9, 8, 9),
(13219, 1416, 9, 9, 9, 8, 9, 9),
(13220, 1417, 10, 9, 9, 9, 9, 9),
(13221, 1417, 9, 10, 9, 9, 9, 9),
(13222, 1417, 10, 9, 10, 9, 9, 9),
(13223, 1417, 9, 10, 9, 10, 9, 9),
(13224, 1417, 10, 10, 9, 9, 9, 10),
(13225, 1418, 10, 10, 9, 10, 9, 9),
(13226, 1418, 9, 10, 10, 9, 10, 9),
(13227, 1418, 10, 10, 9, 10, 9, 10),
(13228, 1418, 10, 9, 10, 10, 9, 10),
(13229, 1418, 10, 10, 10, 10, 9, 10),
(13230, 1419, 10, 9, 9, 9, 9, 9),
(13231, 1419, 9, 10, 9, 9, 9, 9),
(13232, 1419, 10, 9, 10, 9, 9, 9),
(13233, 1419, 9, 10, 9, 10, 9, 9),
(13234, 1419, 10, 10, 9, 10, 9, 9),
(13235, 1419, 9, 9, 9, 9, 9, 8),
(13236, 1419, 9, 9, 9, 9, 8, 9),
(13237, 1419, 10, 9, 9, 9, 9, 8),
(13238, 1419, 9, 10, 9, 9, 8, 9),
(13239, 1419, 10, 9, 10, 9, 9, 9),
(13240, 1419, 10, 10, 9, 9, 9, 9),
(13241, 1419, 9, 10, 10, 9, 9, 9),
(13242, 1419, 10, 10, 9, 9, 9, 10),
(13243, 1419, 10, 9, 10, 9, 9, 10),
(13244, 1419, 10, 10, 9, 10, 9, 9),
(13245, 1420, 9, 9, 9, 9, 9, 9),
(13246, 1420, 9, 9, 9, 9, 9, 9),
(13247, 1420, 10, 9, 9, 9, 9, 9),
(13248, 1420, 9, 10, 9, 9, 9, 9),
(13249, 1420, 10, 9, 10, 9, 9, 10),
(13250, 1420, 9, 10, 9, 9, 10, 9),
(13251, 1420, 9, 9, 8, 9, 8, 8),
(13252, 1420, 8, 9, 9, 8, 9, 8),
(13253, 1420, 9, 8, 9, 9, 8, 9),
(13254, 1420, 8, 9, 8, 9, 8, 8),
(13255, 1420, 9, 8, 9, 8, 9, 9),
(13256, 1420, 8, 9, 8, 8, 9, 8),
(13257, 1421, 9, 9, 8, 9, 8, 8),
(13258, 1421, 8, 9, 9, 8, 9, 8),
(13259, 1421, 9, 8, 9, 9, 8, 9),
(13260, 1421, 8, 9, 8, 9, 8, 8),
(13261, 1421, 9, 8, 9, 8, 9, 9),
(13262, 1421, 8, 9, 8, 8, 9, 8),
(13263, 1422, 9, 9, 9, 9, 9, 9),
(13264, 1422, 9, 9, 9, 9, 9, 9),
(13265, 1422, 10, 9, 9, 9, 9, 9),
(13266, 1422, 9, 10, 9, 9, 9, 9),
(13267, 1422, 10, 9, 10, 9, 9, 10),
(13268, 1422, 9, 10, 9, 9, 10, 9),
(13269, 1423, 10, 10, 9, 10, 9, 9),
(13270, 1423, 9, 10, 10, 9, 10, 9),
(13271, 1423, 10, 10, 9, 10, 9, 10),
(13272, 1423, 10, 9, 10, 10, 9, 10),
(13273, 1423, 10, 10, 10, 9, 10, 10),
(13274, 1423, 9, 10, 9, 10, 9, 9),
(13275, 1424, 10, 10, 9, 10, 9, 9),
(13276, 1424, 9, 10, 10, 9, 10, 9),
(13277, 1424, 10, 10, 9, 10, 9, 10),
(13278, 1424, 10, 9, 10, 10, 9, 10),
(13279, 1424, 10, 10, 10, 9, 10, 10),
(13280, 1424, 9, 10, 9, 10, 9, 9),
(13281, 1425, 9, 9, 8, 9, 8, 8),
(13282, 1425, 8, 9, 9, 8, 9, 8),
(13283, 1425, 9, 8, 9, 9, 8, 9),
(13284, 1425, 8, 9, 8, 9, 8, 8),
(13285, 1425, 9, 8, 9, 8, 9, 8),
(13286, 1425, 8, 9, 8, 8, 9, 8),
(13287, 1425, 9, 8, 8, 9, 8, 8),
(13288, 1425, 8, 9, 8, 8, 9, 8),
(13289, 1425, 9, 8, 9, 8, 8, 9),
(13290, 1425, 8, 9, 8, 8, 8, 8),
(13291, 1425, 9, 8, 9, 8, 9, 8),
(13292, 1425, 8, 9, 8, 8, 8, 8),
(13293, 1426, 10, 10, 9, 10, 9, 9),
(13294, 1426, 9, 10, 10, 9, 10, 9),
(13295, 1426, 10, 10, 9, 10, 9, 10),
(13296, 1426, 10, 9, 10, 10, 9, 10),
(13297, 1426, 10, 10, 10, 9, 10, 10),
(13298, 1426, 9, 10, 9, 10, 9, 9),
(13299, 1426, 10, 9, 9, 10, 9, 9),
(13300, 1426, 9, 10, 9, 9, 10, 9),
(13301, 1426, 10, 9, 10, 9, 9, 10),
(13302, 1426, 9, 10, 9, 10, 9, 9),
(13303, 1426, 10, 10, 9, 10, 9, 10),
(13304, 1426, 10, 9, 10, 10, 9, 10),
(13305, 1427, 10, 9, 9, 9, 9, 9),
(13306, 1427, 9, 10, 9, 9, 9, 9),
(13307, 1427, 10, 9, 10, 9, 9, 9),
(13308, 1427, 9, 10, 9, 10, 9, 9),
(13309, 1427, 10, 10, 9, 10, 9, 9),
(13310, 1427, 9, 9, 9, 9, 9, 8),
(13311, 1427, 9, 9, 9, 9, 8, 9),
(13312, 1427, 10, 9, 9, 9, 9, 8),
(13313, 1427, 9, 10, 9, 9, 8, 9),
(13314, 1427, 10, 9, 10, 9, 9, 9),
(13315, 1427, 10, 10, 9, 9, 9, 9),
(13316, 1427, 9, 10, 10, 9, 9, 9),
(13317, 1427, 10, 10, 9, 9, 9, 10),
(13318, 1427, 10, 9, 10, 9, 9, 10),
(13319, 1427, 10, 10, 9, 10, 9, 9),
(13320, 1428, 9, 9, 8, 9, 8, 8),
(13321, 1428, 8, 9, 9, 8, 9, 8),
(13322, 1428, 9, 8, 9, 9, 8, 9),
(13323, 1428, 8, 9, 8, 9, 8, 8),
(13324, 1428, 9, 8, 9, 8, 9, 9),
(13325, 1428, 8, 9, 8, 8, 9, 8),
(13326, 1428, 9, 9, 8, 9, 8, 8),
(13327, 1428, 8, 9, 9, 8, 9, 8),
(13328, 1428, 9, 8, 9, 9, 8, 9),
(13329, 1428, 8, 9, 8, 9, 8, 8),
(13330, 1428, 9, 8, 9, 8, 9, 9),
(13331, 1428, 8, 9, 8, 8, 9, 8),
(13332, 1429, 9, 9, 9, 9, 8, 9),
(13333, 1429, 9, 9, 8, 9, 9, 8),
(13334, 1429, 9, 8, 9, 9, 9, 9),
(13335, 1429, 8, 9, 9, 9, 8, 9),
(13336, 1429, 9, 9, 9, 8, 9, 9),
(13337, 1430, 10, 9, 9, 9, 9, 9),
(13338, 1430, 9, 10, 9, 9, 9, 9),
(13339, 1430, 10, 9, 10, 9, 9, 9),
(13340, 1430, 9, 10, 9, 10, 9, 9),
(13341, 1430, 10, 10, 9, 9, 9, 10),
(13342, 1431, 10, 10, 9, 10, 9, 9),
(13343, 1431, 9, 10, 10, 9, 10, 9),
(13344, 1431, 10, 10, 9, 10, 9, 10),
(13345, 1431, 10, 9, 10, 10, 9, 10),
(13346, 1431, 10, 10, 10, 10, 9, 10),
(13347, 1432, 9, 9, 8, 9, 8, 8),
(13348, 1432, 8, 9, 9, 8, 9, 8),
(13349, 1432, 9, 8, 9, 9, 8, 9),
(13350, 1432, 8, 9, 8, 9, 8, 8),
(13351, 1432, 9, 8, 9, 8, 9, 9),
(13352, 1432, 8, 9, 8, 8, 9, 8),
(13353, 1432, 9, 9, 8, 9, 8, 8),
(13354, 1432, 8, 9, 9, 8, 9, 8),
(13355, 1432, 9, 8, 9, 9, 8, 9),
(13356, 1432, 8, 9, 8, 9, 8, 8),
(13357, 1432, 9, 8, 9, 8, 9, 9),
(13358, 1432, 8, 9, 8, 8, 9, 8),
(13359, 1433, 9, 9, 8, 9, 8, 8),
(13360, 1433, 8, 9, 9, 8, 9, 8),
(13361, 1433, 9, 8, 9, 9, 8, 9),
(13362, 1433, 8, 9, 8, 9, 8, 8),
(13363, 1433, 9, 8, 9, 8, 9, 9),
(13364, 1433, 8, 9, 8, 8, 9, 8),
(13365, 1433, 9, 9, 8, 9, 8, 8),
(13366, 1433, 8, 9, 9, 8, 9, 8),
(13367, 1433, 9, 8, 9, 9, 8, 9),
(13368, 1433, 8, 9, 8, 9, 8, 8),
(13369, 1433, 9, 8, 9, 8, 9, 9),
(13370, 1433, 8, 9, 8, 8, 9, 8),
(13371, 1434, 9, 9, 8, 9, 8, 8),
(13372, 1434, 8, 9, 9, 8, 9, 8),
(13373, 1434, 9, 8, 9, 9, 8, 9),
(13374, 1434, 8, 9, 8, 9, 8, 8),
(13375, 1434, 9, 8, 9, 8, 9, 9),
(13376, 1434, 8, 9, 8, 8, 9, 8),
(13377, 1435, 9, 9, 9, 9, 9, 9),
(13378, 1435, 9, 9, 9, 9, 9, 9),
(13379, 1435, 10, 9, 9, 9, 9, 9),
(13380, 1435, 9, 10, 9, 9, 9, 9),
(13381, 1435, 10, 9, 10, 9, 9, 10),
(13382, 1435, 9, 10, 9, 9, 10, 9),
(13383, 1436, 10, 10, 9, 10, 9, 9),
(13384, 1436, 9, 10, 10, 9, 10, 9),
(13385, 1436, 10, 10, 9, 10, 9, 10),
(13386, 1436, 10, 9, 10, 10, 9, 10),
(13387, 1436, 10, 10, 10, 9, 10, 10),
(13388, 1436, 9, 10, 9, 10, 9, 9),
(13389, 1437, 10, 10, 9, 10, 9, 9),
(13390, 1437, 9, 10, 10, 9, 10, 9),
(13391, 1437, 10, 10, 9, 10, 9, 10),
(13392, 1437, 10, 9, 10, 10, 9, 10),
(13393, 1437, 10, 10, 10, 9, 10, 10),
(13394, 1437, 9, 10, 9, 10, 9, 9),
(13395, 1438, 9, 9, 8, 9, 8, 8),
(13396, 1438, 8, 9, 9, 8, 9, 8),
(13397, 1438, 9, 8, 9, 9, 8, 9),
(13398, 1438, 8, 9, 8, 9, 8, 8),
(13399, 1438, 9, 8, 9, 8, 9, 9),
(13400, 1438, 8, 9, 8, 8, 9, 8),
(13401, 1438, 9, 9, 8, 9, 8, 8),
(13402, 1438, 8, 9, 9, 8, 9, 8),
(13403, 1438, 9, 8, 9, 9, 8, 9),
(13404, 1438, 8, 9, 8, 9, 8, 8),
(13405, 1438, 9, 8, 9, 8, 9, 9),
(13406, 1438, 8, 9, 8, 8, 9, 8),
(13407, 1439, 9, 9, 8, 9, 8, 8),
(13408, 1439, 8, 9, 9, 8, 9, 8),
(13409, 1439, 9, 8, 9, 9, 8, 9),
(13410, 1439, 8, 9, 8, 9, 8, 8),
(13411, 1439, 9, 8, 9, 8, 9, 9),
(13412, 1439, 8, 9, 8, 8, 9, 8),
(13413, 1439, 9, 9, 8, 9, 8, 8),
(13414, 1439, 8, 9, 9, 8, 9, 8),
(13415, 1439, 9, 8, 9, 9, 8, 9),
(13416, 1439, 8, 9, 8, 9, 8, 8),
(13417, 1439, 9, 8, 9, 8, 9, 9),
(13418, 1439, 8, 9, 8, 8, 9, 8),
(13419, 1440, 9, 9, 9, 9, 9, 9),
(13420, 1440, 9, 9, 9, 9, 9, 9),
(13421, 1440, 10, 9, 9, 9, 9, 9),
(13422, 1440, 9, 10, 9, 9, 9, 9),
(13423, 1440, 10, 9, 10, 9, 9, 10),
(13424, 1440, 9, 10, 9, 9, 10, 9),
(13425, 1440, 9, 9, 8, 9, 8, 8),
(13426, 1440, 8, 9, 9, 8, 9, 8),
(13427, 1440, 9, 8, 9, 9, 8, 9),
(13428, 1440, 8, 9, 8, 9, 8, 8),
(13429, 1440, 9, 8, 9, 8, 9, 9),
(13430, 1440, 8, 9, 8, 8, 9, 8),
(13431, 1441, 9, 9, 8, 9, 8, 8),
(13432, 1441, 8, 9, 9, 8, 9, 8),
(13433, 1441, 9, 8, 9, 9, 8, 9),
(13434, 1441, 8, 9, 8, 9, 8, 8),
(13435, 1441, 9, 8, 9, 8, 9, 9),
(13436, 1441, 8, 9, 8, 8, 9, 8),
(13437, 1442, 9, 9, 9, 9, 9, 9),
(13438, 1442, 9, 9, 9, 9, 9, 9),
(13439, 1442, 10, 9, 9, 9, 9, 9),
(13440, 1442, 9, 10, 9, 9, 9, 9),
(13441, 1442, 10, 9, 10, 9, 9, 10),
(13442, 1442, 9, 10, 9, 9, 10, 9),
(13443, 1443, 10, 10, 9, 10, 9, 9),
(13444, 1443, 9, 10, 10, 9, 10, 9),
(13445, 1443, 10, 10, 9, 10, 9, 10),
(13446, 1443, 10, 9, 10, 10, 9, 10),
(13447, 1443, 10, 10, 10, 9, 10, 10),
(13448, 1443, 9, 10, 9, 10, 9, 9),
(13449, 1444, 10, 10, 9, 10, 9, 9),
(13450, 1444, 9, 10, 10, 9, 10, 9),
(13451, 1444, 10, 10, 9, 10, 9, 10),
(13452, 1444, 10, 9, 10, 10, 9, 10),
(13453, 1444, 10, 10, 10, 9, 10, 10),
(13454, 1444, 9, 10, 9, 10, 9, 9),
(13455, 1445, 10, 10, 9, 10, 9, 9),
(13456, 1445, 9, 10, 10, 9, 10, 9),
(13457, 1445, 10, 10, 9, 10, 9, 10),
(13458, 1445, 10, 9, 10, 10, 9, 10),
(13459, 1445, 10, 10, 10, 9, 10, 10),
(13460, 1445, 9, 10, 9, 10, 9, 9),
(13461, 1445, 10, 9, 9, 10, 9, 9),
(13462, 1445, 9, 10, 9, 9, 10, 9),
(13463, 1445, 10, 9, 10, 9, 9, 10),
(13464, 1445, 9, 10, 9, 10, 9, 9),
(13465, 1445, 10, 10, 9, 10, 9, 10),
(13466, 1445, 10, 9, 10, 10, 9, 10),
(13467, 1446, 9, 9, 8, 9, 8, 8),
(13468, 1446, 8, 9, 9, 8, 9, 8),
(13469, 1446, 9, 8, 9, 9, 8, 9),
(13470, 1446, 8, 9, 8, 9, 8, 8),
(13471, 1446, 9, 8, 9, 8, 9, 9),
(13472, 1446, 8, 9, 8, 8, 9, 8),
(13473, 1446, 9, 9, 8, 9, 8, 8),
(13474, 1446, 8, 9, 9, 8, 9, 8),
(13475, 1446, 9, 8, 9, 9, 8, 9),
(13476, 1446, 8, 9, 8, 9, 8, 8),
(13477, 1446, 9, 8, 9, 8, 9, 9),
(13478, 1446, 8, 9, 8, 8, 9, 8),
(13479, 1447, 9, 9, 8, 9, 8, 8),
(13480, 1447, 8, 9, 9, 8, 9, 8),
(13481, 1447, 9, 8, 9, 9, 8, 9),
(13482, 1447, 8, 9, 8, 9, 8, 8),
(13483, 1447, 9, 8, 9, 8, 9, 8),
(13484, 1447, 8, 9, 8, 8, 9, 8),
(13485, 1447, 9, 8, 8, 9, 8, 8),
(13486, 1447, 8, 9, 8, 8, 9, 8),
(13487, 1447, 9, 8, 9, 8, 8, 9),
(13488, 1447, 8, 9, 8, 8, 8, 8),
(13489, 1447, 9, 8, 9, 8, 9, 8),
(13490, 1447, 8, 9, 8, 8, 8, 8),
(13491, 1448, 9, 9, 8, 9, 8, 8),
(13492, 1448, 8, 9, 9, 8, 9, 8),
(13493, 1448, 9, 8, 9, 9, 8, 9),
(13494, 1448, 8, 9, 8, 9, 8, 8),
(13495, 1448, 9, 8, 9, 8, 9, 9),
(13496, 1448, 8, 9, 8, 8, 9, 8),
(13497, 1448, 9, 9, 8, 9, 8, 8),
(13498, 1448, 8, 9, 9, 8, 9, 8),
(13499, 1448, 9, 8, 9, 9, 8, 9),
(13500, 1448, 8, 9, 8, 9, 8, 8),
(13501, 1448, 9, 8, 9, 8, 9, 9),
(13502, 1448, 8, 9, 8, 8, 9, 8),
(13503, 1449, 9, 9, 9, 9, 8, 9),
(13504, 1449, 9, 9, 8, 9, 9, 8),
(13505, 1449, 9, 8, 9, 9, 9, 9),
(13506, 1449, 8, 9, 9, 9, 8, 9),
(13507, 1449, 9, 9, 9, 8, 9, 9),
(13508, 1450, 10, 9, 9, 9, 9, 9),
(13509, 1450, 9, 10, 9, 9, 9, 9),
(13510, 1450, 10, 9, 10, 9, 9, 9),
(13511, 1450, 9, 10, 9, 10, 9, 9),
(13512, 1450, 10, 10, 9, 9, 9, 10),
(13513, 1451, 10, 10, 9, 10, 9, 9),
(13514, 1451, 9, 10, 10, 9, 10, 9),
(13515, 1451, 10, 10, 9, 10, 9, 10),
(13516, 1451, 10, 9, 10, 10, 9, 10),
(13517, 1451, 10, 10, 10, 10, 9, 10),
(13518, 1452, 10, 9, 9, 9, 9, 9),
(13519, 1452, 9, 10, 9, 9, 9, 9),
(13520, 1452, 10, 9, 10, 9, 9, 9),
(13521, 1452, 9, 10, 9, 10, 9, 9),
(13522, 1452, 10, 10, 9, 10, 9, 9),
(13523, 1452, 9, 9, 9, 9, 9, 8),
(13524, 1452, 9, 9, 9, 9, 8, 9),
(13525, 1452, 10, 9, 9, 9, 9, 8),
(13526, 1452, 9, 10, 9, 9, 8, 9),
(13527, 1452, 10, 9, 10, 9, 9, 9),
(13528, 1452, 10, 10, 9, 9, 9, 9),
(13529, 1452, 9, 10, 10, 9, 9, 9),
(13530, 1452, 10, 10, 9, 9, 9, 10),
(13531, 1452, 10, 9, 10, 9, 9, 10),
(13532, 1452, 10, 10, 9, 10, 9, 9),
(13533, 1453, 9, 9, 9, 9, 9, 9),
(13534, 1453, 9, 9, 9, 9, 9, 9),
(13535, 1453, 10, 9, 9, 9, 9, 9),
(13536, 1453, 9, 10, 9, 9, 9, 9),
(13537, 1453, 10, 9, 10, 9, 9, 10),
(13538, 1453, 9, 10, 9, 9, 10, 9),
(13539, 1453, 9, 9, 8, 9, 8, 8),
(13540, 1453, 8, 9, 9, 8, 9, 8),
(13541, 1453, 9, 8, 9, 9, 8, 9),
(13542, 1453, 8, 9, 8, 9, 8, 8),
(13543, 1453, 9, 8, 9, 8, 9, 9),
(13544, 1453, 8, 9, 8, 8, 9, 8),
(13545, 1454, 10, 9, 9, 9, 9, 9),
(13546, 1454, 9, 10, 9, 9, 9, 9),
(13547, 1454, 10, 9, 10, 9, 9, 9),
(13548, 1454, 9, 10, 9, 10, 9, 9),
(13549, 1454, 10, 10, 9, 10, 9, 9),
(13550, 1454, 9, 9, 9, 9, 9, 8),
(13551, 1454, 9, 9, 9, 9, 8, 9),
(13552, 1454, 10, 9, 9, 9, 9, 8),
(13553, 1454, 9, 10, 9, 9, 8, 9),
(13554, 1454, 10, 9, 10, 9, 9, 9),
(13555, 1454, 10, 10, 9, 9, 9, 9),
(13556, 1454, 9, 10, 10, 9, 9, 9),
(13557, 1454, 10, 10, 9, 9, 9, 10),
(13558, 1454, 10, 9, 10, 9, 9, 10),
(13559, 1454, 10, 10, 9, 10, 9, 9),
(13560, 1455, 9, 9, 8, 9, 8, 8),
(13561, 1455, 8, 9, 9, 8, 9, 8),
(13562, 1455, 9, 8, 9, 9, 8, 9),
(13563, 1455, 8, 9, 8, 9, 8, 8),
(13564, 1455, 9, 8, 9, 8, 9, 8),
(13565, 1455, 8, 9, 8, 8, 9, 8),
(13566, 1455, 9, 8, 8, 9, 8, 8),
(13567, 1455, 8, 9, 8, 8, 9, 8),
(13568, 1455, 9, 8, 9, 8, 8, 9),
(13569, 1455, 8, 9, 8, 8, 8, 8),
(13570, 1455, 9, 8, 9, 8, 9, 8),
(13571, 1455, 8, 9, 8, 8, 8, 8),
(13572, 1456, 9, 9, 8, 9, 8, 8),
(13573, 1456, 8, 9, 9, 8, 9, 8),
(13574, 1456, 9, 8, 9, 9, 8, 9),
(13575, 1456, 8, 9, 8, 9, 8, 8),
(13576, 1456, 9, 8, 9, 8, 9, 9),
(13577, 1456, 8, 9, 8, 8, 9, 8),
(13578, 1456, 9, 9, 8, 9, 8, 8),
(13579, 1456, 8, 9, 9, 8, 9, 8),
(13580, 1456, 9, 8, 9, 9, 8, 9),
(13581, 1456, 8, 9, 8, 9, 8, 8),
(13582, 1456, 9, 8, 9, 8, 9, 9),
(13583, 1456, 8, 9, 8, 8, 9, 8),
(13584, 1457, 9, 9, 8, 9, 8, 8),
(13585, 1457, 8, 9, 9, 8, 9, 8),
(13586, 1457, 9, 8, 9, 9, 8, 9),
(13587, 1457, 8, 9, 8, 9, 8, 8),
(13588, 1457, 9, 8, 9, 8, 9, 9),
(13589, 1457, 8, 9, 8, 8, 9, 8),
(13590, 1457, 9, 9, 8, 9, 8, 8),
(13591, 1457, 8, 9, 9, 8, 9, 8),
(13592, 1457, 9, 8, 9, 9, 8, 9),
(13593, 1457, 8, 9, 8, 9, 8, 8),
(13594, 1457, 9, 8, 9, 8, 9, 9),
(13595, 1457, 8, 9, 8, 8, 9, 8),
(13596, 1458, 9, 9, 8, 9, 8, 8),
(13597, 1458, 8, 9, 9, 8, 9, 8),
(13598, 1458, 9, 8, 9, 9, 8, 9),
(13599, 1458, 8, 9, 8, 9, 8, 8),
(13600, 1458, 9, 8, 9, 8, 9, 9),
(13601, 1458, 8, 9, 8, 8, 9, 8),
(13602, 1458, 9, 9, 8, 9, 8, 8),
(13603, 1458, 8, 9, 9, 8, 9, 8),
(13604, 1458, 9, 8, 9, 9, 8, 9),
(13605, 1458, 8, 9, 8, 9, 8, 8),
(13606, 1458, 9, 8, 9, 8, 9, 9),
(13607, 1458, 8, 9, 8, 8, 9, 8),
(13608, 1459, 9, 9, 9, 9, 9, 9),
(13609, 1459, 9, 9, 9, 9, 9, 9),
(13610, 1459, 10, 9, 9, 9, 9, 9),
(13611, 1459, 9, 10, 9, 9, 9, 9),
(13612, 1459, 10, 9, 10, 9, 9, 10),
(13613, 1459, 9, 10, 9, 9, 10, 9),
(13614, 1459, 9, 9, 8, 9, 8, 8),
(13615, 1459, 8, 9, 9, 8, 9, 8),
(13616, 1459, 9, 8, 9, 9, 8, 9),
(13617, 1459, 8, 9, 8, 9, 8, 8),
(13618, 1459, 9, 8, 9, 8, 9, 9),
(13619, 1459, 8, 9, 8, 8, 9, 8),
(13620, 1460, 9, 9, 9, 9, 8, 9),
(13621, 1460, 9, 9, 8, 9, 9, 8),
(13622, 1460, 9, 8, 9, 9, 9, 9),
(13623, 1460, 8, 9, 9, 9, 8, 9),
(13624, 1460, 9, 9, 9, 8, 9, 9),
(13625, 1461, 10, 9, 9, 9, 9, 9),
(13626, 1461, 9, 10, 9, 9, 9, 9),
(13627, 1461, 10, 9, 10, 9, 9, 9),
(13628, 1461, 9, 10, 9, 10, 9, 9),
(13629, 1461, 10, 10, 9, 9, 9, 10),
(13630, 1462, 10, 10, 9, 10, 9, 9),
(13631, 1462, 9, 10, 10, 9, 10, 9),
(13632, 1462, 10, 10, 9, 10, 9, 10),
(13633, 1462, 10, 9, 10, 10, 9, 10),
(13634, 1462, 10, 10, 10, 10, 9, 10),
(13635, 1463, 9, 9, 9, 9, 9, 9),
(13636, 1463, 9, 9, 9, 9, 9, 9),
(13637, 1463, 10, 9, 9, 9, 9, 9),
(13638, 1463, 9, 10, 9, 9, 9, 9),
(13639, 1463, 10, 9, 10, 9, 9, 10),
(13640, 1463, 9, 10, 9, 9, 10, 9),
(13641, 1463, 9, 9, 8, 9, 8, 8),
(13642, 1463, 8, 9, 9, 8, 9, 8),
(13643, 1463, 9, 8, 9, 9, 8, 9),
(13644, 1463, 8, 9, 8, 9, 8, 8),
(13645, 1463, 9, 8, 9, 8, 9, 9),
(13646, 1463, 8, 9, 8, 8, 9, 8),
(13647, 1464, 10, 10, 9, 10, 9, 9),
(13648, 1464, 9, 10, 10, 9, 10, 9),
(13649, 1464, 10, 10, 9, 10, 9, 10),
(13650, 1464, 10, 9, 10, 10, 9, 10),
(13651, 1464, 10, 10, 10, 9, 10, 10),
(13652, 1464, 9, 10, 9, 10, 9, 9),
(13653, 1464, 10, 9, 9, 10, 9, 9),
(13654, 1464, 9, 10, 9, 9, 10, 9),
(13655, 1464, 10, 9, 10, 9, 9, 10),
(13656, 1464, 9, 10, 9, 10, 9, 9),
(13657, 1464, 10, 10, 9, 10, 9, 10),
(13658, 1464, 10, 9, 10, 10, 9, 10),
(13659, 1465, 10, 9, 9, 9, 9, 9),
(13660, 1465, 9, 10, 9, 9, 9, 9),
(13661, 1465, 10, 9, 10, 9, 9, 9),
(13662, 1465, 9, 10, 9, 10, 9, 9),
(13663, 1465, 10, 10, 9, 10, 9, 9),
(13664, 1465, 9, 9, 9, 9, 9, 8),
(13665, 1465, 9, 9, 9, 9, 8, 9),
(13666, 1465, 10, 9, 9, 9, 9, 8),
(13667, 1465, 9, 10, 9, 9, 8, 9),
(13668, 1465, 10, 9, 10, 9, 9, 9),
(13669, 1465, 10, 10, 9, 9, 9, 9),
(13670, 1465, 9, 10, 10, 9, 9, 9),
(13671, 1465, 10, 10, 9, 9, 9, 10),
(13672, 1465, 10, 9, 10, 9, 9, 10),
(13673, 1465, 10, 10, 9, 10, 9, 9),
(13674, 1466, 9, 9, 8, 9, 8, 8),
(13675, 1466, 8, 9, 9, 8, 9, 8),
(13676, 1466, 9, 8, 9, 9, 8, 9),
(13677, 1466, 8, 9, 8, 9, 8, 8),
(13678, 1466, 9, 8, 9, 8, 9, 9),
(13679, 1466, 8, 9, 8, 8, 9, 8),
(13680, 1467, 9, 9, 9, 9, 9, 9),
(13681, 1467, 9, 9, 9, 9, 9, 9),
(13682, 1467, 10, 9, 9, 9, 9, 9),
(13683, 1467, 9, 10, 9, 9, 9, 9),
(13684, 1467, 10, 9, 10, 9, 9, 10),
(13685, 1467, 9, 10, 9, 9, 10, 9),
(13686, 1468, 10, 10, 9, 10, 9, 9),
(13687, 1468, 9, 10, 10, 9, 10, 9),
(13688, 1468, 10, 10, 9, 10, 9, 10),
(13689, 1468, 10, 9, 10, 10, 9, 10),
(13690, 1468, 10, 10, 10, 9, 10, 10),
(13691, 1468, 9, 10, 9, 10, 9, 9),
(13692, 1469, 10, 10, 9, 10, 9, 9),
(13693, 1469, 9, 10, 10, 9, 10, 9),
(13694, 1469, 10, 10, 9, 10, 9, 10),
(13695, 1469, 10, 9, 10, 10, 9, 10),
(13696, 1469, 10, 10, 10, 9, 10, 10),
(13697, 1469, 9, 10, 9, 10, 9, 9),
(13698, 1470, 10, 9, 9, 9, 9, 9),
(13699, 1470, 9, 10, 9, 9, 9, 9),
(13700, 1470, 10, 9, 10, 9, 9, 9),
(13701, 1470, 9, 10, 9, 10, 9, 9),
(13702, 1470, 10, 10, 9, 10, 9, 9),
(13703, 1470, 9, 9, 9, 9, 9, 8),
(13704, 1470, 9, 9, 9, 9, 8, 9),
(13705, 1470, 10, 9, 9, 9, 9, 8),
(13706, 1470, 9, 10, 9, 9, 8, 9),
(13707, 1470, 10, 9, 10, 9, 9, 9),
(13708, 1470, 10, 10, 9, 9, 9, 9),
(13709, 1470, 9, 10, 10, 9, 9, 9),
(13710, 1471, 9, 9, 8, 9, 8, 8),
(13711, 1471, 8, 9, 9, 8, 9, 8),
(13712, 1471, 9, 8, 9, 9, 8, 9),
(13713, 1471, 8, 9, 8, 9, 8, 8),
(13714, 1471, 9, 8, 9, 8, 9, 8),
(13715, 1471, 8, 9, 8, 8, 9, 8),
(13716, 1471, 9, 8, 8, 9, 8, 8),
(13717, 1471, 8, 9, 8, 8, 9, 8),
(13718, 1471, 9, 8, 9, 8, 8, 9),
(13719, 1471, 8, 9, 8, 8, 8, 8),
(13720, 1471, 9, 8, 9, 8, 9, 8),
(13721, 1471, 8, 9, 8, 8, 8, 8),
(13722, 1472, 9, 9, 8, 9, 8, 8),
(13723, 1472, 8, 9, 9, 8, 9, 8),
(13724, 1472, 9, 8, 9, 9, 8, 9),
(13725, 1472, 8, 9, 8, 9, 8, 8),
(13726, 1472, 9, 8, 9, 8, 9, 9),
(13727, 1472, 8, 9, 8, 8, 9, 8),
(13728, 1472, 9, 9, 8, 9, 8, 8),
(13729, 1472, 8, 9, 9, 8, 9, 8),
(13730, 1472, 9, 8, 9, 9, 8, 9),
(13731, 1472, 8, 9, 8, 9, 8, 8),
(13732, 1472, 9, 8, 9, 8, 9, 9),
(13733, 1472, 8, 9, 8, 8, 9, 8),
(13734, 1473, 10, 10, 9, 10, 9, 9),
(13735, 1473, 9, 10, 10, 9, 10, 9),
(13736, 1473, 10, 10, 9, 10, 9, 10),
(13737, 1473, 10, 9, 10, 10, 9, 10),
(13738, 1473, 10, 10, 10, 9, 10, 10),
(13739, 1473, 9, 10, 9, 10, 9, 9),
(13740, 1473, 10, 9, 9, 10, 9, 9),
(13741, 1473, 9, 10, 9, 9, 10, 9),
(13742, 1473, 10, 9, 10, 9, 9, 10),
(13743, 1473, 9, 10, 9, 10, 9, 9),
(13744, 1473, 10, 10, 9, 10, 9, 10),
(13745, 1473, 10, 9, 10, 10, 9, 10),
(13746, 1474, 9, 9, 9, 9, 8, 9),
(13747, 1474, 9, 9, 8, 9, 9, 8),
(13748, 1474, 9, 8, 9, 9, 9, 9),
(13749, 1474, 8, 9, 9, 9, 8, 9),
(13750, 1474, 9, 9, 9, 8, 9, 9),
(13751, 1475, 10, 9, 9, 9, 9, 9),
(13752, 1475, 9, 10, 9, 9, 9, 9),
(13753, 1475, 10, 9, 10, 9, 9, 9),
(13754, 1475, 9, 10, 9, 10, 9, 9),
(13755, 1475, 10, 10, 9, 9, 9, 10),
(13756, 1476, 10, 10, 9, 10, 9, 9),
(13757, 1476, 9, 10, 10, 9, 10, 9),
(13758, 1476, 10, 10, 9, 10, 9, 10),
(13759, 1476, 10, 9, 10, 10, 9, 10),
(13760, 1476, 10, 10, 10, 10, 9, 10),
(13761, 1477, 9, 9, 8, 9, 8, 8),
(13762, 1477, 8, 9, 9, 8, 9, 8),
(13763, 1477, 9, 8, 9, 9, 8, 9),
(13764, 1477, 8, 9, 8, 9, 8, 8),
(13765, 1477, 9, 8, 9, 8, 9, 9),
(13766, 1477, 8, 9, 8, 8, 9, 8),
(13767, 1477, 9, 9, 8, 9, 8, 8),
(13768, 1477, 8, 9, 9, 8, 9, 8),
(13769, 1477, 9, 8, 9, 9, 8, 9),
(13770, 1477, 8, 9, 8, 9, 8, 8),
(13771, 1477, 9, 8, 9, 8, 9, 9),
(13772, 1477, 8, 9, 8, 8, 9, 8),
(13773, 1478, 10, 9, 9, 9, 9, 9),
(13774, 1478, 9, 10, 9, 9, 9, 9),
(13775, 1478, 10, 9, 10, 9, 9, 9),
(13776, 1478, 9, 10, 9, 10, 9, 9),
(13777, 1478, 10, 10, 9, 10, 9, 9),
(13778, 1478, 9, 9, 9, 9, 9, 8),
(13779, 1478, 9, 9, 9, 9, 8, 9),
(13780, 1478, 10, 9, 9, 9, 9, 8),
(13781, 1478, 9, 10, 9, 9, 8, 9),
(13782, 1478, 10, 9, 10, 9, 9, 9),
(13783, 1478, 10, 10, 9, 9, 9, 9),
(13784, 1478, 9, 10, 10, 9, 9, 9),
(13785, 1478, 10, 10, 9, 9, 9, 10),
(13786, 1478, 10, 9, 10, 9, 9, 10),
(13787, 1478, 10, 10, 9, 10, 9, 9),
(13788, 1479, 9, 9, 8, 9, 8, 8),
(13789, 1479, 8, 9, 9, 8, 9, 8),
(13790, 1479, 9, 8, 9, 9, 8, 9),
(13791, 1479, 8, 9, 8, 9, 8, 8),
(13792, 1479, 9, 8, 9, 8, 9, 9),
(13793, 1479, 8, 9, 8, 8, 9, 8),
(13794, 1479, 9, 9, 8, 9, 8, 8),
(13795, 1479, 8, 9, 9, 8, 9, 8),
(13796, 1479, 9, 8, 9, 9, 8, 9),
(13797, 1479, 8, 9, 8, 9, 8, 8),
(13798, 1479, 9, 8, 9, 8, 9, 9),
(13799, 1479, 8, 9, 8, 8, 9, 8),
(13800, 1480, 9, 9, 9, 9, 9, 9),
(13801, 1480, 9, 9, 9, 9, 9, 9),
(13802, 1480, 10, 9, 9, 9, 9, 9),
(13803, 1480, 9, 10, 9, 9, 9, 9),
(13804, 1480, 10, 9, 10, 9, 9, 10),
(13805, 1480, 9, 10, 9, 9, 10, 9),
(13806, 1480, 9, 9, 8, 9, 8, 8),
(13807, 1480, 8, 9, 9, 8, 9, 8),
(13808, 1480, 9, 8, 9, 9, 8, 9),
(13809, 1480, 8, 9, 8, 9, 8, 8),
(13810, 1480, 9, 8, 9, 8, 9, 9),
(13811, 1480, 8, 9, 8, 8, 9, 8),
(13812, 1481, 9, 9, 8, 9, 8, 8),
(13813, 1481, 8, 9, 9, 8, 9, 8),
(13814, 1481, 9, 8, 9, 9, 8, 9),
(13815, 1481, 8, 9, 8, 9, 8, 8),
(13816, 1481, 9, 8, 9, 8, 9, 9),
(13817, 1481, 8, 9, 8, 8, 9, 8),
(13818, 1482, 9, 9, 9, 9, 9, 9),
(13819, 1482, 9, 9, 9, 9, 9, 9),
(13820, 1482, 10, 9, 9, 9, 9, 9),
(13821, 1482, 9, 10, 9, 9, 9, 9),
(13822, 1482, 10, 9, 10, 9, 9, 10),
(13823, 1482, 9, 10, 9, 9, 10, 9),
(13824, 1483, 10, 10, 9, 10, 9, 9),
(13825, 1483, 9, 10, 10, 9, 10, 9),
(13826, 1483, 10, 10, 9, 10, 9, 10),
(13827, 1483, 10, 9, 10, 10, 9, 10),
(13828, 1483, 10, 10, 10, 9, 10, 10),
(13829, 1483, 9, 10, 9, 10, 9, 9),
(13830, 1484, 10, 10, 9, 10, 9, 9),
(13831, 1484, 9, 10, 10, 9, 10, 9),
(13832, 1484, 10, 10, 9, 10, 9, 10),
(13833, 1484, 10, 9, 10, 10, 9, 10),
(13834, 1484, 10, 10, 10, 9, 10, 10),
(13835, 1484, 9, 10, 9, 10, 9, 9),
(13836, 1485, 9, 9, 8, 9, 8, 8),
(13837, 1485, 8, 9, 9, 8, 9, 8),
(13838, 1485, 9, 8, 9, 9, 8, 9),
(13839, 1485, 8, 9, 8, 9, 8, 8),
(13840, 1485, 9, 8, 9, 8, 9, 9),
(13841, 1485, 8, 9, 8, 8, 9, 8),
(13842, 1485, 9, 9, 8, 9, 8, 8),
(13843, 1485, 8, 9, 9, 8, 9, 8),
(13844, 1485, 9, 8, 9, 9, 8, 9),
(13845, 1485, 8, 9, 8, 9, 8, 8),
(13846, 1485, 9, 8, 9, 8, 9, 9),
(13847, 1485, 8, 9, 8, 8, 9, 8),
(13848, 1486, 9, 9, 9, 9, 8, 9),
(13849, 1486, 9, 9, 8, 9, 9, 8),
(13850, 1486, 9, 8, 9, 9, 9, 9),
(13851, 1486, 8, 9, 9, 9, 8, 9),
(13852, 1486, 9, 9, 9, 8, 9, 9),
(13853, 1487, 10, 9, 9, 9, 9, 9),
(13854, 1487, 9, 10, 9, 9, 9, 9),
(13855, 1487, 10, 9, 10, 9, 9, 9),
(13856, 1487, 9, 10, 9, 10, 9, 9),
(13857, 1487, 10, 10, 9, 9, 9, 10),
(13858, 1488, 10, 10, 9, 10, 9, 9),
(13859, 1488, 9, 10, 10, 9, 10, 9),
(13860, 1488, 10, 10, 9, 10, 9, 10),
(13861, 1488, 10, 9, 10, 10, 9, 10),
(13862, 1488, 10, 10, 10, 10, 9, 10),
(13863, 1489, 9, 9, 8, 9, 8, 8),
(13864, 1489, 8, 9, 9, 8, 9, 8),
(13865, 1489, 9, 8, 9, 9, 8, 9),
(13866, 1489, 8, 9, 8, 9, 8, 8),
(13867, 1489, 9, 8, 9, 8, 9, 8),
(13868, 1489, 8, 9, 8, 8, 9, 8),
(13869, 1489, 9, 8, 8, 9, 8, 8),
(13870, 1489, 8, 9, 8, 8, 9, 8),
(13871, 1489, 9, 8, 9, 8, 8, 9),
(13872, 1489, 8, 9, 8, 8, 8, 8),
(13873, 1489, 9, 8, 9, 8, 9, 8),
(13874, 1489, 8, 9, 8, 8, 8, 8),
(13875, 1490, 9, 9, 8, 9, 8, 8),
(13876, 1490, 8, 9, 9, 8, 9, 8),
(13877, 1490, 9, 8, 9, 9, 8, 9),
(13878, 1490, 8, 9, 8, 9, 8, 8),
(13879, 1490, 9, 8, 9, 8, 9, 9),
(13880, 1490, 8, 9, 8, 8, 9, 8),
(13881, 1490, 9, 9, 8, 9, 8, 8),
(13882, 1490, 8, 9, 9, 8, 9, 8),
(13883, 1490, 9, 8, 9, 9, 8, 9),
(13884, 1490, 8, 9, 8, 9, 8, 8),
(13885, 1490, 9, 8, 9, 8, 9, 9),
(13886, 1490, 8, 9, 8, 8, 9, 8),
(13887, 1491, 10, 10, 9, 10, 9, 9),
(13888, 1491, 9, 10, 10, 9, 10, 9),
(13889, 1491, 10, 10, 9, 10, 9, 10),
(13890, 1491, 10, 9, 10, 10, 9, 10),
(13891, 1491, 10, 10, 10, 9, 10, 10),
(13892, 1491, 9, 10, 9, 10, 9, 9),
(13893, 1491, 10, 9, 9, 10, 9, 9),
(13894, 1491, 9, 10, 9, 9, 10, 9),
(13895, 1491, 10, 9, 10, 9, 9, 10),
(13896, 1491, 9, 10, 9, 10, 9, 9),
(13897, 1491, 10, 10, 9, 10, 9, 10),
(13898, 1491, 10, 9, 10, 10, 9, 10),
(13899, 1492, 9, 9, 9, 9, 9, 9),
(13900, 1492, 9, 9, 9, 9, 9, 9),
(13901, 1492, 10, 9, 9, 9, 9, 9),
(13902, 1492, 9, 10, 9, 9, 9, 9),
(13903, 1492, 10, 9, 10, 9, 9, 10),
(13904, 1492, 9, 10, 9, 9, 10, 9),
(13905, 1492, 9, 9, 8, 9, 8, 8),
(13906, 1492, 8, 9, 9, 8, 9, 8),
(13907, 1492, 9, 8, 9, 9, 8, 9),
(13908, 1492, 8, 9, 8, 9, 8, 8),
(13909, 1492, 9, 8, 9, 8, 9, 9),
(13910, 1492, 8, 9, 8, 8, 9, 8),
(13911, 1493, 9, 9, 8, 9, 8, 8),
(13912, 1493, 8, 9, 9, 8, 9, 8),
(13913, 1493, 9, 8, 9, 9, 8, 9),
(13914, 1493, 8, 9, 8, 9, 8, 8),
(13915, 1493, 9, 8, 9, 8, 9, 9),
(13916, 1493, 8, 9, 8, 8, 9, 8),
(13917, 1494, 9, 9, 9, 9, 9, 9),
(13918, 1494, 9, 9, 9, 9, 9, 9),
(13919, 1494, 10, 9, 9, 9, 9, 9),
(13920, 1494, 9, 10, 9, 9, 9, 9),
(13921, 1494, 10, 9, 10, 9, 9, 10),
(13922, 1494, 9, 10, 9, 9, 10, 9),
(13923, 1495, 10, 10, 9, 10, 9, 9),
(13924, 1495, 9, 10, 10, 9, 10, 9),
(13925, 1495, 10, 10, 9, 10, 9, 10),
(13926, 1495, 10, 9, 10, 10, 9, 10),
(13927, 1495, 10, 10, 10, 9, 10, 10),
(13928, 1495, 9, 10, 9, 10, 9, 9),
(13929, 1496, 10, 10, 9, 10, 9, 9),
(13930, 1496, 9, 10, 10, 9, 10, 9),
(13931, 1496, 10, 10, 9, 10, 9, 10),
(13932, 1496, 10, 9, 10, 10, 9, 10),
(13933, 1496, 10, 10, 10, 9, 10, 10),
(13934, 1496, 9, 10, 9, 10, 9, 9),
(13935, 1497, 9, 9, 8, 9, 8, 8),
(13936, 1497, 8, 9, 9, 8, 9, 8),
(13937, 1497, 9, 8, 9, 9, 8, 9),
(13938, 1497, 8, 9, 8, 9, 8, 8),
(13939, 1497, 9, 8, 9, 8, 9, 9),
(13940, 1497, 8, 9, 8, 8, 9, 8),
(13941, 1497, 9, 9, 8, 9, 8, 8),
(13942, 1497, 8, 9, 9, 8, 9, 8),
(13943, 1497, 9, 8, 9, 9, 8, 9),
(13944, 1497, 8, 9, 8, 9, 8, 8),
(13945, 1497, 9, 8, 9, 8, 9, 9),
(13946, 1497, 8, 9, 8, 8, 9, 8),
(13947, 1498, 10, 9, 9, 9, 9, 9),
(13948, 1498, 9, 10, 9, 9, 9, 9),
(13949, 1498, 10, 9, 10, 9, 9, 9),
(13950, 1498, 9, 10, 9, 10, 9, 9),
(13951, 1498, 10, 10, 9, 10, 9, 9),
(13952, 1498, 9, 9, 9, 9, 9, 8),
(13953, 1498, 9, 9, 9, 9, 8, 9),
(13954, 1498, 10, 9, 9, 9, 9, 8),
(13955, 1498, 9, 10, 9, 9, 8, 9),
(13956, 1498, 10, 9, 10, 9, 9, 9),
(13957, 1498, 10, 10, 9, 9, 9, 9),
(13958, 1498, 9, 10, 10, 9, 9, 9),
(13959, 1498, 10, 10, 9, 9, 9, 10),
(13960, 1498, 10, 9, 10, 9, 9, 10),
(13961, 1498, 10, 10, 9, 10, 9, 9),
(13962, 1499, 9, 9, 9, 9, 9, 9),
(13963, 1499, 9, 9, 9, 9, 9, 9),
(13964, 1499, 10, 9, 9, 9, 9, 9),
(13965, 1499, 9, 10, 9, 9, 9, 9),
(13966, 1499, 10, 9, 10, 9, 9, 10),
(13967, 1499, 9, 10, 9, 9, 10, 9),
(13968, 1499, 9, 9, 8, 9, 8, 8),
(13969, 1499, 8, 9, 9, 8, 9, 8),
(13970, 1499, 9, 8, 9, 9, 8, 9),
(13971, 1499, 8, 9, 8, 9, 8, 8),
(13972, 1499, 9, 8, 9, 8, 9, 9),
(13973, 1499, 8, 9, 8, 8, 9, 8),
(13974, 1470, 10, 10, 9, 9, 9, 10),
(13975, 1470, 10, 9, 10, 9, 9, 10),
(13976, 1470, 10, 10, 9, 10, 9, 9),
(13977, 1500, 9, 9, 8, 9, 8, 8),
(13978, 1500, 8, 9, 9, 8, 9, 8),
(13979, 1500, 9, 8, 9, 9, 8, 9),
(13980, 1500, 8, 9, 8, 9, 8, 8),
(13981, 1500, 9, 8, 9, 8, 9, 9),
(13982, 1500, 8, 9, 8, 8, 9, 8),
(13983, 1500, 9, 9, 8, 9, 8, 8),
(13984, 1500, 8, 9, 9, 8, 9, 8),
(13985, 1500, 9, 8, 9, 9, 8, 9),
(13986, 1500, 8, 9, 8, 9, 8, 8),
(13987, 1500, 9, 8, 9, 8, 9, 9),
(13988, 1500, 8, 9, 8, 8, 9, 8),
(13989, 1501, 10, 9, 9, 9, 9, 9),
(13990, 1501, 9, 10, 9, 9, 9, 9),
(13991, 1501, 10, 9, 10, 9, 9, 9),
(13992, 1501, 9, 10, 9, 10, 9, 9),
(13993, 1501, 10, 10, 9, 10, 9, 9),
(13994, 1501, 9, 9, 9, 9, 9, 8),
(13995, 1501, 9, 9, 9, 9, 8, 9),
(13996, 1501, 10, 9, 9, 9, 9, 8),
(13997, 1501, 9, 10, 9, 9, 8, 9),
(13998, 1501, 10, 9, 10, 9, 9, 9),
(13999, 1501, 10, 10, 9, 9, 9, 9),
(14000, 1501, 9, 10, 10, 9, 9, 9),
(14001, 1501, 10, 10, 9, 9, 9, 10),
(14002, 1501, 10, 9, 10, 9, 9, 10),
(14003, 1501, 10, 10, 9, 10, 9, 9),
(14004, 1502, 9, 9, 8, 9, 8, 8),
(14005, 1502, 8, 9, 9, 8, 9, 8),
(14006, 1502, 9, 8, 9, 9, 8, 9),
(14007, 1502, 8, 9, 8, 9, 8, 8),
(14008, 1502, 9, 8, 9, 8, 9, 8),
(14009, 1502, 8, 9, 8, 8, 9, 8),
(14010, 1502, 9, 8, 8, 9, 8, 8),
(14011, 1502, 8, 9, 8, 8, 9, 8),
(14012, 1502, 9, 8, 9, 8, 8, 9),
(14013, 1502, 8, 9, 8, 8, 8, 8),
(14014, 1502, 9, 8, 9, 8, 9, 8),
(14015, 1502, 8, 9, 8, 8, 8, 8),
(14016, 1503, 9, 9, 8, 9, 8, 8),
(14017, 1503, 8, 9, 9, 8, 9, 8),
(14018, 1503, 9, 8, 9, 9, 8, 9),
(14019, 1503, 8, 9, 8, 9, 8, 8),
(14020, 1503, 9, 8, 9, 8, 9, 9),
(14021, 1503, 8, 9, 8, 8, 9, 8),
(14022, 1503, 9, 9, 8, 9, 8, 8),
(14023, 1503, 8, 9, 9, 8, 9, 8),
(14024, 1503, 9, 8, 9, 9, 8, 9),
(14025, 1503, 8, 9, 8, 9, 8, 8),
(14026, 1503, 9, 8, 9, 8, 9, 9),
(14027, 1503, 8, 9, 8, 8, 9, 8),
(14028, 1504, 9, 9, 8, 9, 8, 8),
(14029, 1504, 8, 9, 9, 8, 9, 8),
(14030, 1504, 9, 8, 9, 9, 8, 9),
(14031, 1504, 8, 9, 8, 9, 8, 8),
(14032, 1504, 9, 8, 9, 8, 9, 9),
(14033, 1504, 8, 9, 8, 8, 9, 8),
(14034, 1504, 9, 9, 8, 9, 8, 8),
(14035, 1504, 8, 9, 9, 8, 9, 8),
(14036, 1504, 9, 8, 9, 9, 8, 9),
(14037, 1504, 8, 9, 8, 9, 8, 8),
(14038, 1504, 9, 8, 9, 8, 9, 9),
(14039, 1504, 8, 9, 8, 8, 9, 8),
(14040, 1505, 9, 9, 8, 9, 8, 8),
(14041, 1505, 8, 9, 9, 8, 9, 8),
(14042, 1505, 9, 8, 9, 9, 8, 9),
(14043, 1505, 8, 9, 8, 9, 8, 8),
(14044, 1505, 9, 8, 9, 8, 9, 9),
(14045, 1505, 8, 9, 8, 8, 9, 8),
(14046, 1505, 9, 9, 8, 9, 8, 8),
(14047, 1505, 8, 9, 9, 8, 9, 8),
(14048, 1505, 9, 8, 9, 9, 8, 9),
(14049, 1505, 8, 9, 8, 9, 8, 8),
(14050, 1505, 9, 8, 9, 8, 9, 9),
(14051, 1505, 8, 9, 8, 8, 9, 8),
(14052, 1506, 9, 9, 9, 9, 9, 9),
(14053, 1506, 9, 9, 9, 9, 9, 9),
(14054, 1506, 10, 9, 9, 9, 9, 9),
(14055, 1506, 9, 10, 9, 9, 9, 9),
(14056, 1506, 10, 9, 10, 9, 9, 10),
(14057, 1506, 9, 10, 9, 9, 10, 9),
(14058, 1506, 9, 9, 8, 9, 8, 8),
(14059, 1506, 8, 9, 9, 8, 9, 8),
(14060, 1506, 9, 8, 9, 9, 8, 9),
(14061, 1506, 8, 9, 8, 9, 8, 8),
(14062, 1506, 9, 8, 9, 8, 9, 9),
(14063, 1506, 8, 9, 8, 8, 9, 8),
(14064, 1507, 9, 9, 9, 9, 8, 9),
(14065, 1507, 9, 9, 8, 9, 9, 8),
(14066, 1507, 9, 8, 9, 9, 9, 9),
(14067, 1507, 8, 9, 9, 9, 8, 9),
(14068, 1507, 9, 9, 9, 8, 9, 9),
(14069, 1508, 10, 9, 9, 9, 9, 9),
(14070, 1508, 9, 10, 9, 9, 9, 9),
(14071, 1508, 10, 9, 10, 9, 9, 9),
(14072, 1508, 9, 10, 9, 10, 9, 9),
(14073, 1508, 10, 10, 9, 9, 9, 10),
(14074, 1509, 10, 10, 9, 10, 9, 9),
(14075, 1509, 9, 10, 10, 9, 10, 9),
(14076, 1509, 10, 10, 9, 10, 9, 10),
(14077, 1509, 10, 9, 10, 10, 9, 10),
(14078, 1509, 10, 10, 10, 10, 9, 10),
(14079, 1510, 9, 9, 8, 9, 8, 8),
(14080, 1510, 8, 9, 9, 8, 9, 8),
(14081, 1510, 9, 8, 9, 9, 8, 9),
(14082, 1510, 8, 9, 8, 9, 8, 8),
(14083, 1510, 9, 8, 9, 8, 9, 9),
(14084, 1510, 8, 9, 8, 8, 9, 8),
(14085, 1511, 9, 9, 9, 9, 9, 9),
(14086, 1511, 9, 9, 9, 9, 9, 9),
(14087, 1511, 10, 9, 9, 9, 9, 9),
(14088, 1511, 9, 10, 9, 9, 9, 9),
(14089, 1511, 10, 9, 10, 9, 9, 10),
(14090, 1511, 9, 10, 9, 9, 10, 9),
(14091, 1512, 10, 10, 9, 10, 9, 9),
(14092, 1512, 9, 10, 10, 9, 10, 9),
(14093, 1512, 10, 10, 9, 10, 9, 10),
(14094, 1512, 10, 9, 10, 10, 9, 10),
(14095, 1512, 10, 10, 10, 9, 10, 10),
(14096, 1512, 9, 10, 9, 10, 9, 9),
(14097, 1513, 10, 10, 9, 10, 9, 9),
(14098, 1513, 9, 10, 10, 9, 10, 9),
(14099, 1513, 10, 10, 9, 10, 9, 10),
(14100, 1513, 10, 9, 10, 10, 9, 10),
(14101, 1513, 10, 10, 10, 9, 10, 10),
(14102, 1513, 9, 10, 9, 10, 9, 9),
(14103, 1514, 9, 9, 8, 9, 8, 8),
(14104, 1514, 8, 9, 9, 8, 9, 8),
(14105, 1514, 9, 8, 9, 9, 8, 9),
(14106, 1514, 8, 9, 8, 9, 8, 8),
(14107, 1514, 9, 8, 9, 8, 9, 9),
(14108, 1514, 8, 9, 8, 8, 9, 8),
(14109, 1515, 9, 9, 9, 9, 9, 9),
(14110, 1515, 9, 9, 9, 9, 9, 9),
(14111, 1515, 10, 9, 9, 9, 9, 9),
(14112, 1515, 9, 10, 9, 9, 9, 9),
(14113, 1515, 10, 9, 10, 9, 9, 10),
(14114, 1515, 9, 10, 9, 9, 10, 9),
(14115, 1516, 10, 10, 9, 10, 9, 9),
(14116, 1516, 9, 10, 10, 9, 10, 9),
(14117, 1516, 10, 10, 9, 10, 9, 10),
(14118, 1516, 10, 9, 10, 10, 9, 10),
(14119, 1516, 10, 10, 10, 9, 10, 10),
(14120, 1516, 9, 10, 9, 10, 9, 9),
(14121, 1517, 10, 10, 9, 10, 9, 9),
(14122, 1517, 9, 10, 10, 9, 10, 9),
(14123, 1517, 10, 10, 9, 10, 9, 10),
(14124, 1517, 10, 9, 10, 10, 9, 10),
(14125, 1517, 10, 10, 10, 9, 10, 10),
(14126, 1517, 9, 10, 9, 10, 9, 9),
(14127, 1518, 10, 10, 9, 10, 9, 9),
(14128, 1518, 9, 10, 10, 9, 10, 9),
(14129, 1518, 10, 10, 9, 10, 9, 10),
(14130, 1518, 10, 9, 10, 10, 9, 10),
(14131, 1518, 10, 10, 10, 9, 10, 10),
(14132, 1518, 9, 10, 9, 10, 9, 9),
(14133, 1518, 10, 9, 9, 10, 9, 9),
(14134, 1518, 9, 10, 9, 9, 10, 9),
(14135, 1518, 10, 9, 10, 9, 9, 10),
(14136, 1518, 9, 10, 9, 10, 9, 9),
(14137, 1518, 10, 10, 9, 10, 9, 10),
(14138, 1518, 10, 9, 10, 10, 9, 10),
(14139, 1519, 9, 9, 8, 9, 8, 8),
(14140, 1519, 8, 9, 9, 8, 9, 8),
(14141, 1519, 9, 8, 9, 9, 8, 9),
(14142, 1519, 8, 9, 8, 9, 8, 8),
(14143, 1519, 9, 8, 9, 8, 9, 8),
(14144, 1519, 8, 9, 8, 8, 9, 8),
(14145, 1519, 9, 8, 8, 9, 8, 8),
(14146, 1519, 8, 9, 8, 8, 9, 8),
(14147, 1519, 9, 8, 9, 8, 8, 9),
(14148, 1519, 8, 9, 8, 8, 8, 8),
(14149, 1519, 9, 8, 9, 8, 9, 8),
(14150, 1519, 8, 9, 8, 8, 8, 8),
(14151, 1520, 9, 9, 9, 9, 9, 9),
(14152, 1520, 9, 9, 9, 9, 9, 9),
(14153, 1520, 10, 9, 9, 9, 9, 9),
(14154, 1520, 9, 10, 9, 9, 9, 9),
(14155, 1520, 10, 9, 10, 9, 9, 10),
(14156, 1520, 9, 10, 9, 9, 10, 9),
(14157, 1520, 9, 9, 8, 9, 8, 8),
(14158, 1520, 8, 9, 9, 8, 9, 8),
(14159, 1520, 9, 8, 9, 9, 8, 9),
(14160, 1520, 8, 9, 8, 9, 8, 8),
(14161, 1520, 9, 8, 9, 8, 9, 9),
(14162, 1520, 8, 9, 8, 8, 9, 8),
(14163, 1521, 10, 9, 9, 9, 9, 9),
(14164, 1521, 9, 10, 9, 9, 9, 9),
(14165, 1521, 10, 9, 10, 9, 9, 9),
(14166, 1521, 9, 10, 9, 10, 9, 9),
(14167, 1521, 10, 10, 9, 10, 9, 9),
(14168, 1521, 9, 9, 9, 9, 9, 8),
(14169, 1521, 9, 9, 9, 9, 8, 9),
(14170, 1521, 10, 9, 9, 9, 9, 8),
(14171, 1521, 9, 10, 9, 9, 8, 9),
(14172, 1521, 10, 9, 10, 9, 9, 9),
(14173, 1521, 10, 10, 9, 9, 9, 9),
(14174, 1521, 9, 10, 10, 9, 9, 9),
(14175, 1521, 10, 10, 9, 9, 9, 10),
(14176, 1521, 10, 9, 10, 9, 9, 10),
(14177, 1521, 10, 10, 9, 10, 9, 9),
(14178, 1522, 9, 9, 9, 9, 9, 9),
(14179, 1522, 9, 9, 9, 9, 9, 9),
(14180, 1522, 10, 9, 9, 9, 9, 9),
(14181, 1522, 9, 10, 9, 9, 9, 9),
(14182, 1522, 10, 9, 10, 9, 9, 10),
(14183, 1522, 9, 10, 9, 9, 10, 9),
(14184, 1522, 9, 9, 8, 9, 8, 8),
(14185, 1522, 8, 9, 9, 8, 9, 8),
(14186, 1522, 9, 8, 9, 9, 8, 9),
(14187, 1522, 8, 9, 8, 9, 8, 8),
(14188, 1522, 9, 8, 9, 8, 9, 9),
(14189, 1522, 8, 9, 8, 8, 9, 8),
(14190, 1523, 10, 10, 9, 10, 9, 9),
(14191, 1523, 9, 10, 10, 9, 10, 9),
(14192, 1523, 10, 10, 9, 10, 9, 10),
(14193, 1523, 10, 9, 10, 10, 9, 10),
(14194, 1523, 10, 10, 10, 9, 10, 10),
(14195, 1523, 9, 10, 9, 10, 9, 9),
(14196, 1523, 10, 9, 9, 10, 9, 9),
(14197, 1523, 9, 10, 9, 9, 10, 9),
(14198, 1523, 10, 9, 10, 9, 9, 10),
(14199, 1523, 9, 10, 9, 10, 9, 9),
(14200, 1523, 10, 10, 9, 10, 9, 10),
(14201, 1523, 10, 9, 10, 10, 9, 10),
(14202, 1524, 9, 9, 8, 9, 8, 8),
(14203, 1524, 8, 9, 9, 8, 9, 8),
(14204, 1524, 9, 8, 9, 9, 8, 9),
(14205, 1524, 8, 9, 8, 9, 8, 8),
(14206, 1524, 9, 8, 9, 8, 9, 9),
(14207, 1524, 8, 9, 8, 8, 9, 8),
(14208, 1524, 9, 9, 8, 9, 8, 8),
(14209, 1524, 8, 9, 9, 8, 9, 8),
(14210, 1524, 9, 8, 9, 9, 8, 9),
(14211, 1524, 8, 9, 8, 9, 8, 8),
(14212, 1524, 9, 8, 9, 8, 9, 9),
(14213, 1524, 8, 9, 8, 8, 9, 8),
(14214, 1525, 9, 9, 8, 9, 8, 8),
(14215, 1525, 8, 9, 9, 8, 9, 8),
(14216, 1525, 9, 8, 9, 9, 8, 9),
(14217, 1525, 8, 9, 8, 9, 8, 8),
(14218, 1525, 9, 8, 9, 8, 9, 9),
(14219, 1525, 8, 9, 8, 8, 9, 8),
(14220, 1525, 9, 9, 8, 9, 8, 8),
(14221, 1525, 8, 9, 9, 8, 9, 8),
(14222, 1525, 9, 8, 9, 9, 8, 9),
(14223, 1525, 8, 9, 8, 9, 8, 8),
(14224, 1525, 9, 8, 9, 8, 9, 9),
(14225, 1525, 8, 9, 8, 8, 9, 8),
(14226, 1526, 9, 9, 9, 9, 8, 9),
(14227, 1526, 9, 9, 8, 9, 9, 8),
(14228, 1526, 9, 8, 9, 9, 9, 9),
(14229, 1526, 8, 9, 9, 9, 8, 9),
(14230, 1526, 9, 9, 9, 8, 9, 9),
(14231, 1527, 10, 9, 9, 9, 9, 9),
(14232, 1527, 9, 10, 9, 9, 9, 9),
(14233, 1527, 10, 9, 10, 9, 9, 9),
(14234, 1527, 9, 10, 9, 10, 9, 9),
(14235, 1527, 10, 10, 9, 9, 9, 10),
(14236, 1528, 10, 10, 9, 10, 9, 9),
(14237, 1528, 9, 10, 10, 9, 10, 9),
(14238, 1528, 10, 10, 9, 10, 9, 10),
(14239, 1528, 10, 9, 10, 10, 9, 10),
(14240, 1528, 10, 10, 10, 10, 9, 10),
(14241, 1529, 10, 9, 9, 9, 9, 9),
(14242, 1529, 9, 10, 9, 9, 9, 9),
(14243, 1529, 10, 9, 10, 9, 9, 9),
(14244, 1529, 9, 10, 9, 10, 9, 9),
(14245, 1529, 10, 10, 9, 10, 9, 9),
(14246, 1529, 9, 9, 9, 9, 9, 8),
(14247, 1529, 9, 9, 9, 9, 8, 9),
(14248, 1529, 10, 9, 9, 9, 9, 8),
(14249, 1529, 9, 10, 9, 9, 8, 9),
(14250, 1529, 10, 9, 10, 9, 9, 9),
(14251, 1529, 10, 10, 9, 9, 9, 9),
(14252, 1529, 9, 10, 10, 9, 9, 9),
(14253, 1529, 10, 10, 9, 9, 9, 10),
(14254, 1529, 10, 9, 10, 9, 9, 10),
(14255, 1529, 10, 10, 9, 10, 9, 9),
(14256, 1530, 10, 10, 9, 10, 9, 9),
(14257, 1530, 9, 10, 10, 9, 10, 9),
(14258, 1530, 10, 10, 9, 10, 9, 10),
(14259, 1530, 10, 9, 10, 10, 9, 10),
(14260, 1530, 10, 10, 10, 9, 10, 10),
(14261, 1530, 9, 10, 9, 10, 9, 9),
(14262, 1530, 10, 9, 9, 10, 9, 9),
(14263, 1530, 9, 10, 9, 9, 10, 9),
(14264, 1530, 10, 9, 10, 9, 9, 10),
(14265, 1530, 9, 10, 9, 10, 9, 9),
(14266, 1530, 10, 10, 9, 10, 9, 10),
(14267, 1530, 10, 9, 10, 10, 9, 10),
(14268, 1531, 9, 9, 9, 9, 9, 9),
(14269, 1531, 9, 9, 9, 9, 9, 9),
(14270, 1531, 10, 9, 9, 9, 9, 9),
(14271, 1531, 9, 10, 9, 9, 9, 9),
(14272, 1531, 10, 9, 10, 9, 9, 10),
(14273, 1531, 9, 10, 9, 9, 10, 9),
(14274, 1531, 9, 9, 8, 9, 8, 8),
(14275, 1531, 8, 9, 9, 8, 9, 8),
(14276, 1531, 9, 8, 9, 9, 8, 9),
(14277, 1531, 8, 9, 8, 9, 8, 8),
(14278, 1531, 9, 8, 9, 8, 9, 9),
(14279, 1531, 8, 9, 8, 8, 9, 8),
(14280, 1532, 9, 9, 9, 9, 9, 9),
(14281, 1532, 9, 9, 9, 9, 9, 8),
(14282, 1532, 10, 9, 9, 9, 9, 9),
(14283, 1532, 9, 10, 9, 9, 9, 9),
(14284, 1532, 10, 9, 10, 9, 9, 9),
(14285, 1532, 9, 10, 9, 9, 9, 9),
(14286, 1532, 9, 9, 8, 9, 8, 8),
(14287, 1532, 8, 9, 9, 8, 9, 8),
(14288, 1532, 9, 8, 9, 9, 8, 9),
(14289, 1532, 8, 9, 8, 9, 8, 8),
(14290, 1532, 9, 8, 9, 8, 9, 8),
(14291, 1532, 8, 9, 8, 8, 9, 8),
(14292, 1533, 9, 9, 8, 9, 8, 8),
(14293, 1533, 8, 9, 9, 8, 9, 8),
(14294, 1533, 9, 8, 9, 9, 8, 9),
(14295, 1533, 8, 9, 8, 9, 8, 8),
(14296, 1533, 9, 8, 9, 8, 9, 8),
(14297, 1533, 8, 9, 8, 8, 9, 8),
(14298, 1533, 9, 8, 8, 9, 8, 8),
(14299, 1533, 8, 9, 8, 8, 9, 8),
(14300, 1533, 9, 8, 9, 8, 8, 9),
(14301, 1533, 8, 9, 8, 8, 8, 8),
(14302, 1533, 9, 8, 9, 8, 9, 8),
(14303, 1533, 8, 9, 8, 8, 8, 8),
(14304, 1534, 10, 9, 9, 9, 9, 9),
(14305, 1534, 9, 10, 9, 9, 9, 9),
(14306, 1534, 10, 9, 10, 9, 9, 9),
(14307, 1534, 9, 10, 9, 10, 9, 9),
(14308, 1534, 10, 10, 9, 10, 9, 9),
(14309, 1534, 9, 9, 9, 9, 9, 8),
(14310, 1534, 9, 9, 9, 9, 8, 9),
(14311, 1534, 10, 9, 9, 9, 9, 8),
(14312, 1534, 9, 10, 9, 9, 8, 9),
(14313, 1534, 10, 9, 10, 9, 9, 9),
(14314, 1534, 10, 10, 9, 9, 9, 9),
(14315, 1534, 9, 10, 10, 9, 9, 9),
(14316, 1534, 10, 10, 9, 9, 9, 10),
(14317, 1534, 10, 9, 10, 9, 9, 10),
(14318, 1534, 10, 10, 9, 10, 9, 9),
(14319, 1535, 9, 9, 9, 9, 8, 9),
(14320, 1535, 9, 9, 8, 9, 9, 8),
(14321, 1535, 9, 8, 9, 9, 9, 9),
(14322, 1535, 8, 9, 9, 9, 8, 9),
(14323, 1535, 9, 9, 9, 8, 9, 9),
(14324, 1536, 10, 9, 9, 9, 9, 9),
(14325, 1536, 9, 10, 9, 9, 9, 9),
(14326, 1536, 10, 9, 10, 9, 9, 9),
(14327, 1536, 9, 10, 9, 10, 9, 9),
(14328, 1536, 10, 10, 9, 9, 9, 10),
(14329, 1537, 10, 10, 10, 10, 9, 9),
(14330, 1537, 9, 10, 10, 10, 10, 9),
(14331, 1537, 10, 10, 10, 10, 9, 10),
(14332, 1537, 10, 9, 10, 10, 10, 10),
(14333, 1537, 10, 10, 10, 10, 10, 10),
(14334, 1538, 9, 9, 9, 9, 9, 9),
(14335, 1538, 9, 9, 9, 9, 9, 9),
(14336, 1538, 10, 9, 9, 9, 9, 9),
(14337, 1538, 9, 10, 9, 9, 9, 9),
(14338, 1538, 10, 9, 10, 9, 9, 10),
(14339, 1538, 9, 10, 9, 9, 10, 9),
(14340, 1539, 10, 10, 9, 10, 9, 9),
(14341, 1539, 9, 10, 10, 9, 10, 9),
(14342, 1539, 10, 10, 9, 10, 9, 10),
(14343, 1539, 10, 9, 10, 10, 9, 10),
(14344, 1539, 10, 10, 10, 9, 10, 10),
(14345, 1539, 9, 10, 9, 10, 9, 9),
(14346, 1540, 10, 10, 9, 10, 9, 9),
(14347, 1540, 9, 10, 10, 9, 10, 9),
(14348, 1540, 10, 10, 9, 10, 9, 10),
(14349, 1540, 10, 9, 10, 10, 9, 10),
(14350, 1540, 10, 10, 10, 9, 10, 10),
(14351, 1540, 9, 10, 9, 10, 9, 9),
(14352, 1541, 10, 10, 10, 10, 9, 9),
(14353, 1541, 9, 10, 10, 10, 10, 9),
(14354, 1541, 10, 10, 10, 10, 9, 10),
(14355, 1541, 10, 9, 10, 10, 10, 10),
(14356, 1541, 10, 10, 10, 10, 10, 10),
(14357, 1541, 10, 10, 9, 10, 9, 9),
(14358, 1542, 9, 9, 8, 9, 8, 8),
(14359, 1542, 8, 9, 9, 8, 9, 8),
(14360, 1542, 9, 8, 9, 9, 8, 9),
(14361, 1542, 8, 9, 8, 9, 8, 8),
(14362, 1542, 9, 8, 9, 8, 9, 9),
(14363, 1542, 8, 9, 8, 8, 9, 8),
(14364, 1543, 9, 9, 9, 9, 9, 9),
(14365, 1543, 9, 9, 9, 9, 9, 9),
(14366, 1543, 10, 9, 9, 9, 9, 9),
(14367, 1543, 9, 10, 9, 9, 9, 9),
(14368, 1543, 10, 9, 10, 9, 9, 10),
(14369, 1543, 9, 10, 9, 9, 10, 9),
(14370, 1544, 10, 10, 9, 10, 9, 9),
(14371, 1544, 9, 10, 10, 9, 10, 9),
(14372, 1544, 10, 10, 9, 10, 9, 10),
(14373, 1544, 10, 9, 10, 10, 9, 10),
(14374, 1544, 10, 10, 10, 9, 10, 10),
(14375, 1544, 9, 10, 9, 10, 9, 9),
(14376, 1545, 10, 10, 10, 10, 9, 9),
(14377, 1545, 9, 10, 10, 10, 10, 9),
(14378, 1545, 10, 10, 10, 10, 9, 10),
(14379, 1545, 10, 9, 10, 10, 10, 10),
(14380, 1545, 10, 10, 10, 10, 10, 10),
(14381, 1545, 10, 10, 9, 10, 9, 9),
(14382, 1546, 9, 9, 8, 9, 8, 8),
(14383, 1546, 8, 9, 9, 8, 9, 8),
(14384, 1546, 9, 8, 9, 9, 8, 9),
(14385, 1546, 8, 9, 8, 9, 8, 8),
(14386, 1546, 9, 8, 9, 8, 9, 8),
(14387, 1546, 8, 9, 8, 8, 9, 8),
(14388, 1546, 9, 8, 8, 9, 8, 8),
(14389, 1546, 8, 9, 8, 8, 9, 8),
(14390, 1546, 9, 8, 9, 8, 8, 9),
(14391, 1546, 8, 9, 8, 8, 8, 8),
(14392, 1546, 9, 8, 9, 8, 9, 8),
(14393, 1546, 8, 9, 8, 8, 8, 8),
(14394, 1547, 9, 9, 9, 9, 9, 9),
(14395, 1547, 9, 9, 9, 9, 9, 9),
(14396, 1547, 10, 9, 9, 9, 9, 9),
(14397, 1547, 9, 10, 9, 9, 9, 9),
(14398, 1547, 10, 9, 10, 9, 9, 10),
(14399, 1547, 9, 10, 9, 9, 10, 9),
(14400, 1547, 9, 9, 8, 9, 8, 8),
(14401, 1547, 8, 9, 9, 8, 9, 8),
(14402, 1547, 9, 8, 9, 9, 8, 9),
(14403, 1547, 8, 9, 8, 9, 8, 8),
(14404, 1547, 9, 8, 9, 8, 9, 9),
(14405, 1547, 8, 9, 8, 8, 9, 8),
(14406, 1547, 9, 9, 8, 9, 8, 8),
(14407, 1547, 8, 9, 9, 8, 9, 8),
(14408, 1547, 9, 8, 9, 9, 8, 9),
(14409, 1548, 9, 9, 8, 9, 8, 8),
(14410, 1548, 8, 9, 9, 8, 9, 8),
(14411, 1548, 9, 8, 9, 9, 8, 9),
(14412, 1548, 8, 9, 8, 9, 8, 8),
(14413, 1548, 9, 8, 9, 8, 9, 9),
(14414, 1548, 8, 9, 8, 8, 9, 8),
(14415, 1548, 9, 9, 8, 9, 8, 8),
(14416, 1548, 8, 9, 9, 8, 9, 8),
(14417, 1548, 9, 8, 9, 9, 8, 9),
(14418, 1548, 8, 9, 8, 9, 8, 8),
(14419, 1548, 9, 8, 9, 8, 9, 9),
(14420, 1548, 8, 9, 8, 8, 9, 8),
(14421, 1549, 9, 9, 9, 9, 9, 9),
(14422, 1549, 9, 9, 9, 9, 9, 8),
(14423, 1549, 10, 9, 9, 9, 9, 9),
(14424, 1549, 9, 10, 9, 9, 9, 9),
(14425, 1549, 10, 9, 10, 9, 9, 9),
(14426, 1549, 9, 10, 9, 9, 9, 9),
(14427, 1549, 9, 9, 8, 9, 8, 8),
(14428, 1549, 8, 9, 9, 8, 9, 8),
(14429, 1549, 9, 8, 9, 9, 8, 9),
(14430, 1549, 8, 9, 8, 9, 8, 8),
(14431, 1549, 9, 8, 9, 8, 9, 8),
(14432, 1549, 8, 9, 8, 8, 9, 8),
(14433, 1550, 9, 9, 8, 9, 8, 8),
(14434, 1550, 8, 9, 9, 8, 9, 8),
(14435, 1550, 9, 8, 9, 9, 8, 9),
(14436, 1550, 8, 9, 8, 9, 8, 8),
(14437, 1550, 9, 8, 9, 8, 9, 8),
(14438, 1550, 8, 9, 8, 8, 9, 8),
(14439, 1550, 9, 8, 8, 9, 8, 8),
(14440, 1550, 8, 9, 8, 8, 9, 8),
(14441, 1550, 9, 8, 9, 8, 8, 9),
(14442, 1550, 8, 9, 8, 8, 8, 8),
(14443, 1550, 9, 8, 9, 8, 9, 8),
(14444, 1550, 8, 9, 8, 8, 8, 8),
(14445, 1551, 9, 9, 8, 9, 8, 8),
(14446, 1551, 8, 9, 9, 8, 9, 8),
(14447, 1551, 9, 8, 9, 9, 8, 9),
(14448, 1551, 8, 9, 8, 9, 8, 8),
(14449, 1551, 9, 8, 9, 8, 9, 8),
(14450, 1551, 8, 9, 8, 8, 9, 8),
(14451, 1551, 9, 8, 8, 9, 8, 8),
(14452, 1551, 8, 9, 8, 8, 9, 8),
(14453, 1551, 9, 8, 9, 8, 8, 9),
(14454, 1551, 8, 9, 8, 8, 8, 8),
(14455, 1551, 9, 8, 9, 8, 9, 8),
(14456, 1551, 8, 9, 8, 8, 8, 8),
(14457, 1552, 9, 9, 9, 9, 8, 9),
(14458, 1552, 9, 9, 8, 9, 9, 8),
(14459, 1552, 9, 8, 9, 9, 9, 9),
(14460, 1552, 8, 9, 9, 9, 8, 9),
(14461, 1552, 9, 9, 9, 8, 9, 9),
(14462, 1553, 10, 9, 9, 9, 9, 9),
(14463, 1553, 9, 10, 9, 9, 9, 9),
(14464, 1553, 10, 9, 10, 9, 9, 9),
(14465, 1553, 9, 10, 9, 10, 9, 9),
(14466, 1553, 10, 10, 9, 9, 9, 10),
(14467, 1554, 10, 10, 9, 10, 9, 9),
(14468, 1554, 9, 10, 10, 9, 10, 9),
(14469, 1554, 10, 10, 9, 10, 9, 10),
(14470, 1554, 10, 9, 10, 10, 9, 10),
(14471, 1554, 10, 10, 10, 10, 9, 10),
(14472, 1555, 9, 9, 8, 9, 8, 8),
(14473, 1555, 8, 9, 9, 8, 9, 8),
(14474, 1555, 9, 8, 9, 9, 8, 9),
(14475, 1555, 8, 9, 8, 9, 8, 8),
(14476, 1555, 9, 8, 9, 8, 9, 9),
(14477, 1555, 8, 9, 8, 8, 9, 8),
(14478, 1555, 9, 9, 8, 9, 8, 8),
(14479, 1555, 8, 9, 9, 8, 9, 8),
(14480, 1555, 9, 8, 9, 9, 8, 9),
(14481, 1555, 8, 9, 8, 9, 8, 8),
(14482, 1555, 9, 8, 9, 8, 9, 9),
(14483, 1555, 8, 9, 8, 8, 9, 8),
(14484, 1556, 9, 9, 9, 9, 9, 9),
(14485, 1556, 9, 9, 9, 9, 9, 9),
(14486, 1556, 10, 9, 9, 9, 9, 9),
(14487, 1556, 9, 10, 9, 9, 9, 9),
(14488, 1556, 10, 9, 10, 9, 9, 10),
(14489, 1556, 9, 10, 9, 9, 10, 9),
(14490, 1556, 9, 9, 8, 9, 8, 8),
(14491, 1556, 8, 9, 9, 8, 9, 8),
(14492, 1556, 9, 8, 9, 9, 8, 9),
(14493, 1556, 8, 9, 8, 9, 8, 8),
(14494, 1556, 9, 8, 9, 8, 9, 9),
(14495, 1556, 8, 9, 8, 8, 9, 8),
(14496, 1557, 9, 9, 8, 9, 8, 8),
(14497, 1557, 8, 9, 9, 8, 9, 8),
(14498, 1557, 9, 8, 9, 9, 8, 9),
(14499, 1557, 8, 9, 8, 9, 8, 8),
(14500, 1557, 9, 8, 9, 8, 9, 9),
(14501, 1557, 8, 9, 8, 8, 9, 8),
(14502, 1558, 9, 9, 9, 9, 9, 9),
(14503, 1558, 9, 9, 9, 9, 9, 9),
(14504, 1558, 10, 9, 9, 9, 9, 9),
(14505, 1558, 9, 10, 9, 9, 9, 9),
(14506, 1558, 10, 9, 10, 9, 9, 10),
(14507, 1558, 9, 10, 9, 9, 10, 9),
(14508, 1559, 10, 10, 9, 10, 9, 9),
(14509, 1559, 9, 10, 10, 9, 10, 9),
(14510, 1559, 10, 10, 9, 10, 9, 10),
(14511, 1559, 10, 9, 10, 10, 9, 10),
(14512, 1559, 10, 10, 10, 9, 10, 10),
(14513, 1559, 9, 10, 9, 10, 9, 9),
(14514, 1560, 10, 10, 9, 10, 9, 9),
(14515, 1560, 9, 10, 10, 9, 10, 9),
(14516, 1560, 10, 10, 9, 10, 9, 10),
(14517, 1560, 10, 9, 10, 10, 9, 10),
(14518, 1560, 10, 10, 10, 9, 10, 10),
(14519, 1560, 9, 10, 9, 10, 9, 9),
(14520, 1561, 9, 9, 8, 9, 8, 8),
(14521, 1561, 8, 9, 9, 8, 9, 8),
(14522, 1561, 9, 8, 9, 9, 8, 9),
(14523, 1561, 8, 9, 8, 9, 8, 8),
(14524, 1561, 9, 8, 9, 8, 9, 9),
(14525, 1561, 8, 9, 8, 8, 9, 8),
(14526, 1561, 9, 9, 8, 9, 8, 8),
(14527, 1561, 8, 9, 9, 8, 9, 8),
(14528, 1561, 9, 8, 9, 9, 8, 9),
(14529, 1561, 8, 9, 8, 9, 8, 8),
(14530, 1561, 9, 8, 9, 8, 9, 9),
(14531, 1561, 8, 9, 8, 8, 9, 8),
(14532, 1562, 9, 9, 8, 9, 8, 8),
(14533, 1562, 8, 9, 9, 8, 9, 8),
(14534, 1562, 9, 8, 9, 9, 8, 9),
(14535, 1562, 8, 9, 8, 9, 8, 8),
(14536, 1562, 9, 8, 9, 8, 9, 9),
(14537, 1562, 8, 9, 8, 8, 9, 8),
(14538, 1563, 9, 9, 9, 9, 9, 9),
(14539, 1563, 9, 9, 9, 9, 9, 9),
(14540, 1563, 10, 9, 9, 9, 9, 9),
(14541, 1563, 9, 10, 9, 9, 9, 9),
(14542, 1563, 10, 9, 10, 9, 9, 10),
(14543, 1563, 9, 10, 9, 9, 10, 9),
(14544, 1564, 10, 10, 9, 10, 9, 9),
(14545, 1564, 9, 10, 10, 9, 10, 9),
(14546, 1564, 10, 10, 9, 10, 9, 10),
(14547, 1564, 10, 9, 10, 10, 9, 10),
(14548, 1564, 10, 10, 10, 9, 10, 10),
(14549, 1564, 9, 10, 9, 10, 9, 9),
(14550, 1565, 10, 10, 10, 10, 9, 9),
(14551, 1565, 9, 10, 10, 10, 10, 9),
(14552, 1565, 10, 10, 10, 10, 9, 10),
(14553, 1565, 10, 9, 10, 10, 10, 10),
(14554, 1565, 10, 10, 10, 10, 10, 10),
(14555, 1565, 10, 10, 9, 10, 9, 9),
(14556, 1566, 9, 9, 8, 9, 8, 8),
(14557, 1566, 8, 9, 9, 8, 9, 8),
(14558, 1566, 9, 8, 9, 9, 8, 9),
(14559, 1566, 8, 9, 8, 9, 8, 8),
(14560, 1566, 9, 8, 9, 8, 9, 8),
(14561, 1566, 8, 9, 8, 8, 9, 8),
(14562, 1566, 9, 8, 8, 9, 8, 8),
(14563, 1566, 8, 9, 8, 8, 9, 8),
(14564, 1566, 9, 8, 9, 8, 8, 9),
(14565, 1566, 8, 9, 8, 8, 8, 8),
(14566, 1566, 9, 8, 9, 8, 9, 8),
(14567, 1566, 8, 9, 8, 8, 8, 8),
(14568, 1567, 9, 9, 9, 9, 9, 9),
(14569, 1567, 9, 9, 9, 9, 9, 9),
(14570, 1567, 10, 9, 9, 9, 9, 9),
(14571, 1567, 9, 10, 9, 9, 9, 9),
(14572, 1567, 10, 9, 10, 9, 9, 10),
(14573, 1567, 9, 10, 9, 9, 10, 9),
(14574, 1567, 9, 9, 8, 9, 8, 8),
(14575, 1567, 8, 9, 9, 8, 9, 8),
(14576, 1567, 9, 8, 9, 9, 8, 9),
(14577, 1567, 8, 9, 8, 9, 8, 8),
(14578, 1567, 9, 8, 9, 8, 9, 9),
(14579, 1567, 8, 9, 8, 8, 9, 8),
(14580, 1568, 10, 9, 9, 9, 9, 9),
(14581, 1568, 9, 10, 9, 9, 9, 9),
(14582, 1568, 10, 9, 10, 9, 9, 9),
(14583, 1568, 9, 10, 9, 10, 9, 9),
(14584, 1568, 10, 10, 9, 10, 9, 9),
(14585, 1568, 9, 9, 9, 9, 9, 8),
(14586, 1568, 9, 9, 9, 9, 8, 9),
(14587, 1568, 10, 9, 9, 9, 9, 8),
(14588, 1568, 9, 10, 9, 9, 8, 9),
(14589, 1568, 10, 9, 10, 9, 9, 9),
(14590, 1568, 10, 10, 9, 9, 9, 9),
(14591, 1568, 9, 10, 10, 9, 9, 9),
(14592, 1568, 10, 10, 9, 9, 9, 10),
(14593, 1568, 10, 9, 10, 9, 9, 10),
(14594, 1568, 10, 10, 9, 10, 9, 9),
(14595, 1569, 9, 9, 8, 9, 8, 8),
(14596, 1569, 8, 9, 9, 8, 9, 8),
(14597, 1569, 9, 8, 9, 9, 8, 9),
(14598, 1569, 8, 9, 8, 9, 8, 8),
(14599, 1569, 9, 8, 9, 8, 9, 9),
(14600, 1569, 8, 9, 8, 8, 9, 8),
(14601, 1569, 9, 9, 8, 9, 8, 8),
(14602, 1569, 8, 9, 9, 8, 9, 8),
(14603, 1569, 9, 8, 9, 9, 8, 9),
(14604, 1569, 8, 9, 8, 9, 8, 8),
(14605, 1569, 9, 8, 9, 8, 9, 9),
(14606, 1569, 8, 9, 8, 8, 9, 8),
(14607, 1570, 9, 9, 9, 9, 8, 9),
(14608, 1570, 9, 9, 8, 9, 9, 8),
(14609, 1570, 9, 8, 9, 9, 9, 9),
(14610, 1570, 8, 9, 9, 9, 8, 9),
(14611, 1570, 9, 9, 9, 8, 9, 9),
(14612, 1571, 10, 9, 9, 9, 9, 9),
(14613, 1571, 9, 10, 9, 9, 9, 9),
(14614, 1571, 10, 9, 10, 9, 9, 9),
(14615, 1571, 9, 10, 9, 10, 9, 9),
(14616, 1571, 10, 10, 9, 9, 9, 10),
(14617, 1572, 10, 10, 9, 10, 9, 9),
(14618, 1572, 9, 10, 10, 9, 10, 9),
(14619, 1572, 10, 10, 9, 10, 9, 10),
(14620, 1572, 10, 9, 10, 10, 9, 10),
(14621, 1572, 10, 10, 10, 10, 9, 10),
(14622, 1573, 9, 9, 8, 9, 8, 8),
(14623, 1573, 8, 9, 9, 8, 9, 8),
(14624, 1573, 9, 8, 9, 9, 8, 9),
(14625, 1573, 8, 9, 8, 9, 8, 8),
(14626, 1573, 9, 8, 9, 8, 9, 9),
(14627, 1573, 8, 9, 8, 8, 9, 8),
(14628, 1573, 9, 9, 8, 9, 8, 8),
(14629, 1573, 8, 9, 9, 8, 9, 8),
(14630, 1573, 9, 8, 9, 9, 8, 9),
(14631, 1573, 8, 9, 8, 9, 8, 8),
(14632, 1573, 9, 8, 9, 8, 9, 9),
(14633, 1573, 8, 9, 8, 8, 9, 8),
(14634, 1574, 9, 9, 8, 9, 8, 8),
(14635, 1574, 8, 9, 9, 8, 9, 8),
(14636, 1574, 9, 8, 9, 9, 8, 9),
(14637, 1574, 8, 9, 8, 9, 8, 8),
(14638, 1574, 9, 8, 9, 8, 9, 9),
(14639, 1574, 8, 9, 8, 8, 9, 8),
(14640, 1574, 9, 9, 8, 9, 8, 8),
(14641, 1574, 8, 9, 9, 8, 9, 8),
(14642, 1574, 9, 8, 9, 9, 8, 9),
(14643, 1574, 8, 9, 8, 9, 8, 8),
(14644, 1574, 9, 8, 9, 8, 9, 9),
(14645, 1574, 8, 9, 8, 8, 9, 8),
(14646, 1575, 9, 9, 9, 9, 9, 9),
(14647, 1575, 9, 9, 9, 9, 9, 9),
(14648, 1575, 10, 9, 9, 9, 9, 9),
(14649, 1575, 9, 10, 9, 9, 9, 9),
(14650, 1575, 10, 9, 10, 9, 9, 10),
(14651, 1575, 9, 10, 9, 9, 10, 9),
(14652, 1575, 9, 9, 8, 9, 8, 8),
(14653, 1575, 8, 9, 9, 8, 9, 8),
(14654, 1575, 9, 8, 9, 9, 8, 9),
(14655, 1575, 8, 9, 8, 9, 8, 8),
(14656, 1575, 9, 8, 9, 8, 9, 9),
(14657, 1575, 8, 9, 8, 8, 9, 8),
(14658, 1575, 9, 9, 8, 9, 8, 8),
(14659, 1575, 8, 9, 9, 8, 9, 8);
INSERT INTO `EndShot` (`EndShotID`, `RangeShotID`, `Arrow1`, `Arrow2`, `Arrow3`, `Arrow4`, `Arrow5`, `Arrow6`) VALUES
(14660, 1575, 9, 8, 9, 9, 8, 9),
(14661, 1576, 10, 9, 9, 9, 9, 9),
(14662, 1576, 9, 10, 9, 9, 9, 9),
(14663, 1576, 10, 9, 10, 9, 9, 9),
(14664, 1576, 9, 10, 9, 10, 9, 9),
(14665, 1576, 10, 10, 9, 10, 9, 9),
(14666, 1576, 9, 9, 9, 9, 9, 8),
(14667, 1576, 9, 9, 9, 9, 8, 9),
(14668, 1576, 10, 9, 9, 9, 9, 8),
(14669, 1576, 9, 10, 9, 9, 8, 9),
(14670, 1576, 10, 9, 10, 9, 9, 9),
(14671, 1576, 10, 10, 9, 9, 9, 9),
(14672, 1576, 9, 10, 10, 9, 9, 9),
(14673, 1576, 10, 10, 9, 9, 9, 10),
(14674, 1576, 10, 9, 10, 9, 9, 10),
(14675, 1576, 10, 10, 9, 10, 9, 9),
(14676, 1577, 9, 9, 8, 9, 8, 8),
(14677, 1577, 8, 9, 9, 8, 9, 8),
(14678, 1577, 9, 8, 9, 9, 8, 9),
(14679, 1577, 8, 9, 8, 9, 8, 8),
(14680, 1577, 9, 8, 9, 8, 9, 9),
(14681, 1577, 8, 9, 8, 8, 9, 8),
(14682, 1577, 9, 9, 8, 9, 8, 8),
(14683, 1577, 8, 9, 9, 8, 9, 8),
(14684, 1577, 9, 8, 9, 9, 8, 9),
(14685, 1577, 8, 9, 8, 9, 8, 8),
(14686, 1577, 9, 8, 9, 8, 9, 9),
(14687, 1577, 8, 9, 8, 8, 9, 8),
(14688, 1578, 9, 9, 9, 9, 9, 9),
(14689, 1578, 9, 9, 9, 9, 9, 9),
(14690, 1578, 10, 9, 9, 9, 9, 9),
(14691, 1578, 9, 10, 9, 9, 9, 9),
(14692, 1578, 10, 9, 10, 9, 9, 10),
(14693, 1578, 9, 10, 9, 9, 10, 9),
(14694, 1578, 9, 9, 8, 9, 8, 8),
(14695, 1578, 8, 9, 9, 8, 9, 8),
(14696, 1578, 9, 8, 9, 9, 8, 9),
(14697, 1578, 8, 9, 8, 9, 8, 8),
(14698, 1578, 9, 8, 9, 8, 9, 9),
(14699, 1578, 8, 9, 8, 8, 9, 8),
(14700, 1579, 10, 9, 9, 9, 9, 9),
(14701, 1579, 9, 10, 9, 9, 9, 9),
(14702, 1579, 10, 9, 10, 9, 9, 9),
(14703, 1579, 9, 10, 9, 10, 9, 9),
(14704, 1579, 10, 10, 9, 10, 9, 9),
(14705, 1579, 9, 9, 9, 9, 9, 8),
(14706, 1579, 9, 9, 9, 9, 8, 9),
(14707, 1579, 10, 9, 9, 9, 9, 8),
(14708, 1579, 9, 10, 9, 9, 8, 9),
(14709, 1579, 10, 9, 10, 9, 9, 9),
(14710, 1579, 10, 10, 9, 9, 9, 9),
(14711, 1579, 9, 10, 10, 9, 9, 9),
(14712, 1579, 10, 10, 9, 9, 9, 10),
(14713, 1579, 10, 9, 10, 9, 9, 10),
(14714, 1579, 10, 10, 9, 10, 9, 9),
(14715, 1580, 9, 9, 8, 9, 8, 8),
(14716, 1580, 8, 9, 9, 8, 9, 8),
(14717, 1580, 9, 8, 9, 9, 8, 9),
(14718, 1580, 8, 9, 8, 9, 8, 8),
(14719, 1580, 9, 8, 9, 8, 9, 8),
(14720, 1580, 8, 9, 8, 8, 9, 8),
(14721, 1580, 9, 8, 8, 9, 8, 8),
(14722, 1580, 8, 9, 8, 8, 9, 8),
(14723, 1580, 9, 8, 9, 8, 8, 9),
(14724, 1580, 8, 9, 8, 8, 8, 8),
(14725, 1580, 9, 8, 9, 8, 9, 8),
(14726, 1580, 8, 9, 8, 8, 8, 8),
(14727, 1581, 9, 9, 8, 9, 8, 8),
(14728, 1581, 8, 9, 9, 8, 9, 8),
(14729, 1581, 9, 8, 9, 9, 8, 9),
(14730, 1581, 8, 9, 8, 9, 8, 8),
(14731, 1581, 9, 8, 9, 8, 9, 9),
(14732, 1581, 8, 9, 8, 8, 9, 8),
(14733, 1581, 9, 9, 8, 9, 8, 8),
(14734, 1581, 8, 9, 9, 8, 9, 8),
(14735, 1581, 9, 8, 9, 9, 8, 9),
(14736, 1581, 8, 9, 8, 9, 8, 8),
(14737, 1581, 9, 8, 9, 8, 9, 9),
(14738, 1581, 8, 9, 8, 8, 9, 8),
(14739, 1582, 9, 9, 8, 9, 8, 8),
(14740, 1582, 8, 9, 9, 8, 9, 8),
(14741, 1582, 9, 8, 9, 9, 8, 9),
(14742, 1582, 8, 9, 8, 9, 8, 8),
(14743, 1582, 9, 8, 9, 8, 9, 9),
(14744, 1582, 8, 9, 8, 8, 9, 8),
(14745, 1582, 9, 9, 8, 9, 8, 8),
(14746, 1582, 8, 9, 9, 8, 9, 8),
(14747, 1582, 9, 8, 9, 9, 8, 9),
(14748, 1582, 8, 9, 8, 9, 8, 8),
(14749, 1582, 9, 8, 9, 8, 9, 9),
(14750, 1582, 8, 9, 8, 8, 9, 8),
(14751, 1583, 9, 9, 8, 9, 8, 8),
(14752, 1583, 8, 9, 9, 8, 9, 8),
(14753, 1583, 9, 8, 9, 9, 8, 9),
(14754, 1583, 8, 9, 8, 9, 8, 8),
(14755, 1583, 9, 8, 9, 8, 9, 9),
(14756, 1583, 8, 9, 8, 8, 9, 8),
(14757, 1583, 9, 9, 8, 9, 8, 8),
(14758, 1583, 8, 9, 9, 8, 9, 8),
(14759, 1583, 9, 8, 9, 9, 8, 9),
(14760, 1583, 8, 9, 8, 9, 8, 8),
(14761, 1583, 9, 8, 9, 8, 9, 9),
(14762, 1583, 8, 9, 8, 8, 9, 8),
(14763, 1584, 9, 9, 9, 9, 8, 9),
(14764, 1584, 9, 9, 8, 9, 9, 8),
(14765, 1584, 9, 8, 9, 9, 9, 9),
(14766, 1584, 8, 9, 9, 9, 8, 9),
(14767, 1584, 9, 9, 9, 8, 9, 9),
(14768, 1585, 10, 9, 9, 9, 9, 9),
(14769, 1585, 9, 10, 9, 9, 9, 9),
(14770, 1585, 10, 9, 10, 9, 9, 9),
(14771, 1585, 9, 10, 9, 10, 9, 9),
(14772, 1585, 10, 10, 9, 9, 9, 10),
(14773, 1586, 10, 10, 10, 10, 9, 9),
(14774, 1586, 9, 10, 10, 10, 10, 9),
(14775, 1586, 10, 10, 10, 10, 9, 10),
(14776, 1586, 10, 9, 10, 10, 10, 10),
(14777, 1586, 10, 10, 10, 10, 10, 10),
(14778, 1587, 10, 10, 9, 10, 9, 9),
(14779, 1587, 9, 10, 10, 9, 10, 9),
(14780, 1587, 10, 10, 9, 10, 9, 10),
(14781, 1587, 10, 9, 10, 10, 9, 10),
(14782, 1587, 10, 10, 10, 9, 10, 10),
(14783, 1587, 9, 10, 9, 10, 9, 9),
(14784, 1587, 10, 9, 9, 10, 9, 9),
(14785, 1587, 9, 10, 9, 9, 10, 9),
(14786, 1587, 10, 9, 10, 9, 9, 10),
(14787, 1587, 9, 10, 9, 10, 9, 9),
(14788, 1587, 10, 10, 9, 10, 9, 10),
(14789, 1587, 10, 9, 10, 10, 9, 10),
(14790, 1588, 9, 9, 8, 9, 8, 8),
(14791, 1588, 8, 9, 9, 8, 9, 8),
(14792, 1588, 9, 8, 9, 9, 8, 9),
(14793, 1588, 8, 9, 8, 9, 8, 8),
(14794, 1588, 9, 8, 9, 8, 9, 9),
(14795, 1588, 8, 9, 8, 8, 9, 8),
(14796, 1589, 9, 9, 9, 9, 9, 9),
(14797, 1589, 9, 9, 9, 9, 9, 9),
(14798, 1589, 10, 9, 9, 9, 9, 9),
(14799, 1589, 9, 10, 9, 9, 9, 9),
(14800, 1589, 10, 9, 10, 9, 9, 10),
(14801, 1589, 9, 10, 9, 9, 10, 9),
(14802, 1590, 10, 10, 9, 10, 9, 9),
(14803, 1590, 9, 10, 10, 9, 10, 9),
(14804, 1590, 10, 10, 9, 10, 9, 10),
(14805, 1590, 10, 9, 10, 10, 9, 10),
(14806, 1590, 10, 10, 10, 9, 10, 10),
(14807, 1590, 9, 10, 9, 10, 9, 9),
(14808, 1591, 10, 10, 9, 10, 9, 9),
(14809, 1591, 9, 10, 10, 9, 10, 9),
(14810, 1591, 10, 10, 9, 10, 9, 10),
(14811, 1591, 10, 9, 10, 10, 9, 10),
(14812, 1591, 10, 10, 10, 9, 10, 10),
(14813, 1591, 9, 10, 9, 10, 9, 9),
(14814, 1592, 9, 9, 8, 9, 8, 8),
(14815, 1592, 8, 9, 9, 8, 9, 8),
(14816, 1592, 9, 8, 9, 9, 8, 9),
(14817, 1592, 8, 9, 8, 9, 8, 8),
(14818, 1592, 9, 8, 9, 8, 9, 9),
(14819, 1592, 8, 9, 8, 8, 9, 8),
(14820, 1593, 9, 9, 9, 9, 9, 9),
(14821, 1593, 9, 9, 9, 9, 9, 9),
(14822, 1593, 10, 9, 9, 9, 9, 9),
(14823, 1593, 9, 10, 9, 9, 9, 9),
(14824, 1593, 10, 9, 10, 9, 9, 10),
(14825, 1593, 9, 10, 9, 9, 10, 9),
(14826, 1594, 10, 10, 9, 10, 9, 9),
(14827, 1594, 9, 10, 10, 9, 10, 9),
(14828, 1594, 10, 10, 9, 10, 9, 10),
(14829, 1594, 10, 9, 10, 10, 9, 10),
(14830, 1594, 10, 10, 10, 9, 10, 10),
(14831, 1594, 9, 10, 9, 10, 9, 9),
(14832, 1595, 10, 10, 9, 10, 9, 9),
(14833, 1595, 9, 10, 10, 9, 10, 9),
(14834, 1595, 10, 10, 9, 10, 9, 10),
(14835, 1595, 10, 9, 10, 10, 9, 10),
(14836, 1595, 10, 10, 10, 9, 10, 10),
(14837, 1595, 9, 10, 9, 10, 9, 9),
(14838, 1596, 10, 9, 9, 9, 9, 9),
(14839, 1596, 9, 10, 9, 9, 9, 9),
(14840, 1596, 10, 9, 10, 9, 9, 9),
(14841, 1596, 9, 10, 9, 10, 9, 9),
(14842, 1596, 10, 10, 9, 10, 9, 9),
(14843, 1596, 9, 9, 9, 9, 9, 8),
(14844, 1596, 9, 9, 9, 9, 8, 9),
(14845, 1596, 10, 9, 9, 9, 9, 8),
(14846, 1596, 9, 10, 9, 9, 8, 9),
(14847, 1596, 10, 9, 10, 9, 9, 9),
(14848, 1596, 10, 10, 9, 9, 9, 9),
(14849, 1596, 9, 10, 10, 9, 9, 9),
(14850, 1596, 10, 10, 9, 9, 9, 10),
(14851, 1596, 10, 9, 10, 9, 9, 10),
(14852, 1596, 10, 10, 9, 10, 9, 9),
(14853, 1597, 9, 9, 9, 9, 9, 9),
(14854, 1597, 9, 9, 9, 9, 9, 9),
(14855, 1597, 10, 9, 9, 9, 9, 9),
(14856, 1597, 9, 10, 9, 9, 9, 9),
(14857, 1597, 10, 9, 10, 9, 9, 10),
(14858, 1597, 9, 10, 9, 9, 10, 9),
(14859, 1597, 9, 9, 8, 9, 8, 8),
(14860, 1597, 8, 9, 9, 8, 9, 8),
(14861, 1597, 9, 8, 9, 9, 8, 9),
(14862, 1597, 8, 9, 8, 9, 8, 8),
(14863, 1597, 9, 8, 9, 8, 9, 9),
(14864, 1597, 8, 9, 8, 8, 9, 8),
(14865, 1598, 9, 9, 8, 9, 8, 8),
(14866, 1598, 8, 9, 9, 8, 9, 8),
(14867, 1598, 9, 8, 9, 9, 8, 9),
(14868, 1598, 8, 9, 8, 9, 8, 8),
(14869, 1598, 9, 8, 9, 8, 9, 8),
(14870, 1598, 8, 9, 8, 8, 9, 8),
(14871, 1598, 9, 8, 8, 9, 8, 8),
(14872, 1598, 8, 9, 8, 8, 9, 8),
(14873, 1598, 9, 8, 9, 8, 8, 9),
(14874, 1598, 8, 9, 8, 8, 8, 8),
(14875, 1598, 9, 8, 9, 8, 9, 8),
(14876, 1598, 8, 9, 8, 8, 8, 8),
(14877, 1599, 9, 9, 8, 9, 8, 8),
(14878, 1599, 8, 9, 9, 8, 9, 8),
(14879, 1599, 9, 8, 9, 9, 8, 9),
(14880, 1599, 8, 9, 8, 9, 8, 8),
(14881, 1599, 9, 8, 9, 8, 9, 9),
(14882, 1599, 8, 9, 8, 8, 9, 8),
(14883, 1599, 9, 9, 8, 9, 8, 8),
(14884, 1599, 8, 9, 9, 8, 9, 8),
(14885, 1599, 9, 8, 9, 9, 8, 9),
(14886, 1599, 8, 9, 8, 9, 8, 8),
(14887, 1599, 9, 8, 9, 8, 9, 9),
(14888, 1599, 8, 9, 8, 8, 9, 8),
(14889, 1600, 9, 9, 8, 9, 8, 9),
(14890, 1600, 8, 9, 9, 8, 9, 8),
(14891, 1600, 9, 8, 9, 9, 8, 9),
(14892, 1600, 8, 9, 8, 9, 8, 8),
(14893, 1600, 9, 8, 9, 8, 9, 9),
(14894, 1601, 9, 9, 9, 9, 9, 9),
(14895, 1601, 9, 9, 9, 9, 9, 9),
(14896, 1601, 10, 9, 9, 9, 9, 9),
(14897, 1601, 9, 10, 9, 9, 9, 9),
(14898, 1601, 10, 9, 10, 9, 9, 10),
(14899, 1602, 10, 10, 9, 10, 9, 9),
(14900, 1602, 9, 10, 10, 9, 10, 9),
(14901, 1602, 10, 10, 9, 10, 9, 10),
(14902, 1602, 10, 9, 10, 10, 9, 10),
(14903, 1602, 10, 10, 10, 10, 9, 10),
(14904, 1603, 9, 9, 8, 9, 8, 8),
(14905, 1603, 8, 9, 9, 8, 9, 8),
(14906, 1603, 9, 8, 9, 9, 8, 9),
(14907, 1603, 8, 9, 8, 9, 8, 8),
(14908, 1603, 9, 8, 9, 8, 9, 9),
(14909, 1603, 8, 9, 8, 8, 9, 8),
(14910, 1603, 9, 9, 8, 9, 8, 8),
(14911, 1603, 8, 9, 9, 8, 9, 8),
(14912, 1603, 9, 8, 9, 9, 8, 9),
(14913, 1603, 8, 9, 8, 9, 8, 8),
(14914, 1603, 9, 8, 9, 8, 9, 9),
(14915, 1603, 8, 9, 8, 8, 9, 8),
(14916, 1604, 9, 9, 9, 9, 9, 9),
(14917, 1604, 9, 9, 9, 9, 9, 9),
(14918, 1604, 10, 9, 9, 9, 9, 9),
(14919, 1604, 9, 10, 9, 9, 9, 9),
(14920, 1604, 10, 9, 10, 9, 9, 10),
(14921, 1604, 9, 10, 9, 9, 10, 9),
(14922, 1604, 9, 9, 8, 9, 8, 8),
(14923, 1604, 8, 9, 9, 8, 9, 8),
(14924, 1604, 9, 8, 9, 9, 8, 9),
(14925, 1604, 8, 9, 8, 9, 8, 8),
(14926, 1604, 9, 8, 9, 8, 9, 9),
(14927, 1604, 8, 9, 8, 8, 9, 8),
(14928, 1604, 9, 9, 8, 9, 8, 8),
(14929, 1604, 8, 9, 9, 8, 9, 8),
(14930, 1604, 9, 8, 9, 9, 8, 9),
(14931, 1605, 9, 9, 8, 9, 8, 8),
(14932, 1605, 8, 9, 9, 8, 9, 8),
(14933, 1605, 9, 8, 9, 9, 8, 9),
(14934, 1605, 8, 9, 8, 9, 8, 8),
(14935, 1605, 9, 8, 9, 8, 9, 8),
(14936, 1605, 8, 9, 8, 8, 9, 8),
(14937, 1605, 9, 8, 8, 9, 8, 8),
(14938, 1605, 8, 9, 8, 8, 9, 8),
(14939, 1605, 9, 8, 9, 8, 8, 9),
(14940, 1605, 8, 9, 8, 8, 8, 8),
(14941, 1605, 9, 8, 9, 8, 9, 8),
(14942, 1605, 8, 9, 8, 8, 8, 8),
(14943, 1606, 10, 9, 9, 9, 9, 9),
(14944, 1606, 9, 10, 9, 9, 9, 9),
(14945, 1606, 10, 9, 10, 9, 9, 9),
(14946, 1606, 9, 10, 9, 10, 9, 9),
(14947, 1606, 10, 10, 9, 10, 9, 9),
(14948, 1606, 9, 9, 9, 9, 9, 8),
(14949, 1606, 9, 9, 9, 9, 8, 9),
(14950, 1606, 10, 9, 9, 9, 9, 8),
(14951, 1606, 9, 10, 9, 9, 8, 9),
(14952, 1606, 10, 9, 10, 9, 9, 9),
(14953, 1606, 10, 10, 9, 9, 9, 9),
(14954, 1606, 9, 10, 10, 9, 9, 9),
(14955, 1606, 10, 10, 9, 9, 9, 10),
(14956, 1606, 10, 9, 10, 9, 9, 10),
(14957, 1606, 10, 10, 9, 10, 9, 9),
(14958, 1607, 9, 9, 8, 9, 8, 8),
(14959, 1607, 8, 9, 9, 8, 9, 8),
(14960, 1607, 9, 8, 9, 9, 8, 9),
(14961, 1607, 8, 9, 8, 9, 8, 8),
(14962, 1607, 9, 8, 9, 8, 9, 9),
(14963, 1607, 8, 9, 8, 8, 9, 8),
(14964, 1607, 9, 9, 8, 9, 8, 8),
(14965, 1607, 8, 9, 9, 8, 9, 8),
(14966, 1607, 9, 8, 9, 9, 8, 9),
(14967, 1607, 8, 9, 8, 9, 8, 8),
(14968, 1607, 9, 8, 9, 8, 9, 9),
(14969, 1607, 8, 9, 8, 8, 9, 8),
(14970, 1608, 9, 9, 9, 9, 9, 9),
(14971, 1608, 9, 9, 9, 9, 9, 9),
(14972, 1608, 10, 9, 9, 9, 9, 9),
(14973, 1608, 9, 10, 9, 9, 9, 9),
(14974, 1608, 10, 9, 10, 9, 9, 10),
(14975, 1608, 9, 10, 9, 9, 10, 9),
(14976, 1609, 10, 10, 9, 10, 9, 9),
(14977, 1609, 9, 10, 10, 9, 10, 9),
(14978, 1609, 10, 10, 9, 10, 9, 10),
(14979, 1609, 10, 9, 10, 10, 9, 10),
(14980, 1609, 10, 10, 10, 9, 10, 10),
(14981, 1609, 9, 10, 9, 10, 9, 9),
(14982, 1610, 10, 10, 10, 10, 9, 9),
(14983, 1610, 9, 10, 10, 10, 10, 9),
(14984, 1610, 10, 10, 10, 10, 9, 10),
(14985, 1610, 10, 9, 10, 10, 10, 10),
(14986, 1610, 10, 10, 10, 10, 10, 10),
(14987, 1610, 10, 10, 9, 10, 9, 9),
(14988, 1611, 10, 10, 10, 10, 10, 9),
(14989, 1611, 10, 10, 10, 10, 10, 9),
(14990, 1611, 10, 10, 10, 10, 10, 10),
(14991, 1611, 10, 10, 10, 10, 10, 10),
(14992, 1611, 10, 10, 10, 10, 10, 10),
(14993, 1611, 10, 10, 10, 10, 9, 9),
(14994, 1612, 9, 9, 9, 9, 9, 9),
(14995, 1612, 9, 9, 9, 9, 9, 9),
(14996, 1612, 10, 9, 9, 9, 9, 9),
(14997, 1612, 9, 10, 9, 9, 9, 9),
(14998, 1612, 10, 9, 10, 9, 9, 10),
(14999, 1612, 9, 10, 9, 9, 10, 9),
(15000, 1613, 10, 10, 9, 10, 9, 9),
(15001, 1613, 9, 10, 10, 9, 10, 9),
(15002, 1613, 10, 10, 9, 10, 9, 10),
(15003, 1613, 10, 9, 10, 10, 9, 10),
(15004, 1613, 10, 10, 10, 9, 10, 10),
(15005, 1613, 9, 10, 9, 10, 9, 9),
(15006, 1614, 10, 10, 10, 10, 9, 9),
(15007, 1614, 9, 10, 10, 10, 10, 9),
(15008, 1614, 10, 10, 10, 10, 9, 10),
(15009, 1614, 10, 9, 10, 10, 10, 10),
(15010, 1614, 10, 10, 10, 10, 10, 10),
(15011, 1614, 10, 10, 9, 10, 9, 9),
(15012, 1615, 10, 10, 10, 10, 10, 9),
(15013, 1615, 10, 10, 10, 10, 10, 9),
(15014, 1615, 10, 10, 10, 10, 10, 10),
(15015, 1615, 10, 10, 10, 10, 10, 10),
(15016, 1615, 10, 10, 10, 10, 10, 10),
(15017, 1615, 10, 10, 10, 10, 9, 9),
(15018, 1616, 9, 9, 9, 9, 9, 9),
(15019, 1616, 9, 9, 9, 9, 9, 9),
(15020, 1616, 10, 9, 9, 9, 9, 9),
(15021, 1616, 9, 10, 9, 9, 9, 9),
(15022, 1616, 10, 9, 10, 9, 9, 10),
(15023, 1616, 9, 10, 9, 9, 10, 9),
(15024, 1617, 10, 10, 9, 10, 9, 9),
(15025, 1617, 9, 10, 10, 9, 10, 9),
(15026, 1617, 10, 10, 9, 10, 9, 10),
(15027, 1617, 10, 9, 10, 10, 9, 10),
(15028, 1617, 10, 10, 10, 9, 10, 10),
(15029, 1617, 9, 10, 9, 10, 9, 9),
(15030, 1618, 10, 10, 10, 10, 9, 9),
(15031, 1618, 9, 10, 10, 10, 10, 9),
(15032, 1618, 10, 10, 10, 10, 9, 10),
(15033, 1618, 10, 9, 10, 10, 10, 10),
(15034, 1618, 10, 10, 10, 10, 10, 10),
(15035, 1618, 10, 10, 9, 10, 9, 9),
(15036, 1619, 10, 10, 10, 10, 10, 9),
(15037, 1619, 10, 10, 10, 10, 10, 9),
(15038, 1619, 10, 10, 10, 10, 10, 10),
(15039, 1619, 10, 10, 10, 10, 10, 10),
(15040, 1619, 10, 10, 10, 10, 10, 10),
(15041, 1619, 10, 10, 10, 10, 9, 9),
(15042, 1620, 9, 9, 9, 9, 9, 9),
(15043, 1620, 9, 9, 9, 9, 9, 9),
(15044, 1620, 10, 9, 9, 9, 9, 9),
(15045, 1620, 9, 10, 9, 9, 9, 9),
(15046, 1620, 10, 9, 10, 9, 9, 10),
(15047, 1620, 9, 10, 9, 9, 10, 9),
(15048, 1621, 10, 10, 9, 10, 9, 9),
(15049, 1621, 9, 10, 10, 9, 10, 9),
(15050, 1621, 10, 10, 9, 10, 9, 10),
(15051, 1621, 10, 9, 10, 10, 9, 10),
(15052, 1621, 10, 10, 10, 9, 10, 10),
(15053, 1621, 9, 10, 9, 10, 9, 9),
(15054, 1622, 10, 10, 10, 10, 9, 9),
(15055, 1622, 9, 10, 10, 10, 10, 9),
(15056, 1622, 10, 10, 10, 10, 9, 10),
(15057, 1622, 10, 9, 10, 10, 10, 10),
(15058, 1622, 10, 10, 10, 10, 10, 10),
(15059, 1622, 10, 10, 9, 10, 9, 9),
(15060, 1623, 10, 10, 10, 10, 10, 9),
(15061, 1623, 10, 10, 10, 10, 10, 9),
(15062, 1623, 10, 10, 10, 10, 10, 10),
(15063, 1623, 10, 10, 10, 10, 10, 10),
(15064, 1623, 10, 10, 10, 10, 10, 10),
(15065, 1623, 10, 10, 10, 10, 9, 9),
(15066, 1624, 9, 9, 9, 9, 9, 9),
(15067, 1624, 9, 9, 9, 9, 9, 9),
(15068, 1624, 10, 9, 9, 9, 9, 9),
(15069, 1624, 9, 10, 9, 9, 9, 9),
(15070, 1624, 10, 9, 10, 9, 9, 10),
(15071, 1624, 9, 10, 9, 9, 10, 9),
(15072, 1625, 10, 10, 9, 10, 9, 9),
(15073, 1625, 9, 10, 10, 9, 10, 9),
(15074, 1625, 10, 10, 9, 10, 9, 10),
(15075, 1625, 10, 9, 10, 10, 9, 10),
(15076, 1625, 10, 10, 10, 9, 10, 10),
(15077, 1625, 9, 10, 9, 10, 9, 9),
(15078, 1626, 10, 10, 10, 10, 9, 9),
(15079, 1626, 9, 10, 10, 10, 10, 9),
(15080, 1626, 10, 10, 10, 10, 9, 10),
(15081, 1626, 10, 9, 10, 10, 10, 10),
(15082, 1626, 10, 10, 10, 10, 10, 10),
(15083, 1626, 10, 10, 9, 10, 9, 9),
(15084, 1627, 10, 10, 10, 10, 10, 9),
(15085, 1627, 10, 10, 10, 10, 10, 9),
(15086, 1627, 10, 10, 10, 10, 10, 10),
(15087, 1627, 10, 10, 10, 10, 10, 10),
(15088, 1627, 10, 10, 10, 10, 10, 10),
(15089, 1627, 10, 10, 10, 10, 9, 9),
(15090, 1628, 9, 9, 9, 9, 9, 9),
(15091, 1628, 9, 9, 9, 9, 9, 9),
(15092, 1628, 10, 9, 9, 9, 9, 9),
(15093, 1628, 9, 10, 9, 9, 9, 9),
(15094, 1628, 10, 9, 10, 9, 9, 10),
(15095, 1628, 9, 10, 9, 9, 10, 9),
(15096, 1629, 10, 10, 9, 10, 9, 9),
(15097, 1629, 9, 10, 10, 9, 10, 9),
(15098, 1629, 10, 10, 9, 10, 9, 10),
(15099, 1629, 10, 9, 10, 10, 9, 10),
(15100, 1629, 10, 10, 10, 9, 10, 10),
(15101, 1629, 9, 10, 9, 10, 9, 9),
(15102, 1630, 10, 10, 10, 10, 9, 9),
(15103, 1630, 9, 10, 10, 10, 10, 9),
(15104, 1630, 10, 10, 10, 10, 9, 10),
(15105, 1630, 10, 9, 10, 10, 10, 10),
(15106, 1630, 10, 10, 10, 10, 10, 10),
(15107, 1630, 10, 10, 9, 10, 9, 9),
(15108, 1631, 10, 10, 10, 10, 10, 9),
(15109, 1631, 10, 10, 10, 10, 10, 9),
(15110, 1631, 10, 10, 10, 10, 10, 10),
(15111, 1631, 10, 10, 10, 10, 10, 10),
(15112, 1631, 10, 10, 10, 10, 10, 10),
(15113, 1631, 10, 10, 10, 10, 9, 9),
(15114, 1632, 9, 9, 9, 9, 9, 9),
(15115, 1632, 9, 9, 9, 9, 9, 9),
(15116, 1632, 10, 9, 9, 9, 9, 9),
(15117, 1632, 9, 10, 9, 9, 9, 9),
(15118, 1632, 10, 9, 10, 9, 9, 10),
(15119, 1632, 9, 10, 9, 9, 10, 9),
(15120, 1633, 10, 10, 9, 10, 9, 9),
(15121, 1633, 9, 10, 10, 9, 10, 9),
(15122, 1633, 10, 10, 9, 10, 9, 10),
(15123, 1633, 10, 9, 10, 10, 9, 10),
(15124, 1633, 10, 10, 10, 9, 10, 10),
(15125, 1633, 9, 10, 9, 10, 9, 9),
(15126, 1634, 10, 10, 10, 10, 9, 9),
(15127, 1634, 9, 10, 10, 10, 10, 9),
(15128, 1634, 10, 10, 10, 10, 9, 10),
(15129, 1634, 10, 9, 10, 10, 10, 10),
(15130, 1634, 10, 10, 10, 10, 10, 10),
(15131, 1634, 10, 10, 9, 10, 9, 9),
(15132, 1635, 10, 10, 10, 10, 10, 9),
(15133, 1635, 10, 10, 10, 10, 10, 9),
(15134, 1635, 10, 10, 10, 10, 10, 10),
(15135, 1635, 10, 10, 10, 10, 10, 10),
(15136, 1635, 10, 10, 10, 10, 10, 10),
(15137, 1635, 10, 10, 10, 10, 9, 9),
(15138, 1636, 9, 9, 9, 9, 9, 9),
(15139, 1636, 9, 9, 9, 9, 9, 9),
(15140, 1636, 10, 9, 9, 9, 9, 9),
(15141, 1636, 9, 10, 9, 9, 9, 9),
(15142, 1636, 10, 9, 10, 9, 9, 10),
(15143, 1636, 9, 10, 9, 9, 10, 9),
(15144, 1637, 10, 10, 9, 10, 9, 9),
(15145, 1637, 9, 10, 10, 9, 10, 9),
(15146, 1637, 10, 10, 9, 10, 9, 10),
(15147, 1637, 10, 9, 10, 10, 9, 10),
(15148, 1637, 10, 10, 10, 9, 10, 10),
(15149, 1637, 9, 10, 9, 10, 9, 9),
(15150, 1638, 10, 10, 10, 10, 9, 9),
(15151, 1638, 9, 10, 10, 10, 10, 9),
(15152, 1638, 10, 10, 10, 10, 9, 10),
(15153, 1638, 10, 9, 10, 10, 10, 10),
(15154, 1638, 10, 10, 10, 10, 10, 10),
(15155, 1638, 10, 10, 9, 10, 9, 9),
(15156, 1639, 10, 10, 10, 10, 10, 9),
(15157, 1639, 10, 10, 10, 10, 10, 9),
(15158, 1639, 10, 10, 10, 10, 10, 10),
(15159, 1639, 10, 10, 10, 10, 10, 10),
(15160, 1639, 10, 10, 10, 10, 10, 10),
(15161, 1639, 10, 10, 10, 10, 9, 9),
(15162, 1640, 9, 9, 9, 9, 9, 9),
(15163, 1640, 9, 9, 9, 9, 9, 9),
(15164, 1640, 10, 9, 9, 9, 9, 9),
(15165, 1640, 9, 10, 9, 9, 9, 9),
(15166, 1640, 10, 9, 10, 9, 9, 10),
(15167, 1640, 9, 10, 9, 9, 10, 9),
(15168, 1641, 10, 10, 9, 10, 9, 9),
(15169, 1641, 9, 10, 10, 9, 10, 9),
(15170, 1641, 10, 10, 9, 10, 9, 10),
(15171, 1641, 10, 9, 10, 10, 9, 10),
(15172, 1641, 10, 10, 10, 9, 10, 10),
(15173, 1641, 9, 10, 9, 10, 9, 9),
(15174, 1642, 10, 10, 10, 10, 9, 9),
(15175, 1642, 9, 10, 10, 10, 10, 9),
(15176, 1642, 10, 10, 10, 10, 9, 10),
(15177, 1642, 10, 9, 10, 10, 10, 10),
(15178, 1642, 10, 10, 10, 10, 10, 10),
(15179, 1642, 10, 10, 9, 10, 9, 9),
(15180, 1643, 10, 10, 10, 10, 10, 9),
(15181, 1643, 10, 10, 10, 10, 10, 9),
(15182, 1643, 10, 10, 10, 10, 10, 10),
(15183, 1643, 10, 10, 10, 10, 10, 10),
(15184, 1643, 10, 10, 10, 10, 10, 10),
(15185, 1643, 10, 10, 10, 10, 9, 9),
(15186, 1644, 9, 9, 9, 9, 9, 9),
(15187, 1644, 9, 9, 9, 9, 9, 9),
(15188, 1644, 10, 9, 9, 9, 9, 9),
(15189, 1644, 9, 10, 9, 9, 9, 9),
(15190, 1644, 10, 9, 10, 9, 9, 10),
(15191, 1644, 9, 10, 9, 9, 10, 9),
(15192, 1645, 10, 10, 9, 10, 9, 9),
(15193, 1645, 9, 10, 10, 9, 10, 9),
(15194, 1645, 10, 10, 9, 10, 9, 10),
(15195, 1645, 10, 9, 10, 10, 9, 10),
(15196, 1645, 10, 10, 10, 9, 10, 10),
(15197, 1645, 9, 10, 9, 10, 9, 9),
(15198, 1646, 10, 10, 10, 10, 9, 9),
(15199, 1646, 9, 10, 10, 10, 10, 9),
(15200, 1646, 10, 10, 10, 10, 9, 10),
(15201, 1646, 10, 9, 10, 10, 10, 10),
(15202, 1646, 10, 10, 10, 10, 10, 10),
(15203, 1646, 10, 10, 9, 10, 9, 9),
(15204, 1647, 10, 10, 10, 10, 10, 9),
(15205, 1647, 10, 10, 10, 10, 10, 9),
(15206, 1647, 10, 10, 10, 10, 10, 10),
(15207, 1647, 10, 10, 10, 10, 10, 10),
(15208, 1647, 10, 10, 10, 10, 10, 10),
(15209, 1647, 10, 10, 10, 10, 9, 9),
(15210, 1648, 9, 9, 9, 9, 9, 9),
(15211, 1648, 9, 9, 9, 9, 9, 9),
(15212, 1648, 10, 9, 9, 9, 9, 9),
(15213, 1648, 9, 10, 9, 9, 9, 9),
(15214, 1648, 10, 9, 10, 9, 9, 10),
(15215, 1648, 9, 10, 9, 9, 10, 9),
(15216, 1649, 10, 10, 9, 10, 9, 9),
(15217, 1649, 9, 10, 10, 9, 10, 9),
(15218, 1649, 10, 10, 9, 10, 9, 10),
(15219, 1649, 10, 9, 10, 10, 9, 10),
(15220, 1649, 10, 10, 10, 9, 10, 10),
(15221, 1649, 9, 10, 9, 10, 9, 9),
(15222, 1650, 10, 10, 10, 10, 9, 9),
(15223, 1650, 9, 10, 10, 10, 10, 9),
(15224, 1650, 10, 10, 10, 10, 9, 10),
(15225, 1650, 10, 9, 10, 10, 10, 10),
(15226, 1650, 10, 10, 10, 10, 10, 10),
(15227, 1650, 10, 10, 9, 10, 9, 9),
(15228, 1651, 10, 10, 10, 10, 10, 9),
(15229, 1651, 10, 10, 10, 10, 10, 9),
(15230, 1651, 10, 10, 10, 10, 10, 10),
(15231, 1651, 10, 10, 10, 10, 10, 10),
(15232, 1651, 10, 10, 10, 10, 10, 10),
(15233, 1651, 10, 10, 10, 10, 9, 9),
(15234, 1652, 9, 9, 9, 9, 9, 9),
(15235, 1652, 9, 9, 9, 9, 9, 9),
(15236, 1652, 10, 9, 9, 9, 9, 9),
(15237, 1652, 9, 10, 9, 9, 9, 9),
(15238, 1652, 10, 9, 10, 9, 9, 10),
(15239, 1652, 9, 10, 9, 9, 10, 9),
(15240, 1653, 10, 10, 9, 10, 9, 9),
(15241, 1653, 9, 10, 10, 9, 10, 9),
(15242, 1653, 10, 10, 9, 10, 9, 10),
(15243, 1653, 10, 9, 10, 10, 9, 10),
(15244, 1653, 10, 10, 10, 9, 10, 10),
(15245, 1653, 9, 10, 9, 10, 9, 9),
(15246, 1654, 10, 10, 10, 10, 9, 9),
(15247, 1654, 9, 10, 10, 10, 10, 9),
(15248, 1654, 10, 10, 10, 10, 9, 10),
(15249, 1654, 10, 9, 10, 10, 10, 10),
(15250, 1654, 10, 10, 10, 10, 10, 10),
(15251, 1654, 10, 10, 9, 10, 9, 9),
(15252, 1655, 10, 10, 10, 10, 10, 9),
(15253, 1655, 10, 10, 10, 10, 10, 9),
(15254, 1655, 10, 10, 10, 10, 10, 10),
(15255, 1655, 10, 10, 10, 10, 10, 10),
(15256, 1655, 10, 10, 10, 10, 10, 10),
(15257, 1655, 10, 10, 10, 10, 9, 9),
(15258, 1656, 9, 9, 9, 9, 9, 9),
(15259, 1656, 9, 9, 9, 9, 9, 9),
(15260, 1656, 10, 9, 9, 9, 9, 9),
(15261, 1656, 9, 10, 9, 9, 9, 9),
(15262, 1656, 10, 9, 10, 9, 9, 10),
(15263, 1656, 9, 10, 9, 9, 10, 9),
(15264, 1657, 10, 10, 9, 10, 9, 9),
(15265, 1657, 9, 10, 10, 9, 10, 9),
(15266, 1657, 10, 10, 9, 10, 9, 10),
(15267, 1657, 10, 9, 10, 10, 9, 10),
(15268, 1657, 10, 10, 10, 9, 10, 10),
(15269, 1657, 9, 10, 9, 10, 9, 9),
(15270, 1658, 10, 10, 10, 10, 9, 9),
(15271, 1658, 9, 10, 10, 10, 10, 9),
(15272, 1658, 10, 10, 10, 10, 9, 10),
(15273, 1658, 10, 9, 10, 10, 10, 10),
(15274, 1658, 10, 10, 10, 10, 10, 10),
(15275, 1658, 10, 10, 9, 10, 9, 9),
(15276, 1659, 10, 10, 10, 10, 10, 9),
(15277, 1659, 10, 10, 10, 10, 10, 9),
(15278, 1659, 10, 10, 10, 10, 10, 10),
(15279, 1659, 10, 10, 10, 10, 10, 10),
(15280, 1659, 10, 10, 10, 10, 10, 10),
(15281, 1659, 10, 10, 10, 10, 9, 9),
(15282, 1660, 9, 9, 9, 9, 9, 9),
(15283, 1660, 9, 9, 9, 9, 9, 9),
(15284, 1660, 10, 9, 9, 9, 9, 9),
(15285, 1660, 9, 10, 9, 9, 9, 9),
(15286, 1660, 10, 9, 10, 9, 9, 10),
(15287, 1660, 9, 10, 9, 9, 10, 9),
(15288, 1661, 10, 10, 9, 10, 9, 9),
(15289, 1661, 9, 10, 10, 9, 10, 9),
(15290, 1661, 10, 10, 9, 10, 9, 10),
(15291, 1661, 10, 9, 10, 10, 9, 10),
(15292, 1661, 10, 10, 10, 9, 10, 10),
(15293, 1661, 9, 10, 9, 10, 9, 9),
(15294, 1662, 10, 10, 10, 10, 9, 9),
(15295, 1662, 9, 10, 10, 10, 10, 9),
(15296, 1662, 10, 10, 10, 10, 9, 10),
(15297, 1662, 10, 9, 10, 10, 10, 10),
(15298, 1662, 10, 10, 10, 10, 10, 10),
(15299, 1662, 10, 10, 9, 10, 9, 9),
(15300, 1663, 10, 10, 10, 10, 10, 9),
(15301, 1663, 10, 10, 10, 10, 10, 9),
(15302, 1663, 10, 10, 10, 10, 10, 10),
(15303, 1663, 10, 10, 10, 10, 10, 10),
(15304, 1663, 10, 10, 10, 10, 10, 10),
(15305, 1663, 10, 10, 10, 10, 9, 9),
(15306, 1664, 9, 9, 9, 9, 9, 9),
(15307, 1664, 9, 9, 9, 9, 9, 9),
(15308, 1664, 10, 9, 9, 9, 9, 9),
(15309, 1664, 9, 10, 9, 9, 9, 9),
(15310, 1664, 10, 9, 10, 9, 9, 10),
(15311, 1664, 9, 10, 9, 9, 10, 9),
(15312, 1665, 10, 10, 9, 10, 9, 9),
(15313, 1665, 9, 10, 10, 9, 10, 9),
(15314, 1665, 10, 10, 9, 10, 9, 10),
(15315, 1665, 10, 9, 10, 10, 9, 10),
(15316, 1665, 10, 10, 10, 9, 10, 10),
(15317, 1665, 9, 10, 9, 10, 9, 9),
(15318, 1666, 10, 10, 10, 10, 9, 9),
(15319, 1666, 9, 10, 10, 10, 10, 9),
(15320, 1666, 10, 10, 10, 10, 9, 10),
(15321, 1666, 10, 9, 10, 10, 10, 10),
(15322, 1666, 10, 10, 10, 10, 10, 10),
(15323, 1666, 10, 10, 9, 10, 9, 9),
(15324, 1667, 10, 10, 10, 10, 10, 9),
(15325, 1667, 10, 10, 10, 10, 10, 9),
(15326, 1667, 10, 10, 10, 10, 10, 10),
(15327, 1667, 10, 10, 10, 10, 10, 10),
(15328, 1667, 10, 10, 10, 10, 10, 10),
(15329, 1667, 10, 10, 10, 10, 9, 9),
(15330, 1668, 9, 9, 9, 9, 9, 9),
(15331, 1668, 9, 9, 9, 9, 9, 9),
(15332, 1668, 10, 9, 9, 9, 9, 9),
(15333, 1668, 9, 10, 9, 9, 9, 9),
(15334, 1668, 10, 9, 10, 9, 9, 10),
(15335, 1668, 9, 10, 9, 9, 10, 9),
(15336, 1669, 10, 10, 9, 10, 9, 9),
(15337, 1669, 9, 10, 10, 9, 10, 9),
(15338, 1669, 10, 10, 9, 10, 9, 10),
(15339, 1669, 10, 9, 10, 10, 9, 10),
(15340, 1669, 10, 10, 10, 9, 10, 10),
(15341, 1669, 9, 10, 9, 10, 9, 9),
(15342, 1670, 10, 10, 10, 10, 9, 9),
(15343, 1670, 9, 10, 10, 10, 10, 9),
(15344, 1670, 10, 10, 10, 10, 9, 10),
(15345, 1670, 10, 9, 10, 10, 10, 10),
(15346, 1670, 10, 10, 10, 10, 10, 10),
(15347, 1670, 10, 10, 9, 10, 9, 9),
(15348, 1671, 10, 10, 10, 10, 10, 9),
(15349, 1671, 10, 10, 10, 10, 10, 9),
(15350, 1671, 10, 10, 10, 10, 10, 10),
(15351, 1671, 10, 10, 10, 10, 10, 10),
(15352, 1671, 10, 10, 10, 10, 10, 10),
(15353, 1671, 10, 10, 10, 10, 9, 9),
(15354, 1672, 9, 9, 9, 9, 9, 9),
(15355, 1672, 9, 9, 9, 9, 9, 9),
(15356, 1672, 10, 9, 9, 9, 9, 9),
(15357, 1672, 9, 10, 9, 9, 9, 9),
(15358, 1672, 10, 9, 10, 9, 9, 10),
(15359, 1672, 9, 10, 9, 9, 10, 9),
(15360, 1673, 10, 10, 9, 10, 9, 9),
(15361, 1673, 9, 10, 10, 9, 10, 9),
(15362, 1673, 10, 10, 9, 10, 9, 10),
(15363, 1673, 10, 9, 10, 10, 9, 10),
(15364, 1673, 10, 10, 10, 9, 10, 10),
(15365, 1673, 9, 10, 9, 10, 9, 9),
(15366, 1674, 10, 10, 10, 10, 9, 9),
(15367, 1674, 9, 10, 10, 10, 10, 9),
(15368, 1674, 10, 10, 10, 10, 9, 10),
(15369, 1674, 10, 9, 10, 10, 10, 10),
(15370, 1674, 10, 10, 10, 10, 10, 10),
(15371, 1674, 10, 10, 9, 10, 9, 9),
(15372, 1675, 10, 10, 10, 10, 10, 9),
(15373, 1675, 10, 10, 10, 10, 10, 9),
(15374, 1675, 10, 10, 10, 10, 10, 10),
(15375, 1675, 10, 10, 10, 10, 10, 10),
(15376, 1675, 10, 10, 10, 10, 10, 10),
(15377, 1675, 10, 10, 10, 10, 9, 9),
(15378, 1676, 9, 9, 9, 9, 9, 9),
(15379, 1676, 9, 9, 9, 9, 9, 9),
(15380, 1676, 10, 9, 9, 9, 9, 9),
(15381, 1676, 9, 10, 9, 9, 9, 9),
(15382, 1676, 10, 9, 10, 9, 9, 10),
(15383, 1676, 9, 10, 9, 9, 10, 9),
(15384, 1677, 10, 10, 9, 10, 9, 9),
(15385, 1677, 9, 10, 10, 9, 10, 9),
(15386, 1677, 10, 10, 9, 10, 9, 10),
(15387, 1677, 10, 9, 10, 10, 9, 10),
(15388, 1677, 10, 10, 10, 9, 10, 10),
(15389, 1677, 9, 10, 9, 10, 9, 9),
(15390, 1678, 10, 10, 10, 10, 9, 9),
(15391, 1678, 9, 10, 10, 10, 10, 9),
(15392, 1678, 10, 10, 10, 10, 9, 10),
(15393, 1678, 10, 9, 10, 10, 10, 10),
(15394, 1678, 10, 10, 10, 10, 10, 10),
(15395, 1678, 10, 10, 9, 10, 9, 9),
(15396, 1679, 10, 10, 10, 10, 10, 9),
(15397, 1679, 10, 10, 10, 10, 10, 9),
(15398, 1679, 10, 10, 10, 10, 10, 10),
(15399, 1679, 10, 10, 10, 10, 10, 10),
(15400, 1679, 10, 10, 10, 10, 10, 10),
(15401, 1679, 10, 10, 10, 10, 9, 9),
(15402, 1680, 9, 9, 9, 9, 9, 9),
(15403, 1680, 9, 9, 9, 9, 9, 9),
(15404, 1680, 10, 9, 9, 9, 9, 9),
(15405, 1680, 9, 10, 9, 9, 9, 9),
(15406, 1680, 10, 9, 10, 9, 9, 10),
(15407, 1680, 9, 10, 9, 9, 10, 9),
(15408, 1681, 10, 10, 9, 10, 9, 9),
(15409, 1681, 9, 10, 10, 9, 10, 9),
(15410, 1681, 10, 10, 9, 10, 9, 10),
(15411, 1681, 10, 9, 10, 10, 9, 10),
(15412, 1681, 10, 10, 10, 9, 10, 10),
(15413, 1681, 9, 10, 9, 10, 9, 9),
(15414, 1682, 10, 10, 10, 10, 9, 9),
(15415, 1682, 9, 10, 10, 10, 10, 9),
(15416, 1682, 10, 10, 10, 10, 9, 10),
(15417, 1682, 10, 9, 10, 10, 10, 10),
(15418, 1682, 10, 10, 10, 10, 10, 10),
(15419, 1682, 10, 10, 9, 10, 9, 9),
(15420, 1683, 10, 10, 10, 10, 10, 9),
(15421, 1683, 10, 10, 10, 10, 10, 9),
(15422, 1683, 10, 10, 10, 10, 10, 10),
(15423, 1683, 10, 10, 10, 10, 10, 10),
(15424, 1683, 10, 10, 10, 10, 10, 10),
(15425, 1683, 10, 10, 10, 10, 9, 9),
(15426, 1684, 9, 9, 9, 9, 9, 9),
(15427, 1684, 9, 9, 9, 9, 9, 9),
(15428, 1684, 10, 9, 9, 9, 9, 9),
(15429, 1684, 9, 10, 9, 9, 9, 9),
(15430, 1684, 10, 9, 10, 9, 9, 10),
(15431, 1684, 9, 10, 9, 9, 10, 9),
(15432, 1685, 10, 10, 9, 10, 9, 9),
(15433, 1685, 9, 10, 10, 9, 10, 9),
(15434, 1685, 10, 10, 9, 10, 9, 10),
(15435, 1685, 10, 9, 10, 10, 9, 10),
(15436, 1685, 10, 10, 10, 9, 10, 10),
(15437, 1685, 9, 10, 9, 10, 9, 9),
(15438, 1686, 10, 10, 10, 10, 9, 9),
(15439, 1686, 9, 10, 10, 10, 10, 9),
(15440, 1686, 10, 10, 10, 10, 9, 10),
(15441, 1686, 10, 9, 10, 10, 10, 10),
(15442, 1686, 10, 10, 10, 10, 10, 10),
(15443, 1686, 10, 10, 9, 10, 9, 9),
(15444, 1687, 10, 10, 10, 10, 10, 9),
(15445, 1687, 10, 10, 10, 10, 10, 9),
(15446, 1687, 10, 10, 10, 10, 10, 10),
(15447, 1687, 10, 10, 10, 10, 10, 10),
(15448, 1687, 10, 10, 10, 10, 10, 10),
(15449, 1687, 10, 10, 10, 10, 9, 9),
(15450, 1688, 10, 9, 9, 9, 9, 9),
(15451, 1688, 9, 10, 9, 9, 9, 9),
(15452, 1688, 10, 9, 10, 9, 9, 10),
(15453, 1688, 9, 10, 9, 9, 10, 9),
(15454, 1688, 10, 10, 9, 10, 9, 9),
(15455, 1688, 9, 10, 9, 10, 9, 9),
(15456, 1689, 10, 10, 9, 10, 9, 10),
(15457, 1689, 10, 9, 10, 10, 9, 10),
(15458, 1689, 10, 10, 10, 9, 10, 10),
(15459, 1689, 9, 10, 9, 10, 9, 9),
(15460, 1689, 10, 10, 10, 10, 9, 9),
(15461, 1689, 9, 10, 10, 10, 10, 9),
(15462, 1690, 10, 10, 10, 10, 9, 10),
(15463, 1690, 10, 9, 10, 10, 10, 10),
(15464, 1690, 10, 10, 10, 10, 10, 10),
(15465, 1690, 10, 10, 9, 10, 9, 9),
(15466, 1690, 10, 10, 10, 10, 9, 9),
(15467, 1690, 9, 10, 10, 10, 10, 9),
(15468, 1691, 10, 10, 10, 10, 10, 10),
(15469, 1691, 10, 10, 10, 10, 10, 10),
(15470, 1691, 10, 10, 10, 10, 9, 9),
(15471, 1691, 10, 10, 10, 10, 10, 9),
(15472, 1691, 10, 10, 10, 10, 10, 9),
(15473, 1691, 10, 10, 10, 10, 10, 10),
(15474, 1692, 10, 9, 9, 9, 9, 9),
(15475, 1692, 9, 10, 9, 9, 9, 9),
(15476, 1692, 10, 9, 10, 9, 9, 10),
(15477, 1692, 9, 10, 9, 9, 10, 9),
(15478, 1692, 10, 10, 9, 10, 9, 9),
(15479, 1692, 9, 10, 9, 10, 9, 9),
(15480, 1693, 10, 10, 9, 10, 9, 10),
(15481, 1693, 10, 9, 10, 10, 9, 10),
(15482, 1693, 10, 10, 10, 9, 10, 10),
(15483, 1693, 9, 10, 9, 10, 9, 9),
(15484, 1693, 10, 10, 10, 10, 9, 9),
(15485, 1693, 9, 10, 10, 10, 10, 9),
(15486, 1694, 10, 10, 10, 10, 9, 10),
(15487, 1694, 10, 9, 10, 10, 10, 10),
(15488, 1694, 10, 10, 10, 10, 10, 10),
(15489, 1694, 10, 10, 9, 10, 9, 9),
(15490, 1694, 10, 10, 10, 10, 9, 9),
(15491, 1694, 9, 10, 10, 10, 10, 9),
(15492, 1695, 10, 10, 10, 10, 10, 10),
(15493, 1695, 10, 10, 10, 10, 10, 10),
(15494, 1695, 10, 10, 10, 10, 9, 9),
(15495, 1695, 10, 10, 10, 10, 10, 9),
(15496, 1695, 10, 10, 10, 10, 10, 9),
(15497, 1695, 10, 10, 10, 10, 10, 10),
(15498, 1696, 10, 9, 9, 9, 9, 9),
(15499, 1696, 9, 10, 9, 9, 9, 9),
(15500, 1696, 10, 9, 10, 9, 9, 10),
(15501, 1696, 9, 10, 9, 9, 10, 9),
(15502, 1696, 10, 10, 9, 10, 9, 9),
(15503, 1696, 9, 10, 9, 10, 9, 9),
(15504, 1697, 10, 10, 9, 10, 9, 10),
(15505, 1697, 10, 9, 10, 10, 9, 10),
(15506, 1697, 10, 10, 10, 9, 10, 10),
(15507, 1697, 9, 10, 9, 10, 9, 9),
(15508, 1697, 10, 10, 10, 10, 9, 9),
(15509, 1697, 9, 10, 10, 10, 10, 9),
(15510, 1698, 10, 10, 10, 10, 9, 10),
(15511, 1698, 10, 9, 10, 10, 10, 10),
(15512, 1698, 10, 10, 10, 10, 10, 10),
(15513, 1698, 10, 10, 9, 10, 9, 9),
(15514, 1698, 10, 10, 10, 10, 9, 9),
(15515, 1698, 9, 10, 10, 10, 10, 9),
(15516, 1699, 10, 10, 10, 10, 10, 10),
(15517, 1699, 10, 10, 10, 10, 10, 10),
(15518, 1699, 10, 10, 10, 10, 9, 9),
(15519, 1699, 10, 10, 10, 10, 10, 9),
(15520, 1699, 10, 10, 10, 10, 10, 9),
(15521, 1699, 10, 10, 10, 10, 10, 10),
(15522, 1700, 10, 9, 9, 9, 9, 9),
(15523, 1700, 9, 10, 9, 9, 9, 9),
(15524, 1700, 10, 9, 10, 9, 9, 10),
(15525, 1700, 9, 10, 9, 9, 10, 9),
(15526, 1700, 10, 10, 9, 10, 9, 9),
(15527, 1700, 9, 10, 9, 10, 9, 9),
(15528, 1701, 10, 10, 9, 10, 9, 10),
(15529, 1701, 10, 9, 10, 10, 9, 10),
(15530, 1701, 10, 10, 10, 9, 10, 10),
(15531, 1701, 9, 10, 9, 10, 9, 9),
(15532, 1701, 10, 10, 10, 10, 9, 9),
(15533, 1701, 9, 10, 10, 10, 10, 9),
(15534, 1702, 10, 10, 10, 10, 9, 10),
(15535, 1702, 10, 9, 10, 10, 10, 10),
(15536, 1702, 10, 10, 10, 10, 10, 10),
(15537, 1702, 10, 10, 9, 10, 9, 9),
(15538, 1702, 10, 10, 10, 10, 9, 9),
(15539, 1702, 9, 10, 10, 10, 10, 9),
(15540, 1703, 10, 10, 10, 10, 10, 10),
(15541, 1703, 10, 10, 10, 10, 10, 10),
(15542, 1703, 10, 10, 10, 10, 9, 9),
(15543, 1703, 10, 10, 10, 10, 10, 9),
(15544, 1703, 10, 10, 10, 10, 10, 9),
(15545, 1703, 10, 10, 10, 10, 10, 10),
(15546, 1704, 10, 9, 9, 9, 9, 9),
(15547, 1704, 9, 10, 9, 9, 9, 9),
(15548, 1704, 10, 9, 10, 9, 9, 10),
(15549, 1704, 9, 10, 9, 9, 10, 9),
(15550, 1704, 10, 10, 9, 10, 9, 9),
(15551, 1704, 9, 10, 9, 10, 9, 9),
(15552, 1705, 10, 10, 9, 10, 9, 10),
(15553, 1705, 10, 9, 10, 10, 9, 10),
(15554, 1705, 10, 10, 10, 9, 10, 10),
(15555, 1705, 9, 10, 9, 10, 9, 9),
(15556, 1705, 10, 10, 10, 10, 9, 9),
(15557, 1705, 9, 10, 10, 10, 10, 9),
(15558, 1706, 10, 10, 10, 10, 9, 10),
(15559, 1706, 10, 9, 10, 10, 10, 10),
(15560, 1706, 10, 10, 10, 10, 10, 10),
(15561, 1706, 10, 10, 9, 10, 9, 9),
(15562, 1706, 10, 10, 10, 10, 9, 9),
(15563, 1706, 9, 10, 10, 10, 10, 9),
(15564, 1707, 10, 10, 10, 10, 10, 10),
(15565, 1707, 10, 10, 10, 10, 10, 10),
(15566, 1707, 10, 10, 10, 10, 9, 9),
(15567, 1707, 10, 10, 10, 10, 10, 9),
(15568, 1707, 10, 10, 10, 10, 10, 9),
(15569, 1707, 10, 10, 10, 10, 10, 10),
(15570, 1708, 10, 9, 9, 9, 9, 9),
(15571, 1708, 9, 10, 9, 9, 9, 9),
(15572, 1708, 10, 9, 10, 9, 9, 10),
(15573, 1708, 9, 10, 9, 9, 10, 9),
(15574, 1708, 10, 10, 9, 10, 9, 9),
(15575, 1708, 9, 10, 9, 10, 9, 9),
(15576, 1709, 10, 10, 9, 10, 9, 10),
(15577, 1709, 10, 9, 10, 10, 9, 10),
(15578, 1709, 10, 10, 10, 9, 10, 10),
(15579, 1709, 9, 10, 9, 10, 9, 9),
(15580, 1709, 10, 10, 10, 10, 9, 9),
(15581, 1709, 9, 10, 10, 10, 10, 9),
(15582, 1710, 10, 10, 10, 10, 9, 10),
(15583, 1710, 10, 9, 10, 10, 10, 10),
(15584, 1710, 10, 10, 10, 10, 10, 10),
(15585, 1710, 10, 10, 9, 10, 9, 9),
(15586, 1710, 10, 10, 10, 10, 9, 9),
(15587, 1710, 9, 10, 10, 10, 10, 9),
(15588, 1711, 10, 10, 10, 10, 10, 10),
(15589, 1711, 10, 10, 10, 10, 10, 10),
(15590, 1711, 10, 10, 10, 10, 9, 9),
(15591, 1711, 10, 10, 10, 10, 10, 9),
(15592, 1711, 10, 10, 10, 10, 10, 9),
(15593, 1711, 10, 10, 10, 10, 10, 10),
(15594, 1712, 10, 9, 9, 9, 9, 9),
(15595, 1712, 9, 10, 9, 9, 9, 9),
(15596, 1712, 10, 9, 10, 9, 9, 10),
(15597, 1712, 9, 10, 9, 9, 10, 9),
(15598, 1712, 10, 10, 9, 10, 9, 9),
(15599, 1712, 9, 10, 9, 10, 9, 9),
(15600, 1713, 10, 10, 9, 10, 9, 10),
(15601, 1713, 10, 9, 10, 10, 9, 10),
(15602, 1713, 10, 10, 10, 9, 10, 10),
(15603, 1713, 9, 10, 9, 10, 9, 9),
(15604, 1713, 10, 10, 10, 10, 9, 9),
(15605, 1713, 9, 10, 10, 10, 10, 9),
(15606, 1714, 10, 10, 10, 10, 9, 10),
(15607, 1714, 10, 9, 10, 10, 10, 10),
(15608, 1714, 10, 10, 10, 10, 10, 10),
(15609, 1714, 10, 10, 9, 10, 9, 9),
(15610, 1714, 10, 10, 10, 10, 9, 9),
(15611, 1714, 9, 10, 10, 10, 10, 9),
(15612, 1715, 10, 10, 10, 10, 10, 10),
(15613, 1715, 10, 10, 10, 10, 10, 10),
(15614, 1715, 10, 10, 10, 10, 9, 9),
(15615, 1715, 10, 10, 10, 10, 10, 9),
(15616, 1715, 10, 10, 10, 10, 10, 9),
(15617, 1715, 10, 10, 10, 10, 10, 10),
(15618, 1716, 10, 9, 9, 9, 9, 9),
(15619, 1716, 9, 10, 9, 9, 9, 9),
(15620, 1716, 10, 9, 10, 9, 9, 10),
(15621, 1716, 9, 10, 9, 9, 10, 9),
(15622, 1716, 10, 10, 9, 10, 9, 9),
(15623, 1716, 9, 10, 9, 10, 9, 9),
(15624, 1717, 10, 10, 9, 10, 9, 10),
(15625, 1717, 10, 9, 10, 10, 9, 10),
(15626, 1717, 10, 10, 10, 9, 10, 10),
(15627, 1717, 9, 10, 9, 10, 9, 9),
(15628, 1717, 10, 10, 10, 10, 9, 9),
(15629, 1717, 9, 10, 10, 10, 10, 9),
(15630, 1718, 10, 10, 10, 10, 9, 10),
(15631, 1718, 10, 9, 10, 10, 10, 10),
(15632, 1718, 10, 10, 10, 10, 10, 10),
(15633, 1718, 10, 10, 9, 10, 9, 9),
(15634, 1718, 10, 10, 10, 10, 9, 9),
(15635, 1718, 9, 10, 10, 10, 10, 9),
(15636, 1719, 10, 10, 10, 10, 10, 10),
(15637, 1719, 10, 10, 10, 10, 10, 10),
(15638, 1719, 10, 10, 10, 10, 9, 9),
(15639, 1719, 10, 10, 10, 10, 10, 9),
(15640, 1719, 10, 10, 10, 10, 10, 9),
(15641, 1719, 10, 10, 10, 10, 10, 10),
(15642, 1720, 10, 9, 9, 9, 9, 9),
(15643, 1720, 9, 10, 9, 9, 9, 9),
(15644, 1720, 10, 9, 10, 9, 9, 10),
(15645, 1720, 9, 10, 9, 9, 10, 9),
(15646, 1720, 10, 10, 9, 10, 9, 9),
(15647, 1720, 9, 10, 9, 10, 9, 9),
(15648, 1721, 10, 10, 9, 10, 9, 10),
(15649, 1721, 10, 9, 10, 10, 9, 10),
(15650, 1721, 10, 10, 10, 9, 10, 10),
(15651, 1721, 9, 10, 9, 10, 9, 9),
(15652, 1721, 10, 10, 10, 10, 9, 9),
(15653, 1721, 9, 10, 10, 10, 10, 9),
(15654, 1722, 10, 10, 10, 10, 9, 10),
(15655, 1722, 10, 9, 10, 10, 10, 10),
(15656, 1722, 10, 10, 10, 10, 10, 10),
(15657, 1722, 10, 10, 9, 10, 9, 9),
(15658, 1722, 10, 10, 10, 10, 9, 9),
(15659, 1722, 9, 10, 10, 10, 10, 9),
(15660, 1723, 10, 10, 10, 10, 10, 10),
(15661, 1723, 10, 10, 10, 10, 10, 10),
(15662, 1723, 10, 10, 10, 10, 9, 9),
(15663, 1723, 10, 10, 10, 10, 10, 9),
(15664, 1723, 10, 10, 10, 10, 10, 9),
(15665, 1723, 10, 10, 10, 10, 10, 10),
(15666, 1724, 10, 9, 9, 9, 9, 9),
(15667, 1724, 9, 10, 9, 9, 9, 9),
(15668, 1724, 10, 9, 10, 9, 9, 10),
(15669, 1724, 9, 10, 9, 9, 10, 9),
(15670, 1724, 10, 10, 9, 10, 9, 9),
(15671, 1724, 9, 10, 9, 10, 9, 9),
(15672, 1725, 10, 10, 9, 10, 9, 10),
(15673, 1725, 10, 9, 10, 10, 9, 10),
(15674, 1725, 10, 10, 10, 9, 10, 10),
(15675, 1725, 9, 10, 9, 10, 9, 9),
(15676, 1725, 10, 10, 10, 10, 9, 9),
(15677, 1725, 9, 10, 10, 10, 10, 9),
(15678, 1726, 10, 10, 10, 10, 9, 10),
(15679, 1726, 10, 9, 10, 10, 10, 10),
(15680, 1726, 10, 10, 10, 10, 10, 10),
(15681, 1726, 10, 10, 9, 10, 9, 9),
(15682, 1726, 10, 10, 10, 10, 9, 9),
(15683, 1726, 9, 10, 10, 10, 10, 9),
(15684, 1727, 10, 10, 10, 10, 10, 10),
(15685, 1727, 10, 10, 10, 10, 10, 10),
(15686, 1727, 10, 10, 10, 10, 9, 9),
(15687, 1727, 10, 10, 10, 10, 10, 9),
(15688, 1727, 10, 10, 10, 10, 10, 9),
(15689, 1727, 10, 10, 10, 10, 10, 10),
(15690, 1728, 9, 9, 9, 9, 9, 9),
(15691, 1728, 9, 9, 9, 9, 9, 9),
(15692, 1728, 10, 9, 9, 9, 9, 9),
(15693, 1728, 9, 10, 9, 9, 9, 9),
(15694, 1728, 10, 9, 10, 9, 9, 10),
(15695, 1728, 9, 10, 9, 9, 10, 9),
(15696, 1729, 10, 10, 9, 10, 9, 9),
(15697, 1729, 9, 10, 10, 9, 10, 9),
(15698, 1729, 10, 10, 9, 10, 9, 10),
(15699, 1729, 10, 9, 10, 10, 9, 10),
(15700, 1729, 10, 10, 10, 9, 10, 10),
(15701, 1729, 9, 10, 9, 10, 9, 9),
(15702, 1730, 10, 10, 10, 10, 9, 9),
(15703, 1730, 9, 10, 10, 10, 10, 9),
(15704, 1730, 10, 10, 10, 10, 9, 10),
(15705, 1730, 10, 9, 10, 10, 10, 10),
(15706, 1730, 10, 10, 10, 10, 10, 10),
(15707, 1730, 10, 10, 9, 10, 9, 9),
(15708, 1731, 10, 10, 10, 10, 10, 9),
(15709, 1731, 10, 10, 10, 10, 10, 9),
(15710, 1731, 10, 10, 10, 10, 10, 10),
(15711, 1731, 10, 10, 10, 10, 10, 10),
(15712, 1731, 10, 10, 10, 10, 10, 10),
(15713, 1731, 10, 10, 10, 10, 9, 9),
(15714, 1732, 9, 9, 9, 9, 9, 9),
(15715, 1732, 9, 9, 9, 9, 9, 9),
(15716, 1732, 10, 9, 9, 9, 9, 9),
(15717, 1732, 9, 10, 9, 9, 9, 9),
(15718, 1732, 10, 9, 10, 9, 9, 10),
(15719, 1732, 9, 10, 9, 9, 10, 9),
(15720, 1733, 10, 10, 9, 10, 9, 9),
(15721, 1733, 9, 10, 10, 9, 10, 9),
(15722, 1733, 10, 10, 9, 10, 9, 10),
(15723, 1733, 10, 9, 10, 10, 9, 10),
(15724, 1733, 10, 10, 10, 9, 10, 10),
(15725, 1733, 9, 10, 9, 10, 9, 9),
(15726, 1734, 10, 10, 10, 10, 9, 9),
(15727, 1734, 9, 10, 10, 10, 10, 9),
(15728, 1734, 10, 10, 10, 10, 9, 10),
(15729, 1734, 10, 9, 10, 10, 10, 10),
(15730, 1734, 10, 10, 10, 10, 10, 10),
(15731, 1734, 10, 10, 9, 10, 9, 9),
(15732, 1735, 10, 10, 10, 10, 10, 9),
(15733, 1735, 10, 10, 10, 10, 10, 9),
(15734, 1735, 10, 10, 10, 10, 10, 10),
(15735, 1735, 10, 10, 10, 10, 10, 10),
(15736, 1735, 10, 10, 10, 10, 10, 10),
(15737, 1735, 10, 10, 10, 10, 9, 9),
(15738, 1736, 9, 9, 9, 9, 9, 9),
(15739, 1736, 9, 9, 9, 9, 9, 9),
(15740, 1736, 10, 9, 9, 9, 9, 9),
(15741, 1736, 9, 10, 9, 9, 9, 9),
(15742, 1736, 10, 9, 10, 9, 9, 10),
(15743, 1736, 9, 10, 9, 9, 10, 9),
(15744, 1737, 10, 10, 9, 10, 9, 9),
(15745, 1737, 9, 10, 10, 9, 10, 9),
(15746, 1737, 10, 10, 9, 10, 9, 10),
(15747, 1737, 10, 9, 10, 10, 9, 10),
(15748, 1737, 10, 10, 10, 9, 10, 10),
(15749, 1737, 9, 10, 9, 10, 9, 9),
(15750, 1738, 10, 10, 10, 10, 9, 9),
(15751, 1738, 9, 10, 10, 10, 10, 9),
(15752, 1738, 10, 10, 10, 10, 9, 10),
(15753, 1738, 10, 9, 10, 10, 10, 10),
(15754, 1738, 10, 10, 10, 10, 10, 10),
(15755, 1738, 10, 10, 9, 10, 9, 9),
(15756, 1739, 10, 10, 10, 10, 10, 9),
(15757, 1739, 10, 10, 10, 10, 10, 9),
(15758, 1739, 10, 10, 10, 10, 10, 10),
(15759, 1739, 10, 10, 10, 10, 10, 10),
(15760, 1739, 10, 10, 10, 10, 10, 10),
(15761, 1739, 10, 10, 10, 10, 9, 9),
(15762, 1740, 9, 9, 9, 9, 9, 9),
(15763, 1740, 9, 9, 9, 9, 9, 9),
(15764, 1740, 10, 9, 9, 9, 9, 9),
(15765, 1740, 9, 10, 9, 9, 9, 9),
(15766, 1740, 10, 9, 10, 9, 9, 10),
(15767, 1740, 9, 10, 9, 9, 10, 9),
(15768, 1741, 10, 10, 9, 10, 9, 9),
(15769, 1741, 9, 10, 10, 9, 10, 9),
(15770, 1741, 10, 10, 9, 10, 9, 10),
(15771, 1741, 10, 9, 10, 10, 9, 10),
(15772, 1741, 10, 10, 10, 9, 10, 10),
(15773, 1741, 9, 10, 9, 10, 9, 9),
(15774, 1742, 10, 10, 10, 10, 9, 9),
(15775, 1742, 9, 10, 10, 10, 10, 9),
(15776, 1742, 10, 10, 10, 10, 9, 10),
(15777, 1742, 10, 9, 10, 10, 10, 10),
(15778, 1742, 10, 10, 10, 10, 10, 10),
(15779, 1742, 10, 10, 9, 10, 9, 9),
(15780, 1743, 10, 10, 10, 10, 10, 9),
(15781, 1743, 10, 10, 10, 10, 10, 9),
(15782, 1743, 10, 10, 10, 10, 10, 10),
(15783, 1743, 10, 10, 10, 10, 10, 10),
(15784, 1743, 10, 10, 10, 10, 10, 10),
(15785, 1743, 10, 10, 10, 10, 9, 9),
(15786, 1744, 9, 9, 9, 9, 9, 9),
(15787, 1744, 9, 9, 9, 9, 9, 9),
(15788, 1744, 10, 9, 9, 9, 9, 9),
(15789, 1744, 9, 10, 9, 9, 9, 9),
(15790, 1744, 10, 9, 10, 9, 9, 9),
(15791, 1744, 9, 10, 9, 9, 9, 9),
(15792, 1745, 10, 10, 9, 9, 9, 9),
(15793, 1745, 9, 10, 10, 9, 9, 9),
(15794, 1745, 10, 10, 9, 10, 9, 10),
(15795, 1745, 10, 9, 10, 10, 9, 10),
(15796, 1745, 10, 10, 10, 9, 10, 10),
(15797, 1745, 9, 10, 9, 10, 9, 9),
(15798, 1746, 10, 10, 10, 10, 9, 9),
(15799, 1746, 9, 10, 10, 10, 10, 9),
(15800, 1746, 10, 10, 10, 10, 9, 10),
(15801, 1746, 10, 9, 10, 10, 10, 10),
(15802, 1746, 10, 10, 10, 10, 10, 10),
(15803, 1746, 10, 10, 9, 10, 9, 9),
(15804, 1747, 10, 10, 10, 10, 10, 9),
(15805, 1747, 10, 10, 10, 10, 10, 9),
(15806, 1747, 10, 10, 10, 10, 10, 10),
(15807, 1747, 10, 10, 10, 10, 10, 10),
(15808, 1747, 10, 10, 10, 10, 10, 10),
(15809, 1747, 10, 10, 10, 10, 9, 9),
(15810, 1748, 9, 9, 9, 9, 9, 9),
(15811, 1748, 9, 9, 9, 9, 9, 9),
(15812, 1748, 10, 9, 9, 9, 9, 9),
(15813, 1748, 9, 10, 9, 9, 9, 9),
(15814, 1748, 10, 9, 10, 9, 9, 9),
(15815, 1748, 9, 10, 9, 9, 9, 9),
(15816, 1749, 10, 10, 9, 9, 9, 9),
(15817, 1749, 9, 10, 10, 9, 9, 9),
(15818, 1749, 10, 10, 9, 10, 9, 10),
(15819, 1749, 10, 9, 10, 10, 9, 10),
(15820, 1749, 10, 10, 10, 9, 10, 10),
(15821, 1749, 9, 10, 9, 10, 9, 9),
(15822, 1750, 10, 10, 10, 10, 9, 9),
(15823, 1750, 9, 10, 10, 10, 10, 9),
(15824, 1750, 10, 10, 10, 10, 9, 10),
(15825, 1750, 10, 9, 10, 10, 10, 10),
(15826, 1750, 10, 10, 10, 10, 10, 10),
(15827, 1750, 10, 10, 9, 10, 9, 9),
(15828, 1751, 10, 10, 10, 10, 10, 9),
(15829, 1751, 10, 10, 10, 10, 10, 9),
(15830, 1751, 10, 10, 10, 10, 10, 10),
(15831, 1751, 10, 10, 10, 10, 10, 10),
(15832, 1751, 10, 10, 10, 10, 10, 10),
(15833, 1751, 10, 10, 10, 10, 9, 9),
(15834, 1752, 9, 9, 9, 9, 9, 9),
(15835, 1752, 9, 9, 9, 9, 9, 9),
(15836, 1752, 10, 9, 9, 9, 9, 9),
(15837, 1752, 9, 10, 9, 9, 9, 9),
(15838, 1752, 10, 9, 10, 9, 9, 9),
(15839, 1752, 9, 10, 9, 9, 9, 9),
(15840, 1753, 10, 10, 9, 9, 9, 9),
(15841, 1753, 9, 10, 10, 9, 9, 9),
(15842, 1753, 10, 10, 9, 10, 9, 10),
(15843, 1753, 10, 9, 10, 10, 9, 10),
(15844, 1753, 10, 10, 10, 9, 10, 10),
(15845, 1753, 9, 10, 9, 10, 9, 9),
(15846, 1754, 10, 10, 10, 10, 9, 9),
(15847, 1754, 9, 10, 10, 10, 10, 9),
(15848, 1754, 10, 10, 10, 10, 9, 10),
(15849, 1754, 10, 9, 10, 10, 10, 10),
(15850, 1754, 10, 10, 10, 10, 10, 10),
(15851, 1754, 10, 10, 9, 10, 9, 9),
(15852, 1755, 10, 10, 10, 10, 10, 9),
(15853, 1755, 10, 10, 10, 10, 10, 9),
(15854, 1755, 10, 10, 10, 10, 10, 10),
(15855, 1755, 10, 10, 10, 10, 10, 10),
(15856, 1755, 10, 10, 10, 10, 10, 10),
(15857, 1755, 10, 10, 10, 10, 9, 9),
(15858, 1756, 9, 9, 9, 9, 9, 9),
(15859, 1756, 9, 9, 9, 9, 9, 9),
(15860, 1756, 10, 9, 9, 9, 9, 9),
(15861, 1756, 9, 10, 9, 9, 9, 9),
(15862, 1756, 10, 9, 10, 9, 9, 9),
(15863, 1756, 9, 10, 9, 9, 9, 9),
(15864, 1757, 10, 10, 9, 9, 9, 9),
(15865, 1757, 9, 10, 10, 9, 9, 9),
(15866, 1757, 10, 10, 9, 10, 9, 10),
(15867, 1757, 10, 9, 10, 10, 9, 10),
(15868, 1757, 10, 10, 10, 9, 10, 10),
(15869, 1757, 9, 10, 9, 10, 9, 9),
(15870, 1758, 10, 10, 10, 10, 9, 9),
(15871, 1758, 9, 10, 10, 10, 10, 9),
(15872, 1758, 10, 10, 10, 10, 9, 10),
(15873, 1758, 10, 9, 10, 10, 10, 10),
(15874, 1758, 10, 10, 10, 10, 10, 10),
(15875, 1758, 10, 10, 9, 10, 9, 9),
(15876, 1759, 10, 10, 10, 10, 10, 9),
(15877, 1759, 10, 10, 10, 10, 10, 9),
(15878, 1759, 10, 10, 10, 10, 10, 10),
(15879, 1759, 10, 10, 10, 10, 10, 10),
(15880, 1759, 10, 10, 10, 10, 10, 10),
(15881, 1759, 10, 10, 10, 10, 9, 9),
(15882, 1760, 9, 9, 9, 9, 9, 9),
(15883, 1760, 9, 9, 9, 9, 9, 9),
(15884, 1760, 10, 9, 9, 9, 9, 9),
(15885, 1760, 9, 10, 9, 9, 9, 9),
(15886, 1760, 10, 9, 10, 9, 9, 10),
(15887, 1760, 9, 10, 9, 9, 10, 9),
(15888, 1761, 10, 10, 9, 10, 9, 9),
(15889, 1761, 9, 10, 10, 9, 10, 9),
(15890, 1761, 10, 10, 9, 10, 9, 10),
(15891, 1761, 10, 9, 10, 10, 9, 10),
(15892, 1761, 10, 10, 10, 9, 10, 10),
(15893, 1761, 9, 10, 9, 10, 9, 9),
(15894, 1762, 10, 10, 10, 10, 9, 9),
(15895, 1762, 9, 10, 10, 10, 10, 9),
(15896, 1762, 10, 10, 10, 10, 9, 10),
(15897, 1762, 10, 9, 10, 10, 10, 10),
(15898, 1762, 10, 10, 10, 10, 10, 10),
(15899, 1762, 10, 10, 9, 10, 9, 9),
(15900, 1763, 10, 10, 10, 10, 10, 9),
(15901, 1763, 10, 10, 10, 10, 10, 9),
(15902, 1763, 10, 10, 10, 10, 10, 10),
(15903, 1763, 10, 10, 10, 10, 10, 10),
(15904, 1763, 10, 10, 10, 10, 10, 10),
(15905, 1763, 10, 10, 10, 10, 9, 9),
(15906, 1764, 9, 9, 9, 9, 9, 9),
(15907, 1764, 9, 9, 9, 9, 9, 9),
(15908, 1764, 10, 9, 9, 9, 9, 9),
(15909, 1764, 9, 10, 9, 9, 9, 9),
(15910, 1764, 10, 9, 10, 9, 9, 10),
(15911, 1764, 9, 10, 9, 9, 10, 9),
(15912, 1765, 10, 10, 9, 10, 9, 9),
(15913, 1765, 9, 10, 10, 9, 10, 9),
(15914, 1765, 10, 10, 9, 10, 9, 10),
(15915, 1765, 10, 9, 10, 10, 9, 10),
(15916, 1765, 10, 10, 10, 9, 10, 10),
(15917, 1765, 9, 10, 9, 10, 9, 9),
(15918, 1766, 10, 10, 10, 10, 9, 9),
(15919, 1766, 9, 10, 10, 10, 10, 9),
(15920, 1766, 10, 10, 10, 10, 9, 10),
(15921, 1766, 10, 9, 10, 10, 10, 10),
(15922, 1766, 10, 10, 10, 10, 10, 10),
(15923, 1766, 10, 10, 9, 10, 9, 9),
(15924, 1767, 10, 10, 10, 10, 10, 9),
(15925, 1767, 10, 10, 10, 10, 10, 9),
(15926, 1767, 10, 10, 10, 10, 10, 10),
(15927, 1767, 10, 10, 10, 10, 10, 10),
(15928, 1767, 10, 10, 10, 10, 10, 10),
(15929, 1767, 10, 10, 10, 10, 9, 9),
(15930, 1768, 9, 9, 9, 9, 9, 9),
(15931, 1768, 9, 9, 9, 9, 9, 9),
(15932, 1768, 10, 9, 9, 9, 9, 9),
(15933, 1768, 9, 10, 9, 9, 9, 9),
(15934, 1768, 10, 9, 10, 9, 9, 10),
(15935, 1768, 9, 10, 9, 9, 10, 9),
(15936, 1769, 10, 10, 9, 10, 9, 9),
(15937, 1769, 9, 10, 10, 9, 10, 9),
(15938, 1769, 10, 10, 9, 10, 9, 10),
(15939, 1769, 10, 9, 10, 10, 9, 10),
(15940, 1769, 10, 10, 10, 9, 10, 10),
(15941, 1769, 9, 10, 9, 10, 9, 9),
(15942, 1770, 10, 10, 10, 10, 9, 10),
(15943, 1770, 10, 9, 10, 10, 10, 10),
(15944, 1770, 10, 10, 10, 10, 10, 10),
(15945, 1770, 10, 10, 9, 10, 9, 9),
(15946, 1770, 10, 10, 10, 10, 9, 9),
(15947, 1770, 9, 10, 10, 10, 10, 9),
(15948, 1771, 10, 10, 10, 10, 10, 10),
(15949, 1771, 10, 10, 10, 10, 10, 10),
(15950, 1771, 10, 10, 10, 10, 10, 10),
(15951, 1771, 10, 10, 10, 10, 10, 9),
(15952, 1771, 10, 10, 10, 10, 10, 9),
(15953, 1771, 10, 10, 10, 10, 10, 10),
(15954, 1772, 9, 9, 9, 9, 9, 9),
(15955, 1772, 9, 9, 9, 9, 9, 9),
(15956, 1772, 10, 9, 9, 9, 9, 9),
(15957, 1772, 9, 10, 9, 9, 9, 9),
(15958, 1772, 10, 9, 10, 9, 9, 10),
(15959, 1772, 9, 10, 9, 9, 10, 9),
(15960, 1773, 10, 10, 9, 10, 9, 9),
(15961, 1773, 9, 10, 10, 9, 10, 9),
(15962, 1773, 10, 10, 9, 10, 9, 10),
(15963, 1773, 10, 9, 10, 10, 9, 10),
(15964, 1773, 10, 10, 10, 9, 10, 10),
(15965, 1773, 9, 10, 9, 10, 9, 9),
(15966, 1774, 10, 10, 10, 10, 9, 10),
(15967, 1774, 10, 9, 10, 10, 10, 10),
(15968, 1774, 10, 10, 10, 10, 10, 10),
(15969, 1774, 10, 10, 9, 10, 9, 9),
(15970, 1774, 10, 10, 10, 10, 9, 9),
(15971, 1774, 9, 10, 10, 10, 10, 9),
(15972, 1775, 10, 10, 10, 10, 10, 10),
(15973, 1775, 10, 10, 10, 10, 10, 10),
(15974, 1775, 10, 10, 10, 10, 10, 10),
(15975, 1775, 10, 10, 10, 10, 10, 9),
(15976, 1775, 10, 10, 10, 10, 10, 9),
(15977, 1775, 10, 10, 10, 10, 10, 10),
(15978, 1776, 9, 9, 9, 9, 9, 9),
(15979, 1776, 9, 9, 9, 9, 9, 9),
(15980, 1776, 10, 9, 9, 9, 9, 9),
(15981, 1776, 9, 10, 9, 9, 9, 9),
(15982, 1776, 10, 9, 10, 9, 9, 10),
(15983, 1776, 9, 10, 9, 9, 10, 9),
(15984, 1777, 10, 10, 9, 10, 9, 9),
(15985, 1777, 9, 10, 10, 9, 10, 9),
(15986, 1777, 10, 10, 9, 10, 9, 10),
(15987, 1777, 10, 9, 10, 10, 9, 10),
(15988, 1777, 10, 10, 10, 9, 10, 10),
(15989, 1777, 9, 10, 9, 10, 9, 9),
(15990, 1778, 10, 10, 10, 10, 9, 10),
(15991, 1778, 10, 9, 10, 10, 10, 10),
(15992, 1778, 10, 10, 10, 10, 10, 10),
(15993, 1778, 10, 10, 9, 10, 9, 9),
(15994, 1778, 10, 10, 10, 10, 9, 9),
(15995, 1778, 9, 10, 10, 10, 10, 9),
(15996, 1779, 10, 10, 10, 10, 10, 10),
(15997, 1779, 10, 10, 10, 10, 10, 10),
(15998, 1779, 10, 10, 10, 10, 10, 10),
(15999, 1779, 10, 10, 10, 10, 10, 9),
(16000, 1779, 10, 10, 10, 10, 10, 9),
(16001, 1779, 10, 10, 10, 10, 10, 10),
(16002, 1780, 9, 9, 9, 9, 9, 9),
(16003, 1780, 9, 9, 9, 9, 9, 9),
(16004, 1780, 10, 9, 9, 9, 9, 9),
(16005, 1780, 9, 10, 9, 9, 9, 9),
(16006, 1780, 10, 9, 10, 9, 9, 10),
(16007, 1780, 9, 10, 9, 9, 10, 9),
(16008, 1781, 10, 10, 9, 10, 9, 9),
(16009, 1781, 9, 10, 10, 9, 10, 9),
(16010, 1781, 10, 10, 9, 10, 9, 10),
(16011, 1781, 10, 9, 10, 10, 9, 10),
(16012, 1781, 10, 10, 10, 9, 10, 10),
(16013, 1781, 9, 10, 9, 10, 9, 9),
(16014, 1782, 10, 10, 10, 10, 9, 10),
(16015, 1782, 10, 9, 10, 10, 10, 10),
(16016, 1782, 10, 10, 10, 10, 10, 10),
(16017, 1782, 10, 10, 9, 10, 9, 9),
(16018, 1782, 10, 10, 10, 10, 9, 9),
(16019, 1782, 9, 10, 10, 10, 10, 9),
(16020, 1783, 10, 10, 10, 10, 10, 10),
(16021, 1783, 10, 10, 10, 10, 10, 10),
(16022, 1783, 10, 10, 10, 10, 10, 10),
(16023, 1783, 10, 10, 10, 10, 10, 9),
(16024, 1783, 10, 10, 10, 10, 10, 9),
(16025, 1783, 10, 10, 10, 10, 10, 10),
(16026, 1784, 9, 9, 9, 9, 9, 9),
(16027, 1784, 9, 9, 9, 9, 9, 9),
(16028, 1784, 10, 9, 9, 9, 9, 9),
(16029, 1784, 9, 10, 9, 9, 9, 9),
(16030, 1784, 10, 9, 10, 9, 9, 10),
(16031, 1784, 9, 10, 9, 9, 10, 9),
(16032, 1785, 10, 10, 9, 10, 9, 9),
(16033, 1785, 9, 10, 10, 9, 10, 9),
(16034, 1785, 10, 10, 9, 10, 9, 10),
(16035, 1785, 10, 9, 10, 10, 9, 10),
(16036, 1785, 10, 10, 10, 9, 10, 10),
(16037, 1785, 9, 10, 9, 10, 9, 9),
(16038, 1786, 10, 10, 10, 10, 9, 10),
(16039, 1786, 10, 9, 10, 10, 10, 10),
(16040, 1786, 10, 10, 10, 10, 10, 10),
(16041, 1786, 10, 10, 9, 10, 9, 9),
(16042, 1786, 10, 10, 10, 10, 9, 9),
(16043, 1786, 9, 10, 10, 10, 10, 9),
(16044, 1787, 10, 10, 10, 10, 10, 10),
(16045, 1787, 10, 10, 10, 10, 10, 10),
(16046, 1787, 10, 10, 10, 10, 10, 10),
(16047, 1787, 10, 10, 10, 10, 10, 9),
(16048, 1787, 10, 10, 10, 10, 10, 9),
(16049, 1787, 10, 10, 10, 10, 10, 10),
(16050, 1788, 9, 9, 9, 9, 9, 9),
(16051, 1788, 9, 9, 9, 9, 9, 9),
(16052, 1788, 10, 9, 9, 9, 9, 9),
(16053, 1788, 9, 10, 9, 9, 9, 9),
(16054, 1788, 10, 9, 10, 9, 9, 10),
(16055, 1788, 9, 10, 9, 9, 10, 9),
(16056, 1789, 10, 10, 9, 10, 9, 9),
(16057, 1789, 9, 10, 10, 9, 10, 9),
(16058, 1789, 10, 10, 9, 10, 9, 10),
(16059, 1789, 10, 9, 10, 10, 9, 10),
(16060, 1789, 10, 10, 10, 9, 10, 10),
(16061, 1789, 9, 10, 9, 10, 9, 9),
(16062, 1790, 10, 10, 10, 10, 9, 10),
(16063, 1790, 10, 9, 10, 10, 10, 10),
(16064, 1790, 10, 10, 10, 10, 10, 10),
(16065, 1790, 10, 10, 9, 10, 9, 9),
(16066, 1790, 10, 10, 10, 10, 9, 9),
(16067, 1790, 9, 10, 10, 10, 10, 9),
(16068, 1791, 10, 10, 10, 10, 10, 10),
(16069, 1791, 10, 10, 10, 10, 10, 10),
(16070, 1791, 10, 10, 10, 10, 10, 10),
(16071, 1791, 10, 10, 10, 10, 10, 9),
(16072, 1791, 10, 10, 10, 10, 10, 9),
(16073, 1791, 10, 10, 10, 10, 10, 10),
(16074, 1792, 9, 9, 9, 9, 9, 9),
(16075, 1792, 9, 9, 9, 9, 9, 9),
(16076, 1792, 10, 9, 9, 9, 9, 9),
(16077, 1792, 9, 10, 9, 9, 9, 9),
(16078, 1792, 10, 9, 10, 9, 9, 10),
(16079, 1792, 9, 10, 9, 9, 10, 9),
(16080, 1793, 10, 10, 9, 10, 9, 9),
(16081, 1793, 9, 10, 10, 9, 10, 9),
(16082, 1793, 10, 10, 9, 10, 9, 10),
(16083, 1793, 10, 9, 10, 10, 9, 10),
(16084, 1793, 10, 10, 10, 9, 10, 10),
(16085, 1793, 9, 10, 9, 10, 9, 9),
(16086, 1794, 10, 10, 10, 10, 9, 10),
(16087, 1794, 10, 9, 10, 10, 10, 10),
(16088, 1794, 10, 10, 10, 10, 10, 10),
(16089, 1794, 10, 10, 9, 10, 9, 9),
(16090, 1794, 10, 10, 10, 10, 9, 9),
(16091, 1794, 9, 10, 10, 10, 10, 9),
(16092, 1795, 10, 10, 10, 10, 10, 10),
(16093, 1795, 10, 10, 10, 10, 10, 10),
(16094, 1795, 10, 10, 10, 10, 10, 10),
(16095, 1795, 10, 10, 10, 10, 10, 9),
(16096, 1795, 10, 10, 10, 10, 10, 9),
(16097, 1795, 10, 10, 10, 10, 10, 10),
(16098, 1796, 9, 9, 9, 9, 9, 9),
(16099, 1796, 9, 9, 9, 9, 9, 9),
(16100, 1796, 10, 9, 9, 9, 9, 9),
(16101, 1796, 9, 10, 9, 9, 9, 9),
(16102, 1796, 10, 9, 10, 9, 9, 10),
(16103, 1796, 9, 10, 9, 9, 10, 9),
(16104, 1797, 10, 10, 9, 10, 9, 9),
(16105, 1797, 9, 10, 10, 9, 10, 9),
(16106, 1797, 10, 10, 9, 10, 9, 10),
(16107, 1797, 10, 9, 10, 10, 9, 10),
(16108, 1797, 10, 10, 10, 9, 10, 10),
(16109, 1797, 9, 10, 9, 10, 9, 9),
(16110, 1798, 10, 10, 10, 10, 9, 10),
(16111, 1798, 10, 9, 10, 10, 10, 10),
(16112, 1798, 10, 10, 10, 10, 10, 10),
(16113, 1798, 10, 10, 9, 10, 9, 9),
(16114, 1798, 10, 10, 10, 10, 9, 9),
(16115, 1798, 9, 10, 10, 10, 10, 9),
(16116, 1799, 10, 10, 10, 10, 10, 10),
(16117, 1799, 10, 10, 10, 10, 10, 10),
(16118, 1799, 10, 10, 10, 10, 10, 10),
(16119, 1799, 10, 10, 10, 10, 10, 9),
(16120, 1799, 10, 10, 10, 10, 10, 9);
INSERT INTO `EndShot` (`EndShotID`, `RangeShotID`, `Arrow1`, `Arrow2`, `Arrow3`, `Arrow4`, `Arrow5`, `Arrow6`) VALUES
(16121, 1799, 10, 10, 10, 10, 10, 10),
(16122, 1800, 9, 9, 9, 9, 9, 9),
(16123, 1800, 9, 9, 9, 9, 9, 9),
(16124, 1800, 10, 9, 9, 9, 9, 9),
(16125, 1800, 9, 10, 9, 9, 9, 9),
(16126, 1800, 10, 9, 10, 9, 9, 10),
(16127, 1800, 9, 10, 9, 9, 10, 9),
(16128, 1801, 10, 10, 9, 10, 9, 9),
(16129, 1801, 9, 10, 10, 9, 10, 9),
(16130, 1801, 10, 10, 9, 10, 9, 10),
(16131, 1801, 10, 9, 10, 10, 9, 10),
(16132, 1801, 10, 10, 10, 9, 10, 10),
(16133, 1801, 9, 10, 9, 10, 9, 9),
(16134, 1802, 10, 10, 10, 10, 9, 10),
(16135, 1802, 10, 9, 10, 10, 10, 10),
(16136, 1802, 10, 10, 10, 10, 10, 10),
(16137, 1802, 10, 10, 9, 10, 9, 9),
(16138, 1802, 10, 10, 10, 10, 9, 9),
(16139, 1802, 9, 10, 10, 10, 10, 9),
(16140, 1803, 10, 10, 10, 10, 10, 10),
(16141, 1803, 10, 10, 10, 10, 10, 10),
(16142, 1803, 10, 10, 10, 10, 10, 10),
(16143, 1803, 10, 10, 10, 10, 10, 9),
(16144, 1803, 10, 10, 10, 10, 10, 9),
(16145, 1803, 10, 10, 10, 10, 10, 10),
(16146, 1804, 9, 9, 9, 9, 9, 9),
(16147, 1804, 9, 9, 9, 9, 9, 9),
(16148, 1804, 10, 9, 9, 9, 9, 9),
(16149, 1804, 9, 10, 9, 9, 9, 9),
(16150, 1804, 10, 9, 10, 9, 9, 10),
(16151, 1804, 9, 10, 9, 9, 10, 9),
(16152, 1805, 10, 10, 9, 10, 9, 9),
(16153, 1805, 9, 10, 10, 9, 10, 9),
(16154, 1805, 10, 10, 9, 10, 9, 10),
(16155, 1805, 10, 9, 10, 10, 9, 10),
(16156, 1805, 10, 10, 10, 9, 10, 10),
(16157, 1805, 9, 10, 9, 10, 9, 9),
(16158, 1806, 10, 10, 10, 10, 9, 10),
(16159, 1806, 10, 9, 10, 10, 10, 10),
(16160, 1806, 10, 10, 10, 10, 10, 10),
(16161, 1806, 10, 10, 9, 10, 9, 9),
(16162, 1806, 10, 10, 10, 10, 9, 9),
(16163, 1806, 9, 10, 10, 10, 10, 9),
(16164, 1807, 10, 10, 10, 10, 10, 10),
(16165, 1807, 10, 10, 10, 10, 10, 10),
(16166, 1807, 10, 10, 10, 10, 10, 10),
(16167, 1807, 10, 10, 10, 10, 10, 9),
(16168, 1807, 10, 10, 10, 10, 10, 9),
(16169, 1807, 10, 10, 10, 10, 10, 10),
(16170, 1808, 8, 8, 8, 8, 7, 7),
(16171, 1808, 8, 7, 8, 8, 8, 7),
(16172, 1808, 9, 8, 8, 8, 7, 8),
(16173, 1808, 8, 9, 8, 8, 8, 7),
(16174, 1808, 9, 8, 9, 8, 8, 8),
(16175, 1808, 8, 9, 8, 8, 8, 8),
(16176, 1809, 9, 9, 8, 9, 8, 8),
(16177, 1809, 8, 9, 9, 8, 9, 8),
(16178, 1809, 9, 9, 8, 9, 8, 9),
(16179, 1809, 9, 8, 9, 9, 8, 9),
(16180, 1809, 9, 9, 9, 8, 9, 9),
(16181, 1809, 8, 9, 8, 9, 8, 8),
(16182, 1810, 9, 9, 9, 9, 8, 8),
(16183, 1810, 8, 9, 9, 9, 9, 8),
(16184, 1810, 9, 9, 9, 9, 8, 9),
(16185, 1810, 9, 8, 9, 9, 9, 9),
(16186, 1810, 10, 9, 9, 9, 9, 9),
(16187, 1810, 9, 9, 8, 9, 8, 8),
(16188, 1811, 10, 9, 9, 9, 9, 9),
(16189, 1811, 9, 10, 9, 9, 9, 9),
(16190, 1811, 10, 9, 10, 9, 9, 10),
(16191, 1811, 9, 10, 9, 9, 10, 9),
(16192, 1811, 10, 10, 9, 10, 9, 9),
(16193, 1811, 9, 10, 9, 10, 9, 9),
(16194, 1812, 8, 8, 8, 8, 7, 7),
(16195, 1812, 8, 7, 8, 8, 8, 7),
(16196, 1812, 9, 8, 8, 8, 7, 8),
(16197, 1812, 8, 9, 8, 8, 8, 7),
(16198, 1812, 9, 8, 9, 8, 8, 8),
(16199, 1812, 8, 9, 8, 8, 8, 8),
(16200, 1813, 9, 9, 8, 9, 8, 8),
(16201, 1813, 8, 9, 9, 8, 9, 8),
(16202, 1813, 9, 9, 8, 9, 8, 9),
(16203, 1813, 9, 8, 9, 9, 8, 9),
(16204, 1813, 9, 9, 9, 8, 9, 9),
(16205, 1813, 8, 9, 8, 9, 8, 8),
(16206, 1814, 9, 9, 9, 9, 8, 8),
(16207, 1814, 8, 9, 9, 9, 9, 8),
(16208, 1814, 9, 9, 9, 9, 8, 9),
(16209, 1814, 9, 8, 9, 9, 9, 9),
(16210, 1814, 10, 9, 9, 9, 9, 9),
(16211, 1814, 9, 9, 8, 9, 8, 8),
(16212, 1815, 10, 9, 9, 9, 9, 9),
(16213, 1815, 9, 10, 9, 9, 9, 9),
(16214, 1815, 10, 9, 10, 9, 9, 10),
(16215, 1815, 9, 10, 9, 9, 10, 9),
(16216, 1815, 10, 10, 9, 10, 9, 9),
(16217, 1815, 9, 10, 9, 10, 9, 9),
(16218, 1816, 8, 8, 8, 8, 7, 7),
(16219, 1816, 8, 7, 8, 8, 8, 7),
(16220, 1816, 9, 8, 8, 8, 7, 8),
(16221, 1816, 8, 9, 8, 8, 8, 7),
(16222, 1816, 9, 8, 9, 8, 8, 8),
(16223, 1816, 8, 9, 8, 8, 8, 8),
(16224, 1817, 9, 9, 8, 9, 8, 8),
(16225, 1817, 8, 9, 9, 8, 9, 8),
(16226, 1817, 9, 9, 8, 9, 8, 9),
(16227, 1817, 9, 8, 9, 9, 8, 9),
(16228, 1817, 9, 9, 9, 8, 9, 9),
(16229, 1817, 8, 9, 8, 9, 8, 8),
(16230, 1818, 9, 9, 9, 9, 8, 8),
(16231, 1818, 8, 9, 9, 9, 9, 8),
(16232, 1818, 9, 9, 9, 9, 8, 9),
(16233, 1818, 9, 8, 9, 9, 9, 9),
(16234, 1818, 10, 9, 9, 9, 9, 9),
(16235, 1818, 9, 9, 8, 9, 8, 8),
(16236, 1819, 10, 9, 9, 9, 9, 9),
(16237, 1819, 9, 10, 9, 9, 9, 9),
(16238, 1819, 10, 9, 10, 9, 9, 10),
(16239, 1819, 9, 10, 9, 9, 10, 9),
(16240, 1819, 10, 10, 9, 10, 9, 9),
(16241, 1819, 9, 10, 9, 10, 9, 9),
(16242, 1820, 8, 8, 8, 8, 7, 7),
(16243, 1820, 8, 7, 8, 8, 8, 7),
(16244, 1820, 9, 8, 8, 8, 7, 8),
(16245, 1820, 8, 9, 8, 8, 8, 7),
(16246, 1820, 9, 8, 9, 8, 8, 8),
(16247, 1820, 8, 9, 8, 8, 8, 8),
(16248, 1821, 9, 9, 8, 9, 8, 8),
(16249, 1821, 8, 9, 9, 8, 9, 8),
(16250, 1821, 9, 9, 8, 9, 8, 9),
(16251, 1821, 9, 8, 9, 9, 8, 9),
(16252, 1821, 9, 9, 9, 8, 9, 9),
(16253, 1821, 8, 9, 8, 9, 8, 8),
(16254, 1822, 9, 9, 9, 9, 8, 8),
(16255, 1822, 8, 9, 9, 9, 9, 8),
(16256, 1822, 9, 9, 9, 9, 8, 9),
(16257, 1822, 9, 8, 9, 9, 9, 9),
(16258, 1822, 10, 9, 9, 9, 9, 9),
(16259, 1822, 9, 9, 8, 9, 8, 8),
(16260, 1823, 10, 9, 9, 9, 9, 9),
(16261, 1823, 9, 10, 9, 9, 9, 9),
(16262, 1823, 10, 9, 10, 9, 9, 10),
(16263, 1823, 9, 10, 9, 9, 10, 9),
(16264, 1823, 10, 10, 9, 10, 9, 9),
(16265, 1823, 9, 10, 9, 10, 9, 9),
(16266, 1824, 8, 8, 8, 8, 7, 7),
(16267, 1824, 8, 7, 8, 8, 8, 7),
(16268, 1824, 9, 8, 8, 8, 7, 8),
(16269, 1824, 8, 9, 8, 8, 8, 7),
(16270, 1824, 9, 8, 9, 8, 8, 8),
(16271, 1824, 8, 9, 8, 8, 8, 8),
(16272, 1825, 9, 9, 8, 9, 8, 8),
(16273, 1825, 8, 9, 9, 8, 9, 8),
(16274, 1825, 9, 9, 8, 9, 8, 9),
(16275, 1825, 9, 8, 9, 9, 8, 9),
(16276, 1825, 9, 9, 9, 8, 9, 9),
(16277, 1825, 8, 9, 8, 9, 8, 8),
(16278, 1826, 9, 9, 9, 9, 8, 8),
(16279, 1826, 8, 9, 9, 9, 9, 8),
(16280, 1826, 9, 9, 9, 9, 8, 9),
(16281, 1826, 9, 8, 9, 9, 9, 9),
(16282, 1826, 10, 9, 9, 9, 9, 9),
(16283, 1826, 9, 9, 8, 9, 8, 8),
(16284, 1827, 10, 9, 9, 9, 9, 9),
(16285, 1827, 9, 10, 9, 9, 9, 9),
(16286, 1827, 10, 9, 10, 9, 9, 10),
(16287, 1827, 9, 10, 9, 9, 10, 9),
(16288, 1827, 10, 10, 9, 10, 9, 9),
(16289, 1827, 9, 10, 9, 10, 9, 9),
(16290, 1828, 8, 8, 8, 8, 7, 7),
(16291, 1828, 8, 7, 8, 8, 8, 7),
(16292, 1828, 9, 8, 8, 8, 7, 8),
(16293, 1828, 8, 9, 8, 8, 8, 7),
(16294, 1828, 9, 8, 9, 8, 8, 8),
(16295, 1828, 8, 9, 8, 8, 8, 8),
(16296, 1829, 9, 9, 8, 9, 8, 8),
(16297, 1829, 8, 9, 9, 8, 9, 8),
(16298, 1829, 9, 9, 8, 9, 8, 9),
(16299, 1829, 9, 8, 9, 9, 8, 9),
(16300, 1829, 9, 9, 9, 8, 9, 9),
(16301, 1829, 8, 9, 8, 9, 8, 8),
(16302, 1830, 9, 9, 9, 9, 8, 8),
(16303, 1830, 8, 9, 9, 9, 9, 8),
(16304, 1830, 9, 9, 9, 9, 8, 9),
(16305, 1830, 9, 8, 9, 9, 9, 9),
(16306, 1830, 10, 9, 9, 9, 9, 9),
(16307, 1830, 9, 9, 8, 9, 8, 8),
(16308, 1831, 10, 9, 9, 9, 9, 9),
(16309, 1831, 9, 10, 9, 9, 9, 9),
(16310, 1831, 10, 9, 10, 9, 9, 10),
(16311, 1831, 9, 10, 9, 9, 10, 9),
(16312, 1831, 10, 10, 9, 10, 9, 9),
(16313, 1831, 9, 10, 9, 10, 9, 9),
(16314, 1832, 8, 8, 8, 8, 7, 7),
(16315, 1832, 8, 7, 8, 8, 8, 7),
(16316, 1832, 9, 8, 8, 8, 7, 8),
(16317, 1832, 8, 9, 8, 8, 8, 7),
(16318, 1832, 9, 8, 9, 8, 8, 8),
(16319, 1832, 8, 9, 8, 8, 8, 8),
(16320, 1833, 9, 9, 8, 9, 8, 8),
(16321, 1833, 8, 9, 9, 8, 9, 8),
(16322, 1833, 9, 9, 8, 9, 8, 9),
(16323, 1833, 9, 8, 9, 9, 8, 9),
(16324, 1833, 9, 9, 9, 8, 9, 9),
(16325, 1833, 8, 9, 8, 9, 8, 8),
(16326, 1834, 9, 9, 9, 9, 8, 8),
(16327, 1834, 8, 9, 9, 9, 9, 8),
(16328, 1834, 9, 9, 9, 9, 8, 9),
(16329, 1834, 9, 8, 9, 9, 9, 9),
(16330, 1834, 10, 9, 9, 9, 9, 9),
(16331, 1834, 9, 9, 8, 9, 8, 8),
(16332, 1835, 10, 9, 9, 9, 9, 9),
(16333, 1835, 9, 10, 9, 9, 9, 9),
(16334, 1835, 10, 9, 10, 9, 9, 10),
(16335, 1835, 9, 10, 9, 9, 10, 9),
(16336, 1835, 10, 10, 9, 10, 9, 9),
(16337, 1835, 9, 10, 9, 10, 9, 9),
(16338, 1836, 8, 8, 8, 8, 7, 7),
(16339, 1836, 8, 7, 8, 8, 8, 7),
(16340, 1836, 9, 8, 8, 8, 7, 8),
(16341, 1836, 8, 9, 8, 8, 8, 7),
(16342, 1836, 9, 8, 9, 8, 8, 8),
(16343, 1836, 8, 9, 8, 8, 8, 8),
(16344, 1837, 9, 9, 8, 9, 8, 8),
(16345, 1837, 8, 9, 9, 8, 9, 8),
(16346, 1837, 9, 9, 8, 9, 8, 9),
(16347, 1837, 9, 8, 9, 9, 8, 9),
(16348, 1837, 9, 9, 9, 8, 9, 9),
(16349, 1837, 8, 9, 8, 9, 8, 8),
(16350, 1838, 9, 9, 9, 9, 8, 8),
(16351, 1838, 8, 9, 9, 9, 9, 8),
(16352, 1838, 9, 9, 9, 9, 8, 9),
(16353, 1838, 9, 8, 9, 9, 9, 9),
(16354, 1838, 10, 9, 9, 9, 9, 9),
(16355, 1838, 9, 9, 8, 9, 8, 8),
(16356, 1839, 10, 9, 9, 9, 9, 9),
(16357, 1839, 9, 10, 9, 9, 9, 9),
(16358, 1839, 10, 9, 10, 9, 9, 10),
(16359, 1839, 9, 10, 9, 9, 10, 9),
(16360, 1839, 10, 10, 9, 10, 9, 9),
(16361, 1839, 9, 10, 9, 10, 9, 9),
(16362, 1840, 8, 8, 8, 8, 7, 7),
(16363, 1840, 8, 7, 8, 8, 8, 7),
(16364, 1840, 9, 8, 8, 8, 7, 8),
(16365, 1840, 8, 9, 8, 8, 8, 7),
(16366, 1840, 9, 8, 9, 8, 8, 8),
(16367, 1840, 8, 9, 8, 8, 8, 8),
(16368, 1841, 9, 9, 8, 9, 8, 8),
(16369, 1841, 8, 9, 9, 8, 9, 8),
(16370, 1841, 9, 9, 8, 9, 8, 9),
(16371, 1841, 9, 8, 9, 9, 8, 9),
(16372, 1841, 9, 9, 9, 8, 9, 9),
(16373, 1841, 8, 9, 8, 9, 8, 8),
(16374, 1842, 9, 9, 9, 9, 8, 8),
(16375, 1842, 8, 9, 9, 9, 9, 8),
(16376, 1842, 9, 9, 9, 9, 8, 9),
(16377, 1842, 9, 8, 9, 9, 9, 9),
(16378, 1842, 10, 9, 9, 9, 9, 9),
(16379, 1842, 9, 9, 8, 9, 8, 8),
(16380, 1843, 10, 9, 9, 9, 9, 9),
(16381, 1843, 9, 10, 9, 9, 9, 9),
(16382, 1843, 10, 9, 10, 9, 9, 10),
(16383, 1843, 9, 10, 9, 9, 10, 9),
(16384, 1843, 10, 10, 9, 10, 9, 9),
(16385, 1843, 9, 10, 9, 10, 9, 9),
(16386, 1844, 8, 8, 8, 8, 7, 7),
(16387, 1844, 8, 7, 8, 8, 8, 7),
(16388, 1844, 9, 8, 8, 8, 7, 8),
(16389, 1844, 8, 9, 8, 8, 8, 7),
(16390, 1844, 9, 8, 9, 8, 8, 8),
(16391, 1844, 8, 9, 8, 8, 8, 8),
(16392, 1845, 9, 9, 8, 9, 8, 8),
(16393, 1845, 8, 9, 9, 8, 9, 8),
(16394, 1845, 9, 9, 8, 9, 8, 9),
(16395, 1845, 9, 8, 9, 9, 8, 9),
(16396, 1845, 9, 9, 9, 8, 9, 9),
(16397, 1845, 8, 9, 8, 9, 8, 8),
(16398, 1846, 9, 9, 9, 9, 8, 8),
(16399, 1846, 8, 9, 9, 9, 9, 8),
(16400, 1846, 9, 9, 9, 9, 8, 9),
(16401, 1846, 9, 8, 9, 9, 9, 9),
(16402, 1846, 10, 9, 9, 9, 9, 9),
(16403, 1846, 9, 9, 8, 9, 8, 8),
(16404, 1847, 10, 9, 9, 9, 9, 9),
(16405, 1847, 9, 10, 9, 9, 9, 9),
(16406, 1847, 10, 9, 10, 9, 9, 10),
(16407, 1847, 9, 10, 9, 9, 10, 9),
(16408, 1847, 10, 10, 9, 10, 9, 9),
(16409, 1847, 9, 10, 9, 10, 9, 9),
(16410, 1848, 8, 8, 7, 7, 7, 7),
(16411, 1848, 7, 8, 8, 7, 8, 7),
(16412, 1848, 8, 8, 8, 8, 7, 8),
(16413, 1848, 8, 9, 8, 7, 8, 7),
(16414, 1848, 9, 8, 8, 8, 8, 8),
(16415, 1848, 8, 9, 8, 8, 8, 8),
(16416, 1849, 9, 8, 8, 9, 8, 8),
(16417, 1849, 8, 9, 9, 8, 9, 8),
(16418, 1849, 9, 9, 8, 9, 8, 9),
(16419, 1849, 9, 8, 9, 9, 8, 9),
(16420, 1849, 9, 9, 9, 8, 9, 9),
(16421, 1849, 8, 9, 8, 9, 8, 8),
(16422, 1850, 9, 9, 9, 9, 8, 8),
(16423, 1850, 8, 9, 9, 9, 9, 8),
(16424, 1850, 9, 9, 9, 9, 8, 9),
(16425, 1850, 9, 8, 9, 9, 9, 9),
(16426, 1850, 10, 9, 9, 9, 9, 9),
(16427, 1850, 9, 9, 8, 9, 8, 8),
(16428, 1851, 9, 9, 9, 9, 9, 9),
(16429, 1851, 9, 10, 9, 9, 9, 9),
(16430, 1851, 10, 9, 10, 9, 9, 9),
(16431, 1851, 9, 10, 9, 9, 10, 9),
(16432, 1851, 10, 10, 9, 10, 9, 9),
(16433, 1851, 9, 10, 9, 10, 9, 9),
(16434, 1852, 8, 8, 7, 7, 7, 7),
(16435, 1852, 7, 8, 8, 7, 8, 7),
(16436, 1852, 8, 8, 8, 8, 7, 8),
(16437, 1852, 8, 9, 8, 7, 8, 7),
(16438, 1852, 9, 8, 8, 8, 8, 8),
(16439, 1852, 8, 9, 8, 8, 8, 8),
(16440, 1853, 9, 8, 8, 9, 8, 8),
(16441, 1853, 8, 9, 9, 8, 9, 8),
(16442, 1853, 9, 9, 8, 9, 8, 9),
(16443, 1853, 9, 8, 9, 9, 8, 9),
(16444, 1853, 9, 9, 9, 8, 9, 9),
(16445, 1853, 8, 9, 8, 9, 8, 8),
(16446, 1854, 9, 9, 9, 9, 8, 8),
(16447, 1854, 8, 9, 9, 9, 9, 8),
(16448, 1854, 9, 9, 9, 9, 8, 9),
(16449, 1854, 9, 8, 9, 9, 9, 9),
(16450, 1854, 10, 9, 9, 9, 9, 9),
(16451, 1854, 9, 9, 8, 9, 8, 8),
(16452, 1855, 9, 9, 9, 9, 9, 9),
(16453, 1855, 9, 10, 9, 9, 9, 9),
(16454, 1855, 10, 9, 10, 9, 9, 9),
(16455, 1855, 9, 10, 9, 9, 10, 9),
(16456, 1855, 10, 10, 9, 10, 9, 9),
(16457, 1855, 9, 10, 9, 10, 9, 9),
(16458, 1856, 8, 8, 7, 7, 7, 7),
(16459, 1856, 7, 8, 8, 7, 8, 7),
(16460, 1856, 8, 8, 8, 8, 7, 8),
(16461, 1856, 8, 9, 8, 7, 8, 7),
(16462, 1856, 9, 8, 8, 8, 8, 8),
(16463, 1856, 8, 9, 8, 8, 8, 8),
(16464, 1857, 9, 8, 8, 9, 8, 8),
(16465, 1857, 8, 9, 9, 8, 9, 8),
(16466, 1857, 9, 9, 8, 9, 8, 9),
(16467, 1857, 9, 8, 9, 9, 8, 9),
(16468, 1857, 9, 9, 9, 8, 9, 9),
(16469, 1857, 8, 9, 8, 9, 8, 8),
(16470, 1858, 9, 9, 9, 9, 8, 8),
(16471, 1858, 8, 9, 9, 9, 9, 8),
(16472, 1858, 9, 9, 9, 9, 8, 9),
(16473, 1858, 9, 8, 9, 9, 9, 9),
(16474, 1858, 10, 9, 9, 9, 9, 9),
(16475, 1858, 9, 9, 8, 9, 8, 8),
(16476, 1859, 9, 9, 9, 9, 9, 9),
(16477, 1859, 9, 10, 9, 9, 9, 9),
(16478, 1859, 10, 9, 10, 9, 9, 9),
(16479, 1859, 9, 10, 9, 9, 10, 9),
(16480, 1859, 10, 10, 9, 10, 9, 9),
(16481, 1859, 9, 10, 9, 10, 9, 9),
(16482, 1860, 8, 8, 7, 7, 7, 7),
(16483, 1860, 7, 8, 8, 7, 8, 7),
(16484, 1860, 8, 8, 8, 8, 7, 8),
(16485, 1860, 8, 9, 8, 7, 8, 7),
(16486, 1860, 9, 8, 8, 8, 8, 8),
(16487, 1860, 8, 9, 8, 8, 8, 8),
(16488, 1861, 9, 8, 8, 9, 8, 8),
(16489, 1861, 8, 9, 9, 8, 9, 8),
(16490, 1861, 9, 9, 8, 9, 8, 9),
(16491, 1861, 9, 8, 9, 9, 8, 9),
(16492, 1861, 9, 9, 9, 8, 9, 9),
(16493, 1861, 8, 9, 8, 9, 8, 8),
(16494, 1862, 9, 9, 9, 9, 8, 8),
(16495, 1862, 8, 9, 9, 9, 9, 8),
(16496, 1862, 9, 9, 9, 9, 8, 9),
(16497, 1862, 9, 8, 9, 9, 9, 9),
(16498, 1862, 10, 9, 9, 9, 9, 9),
(16499, 1862, 9, 9, 8, 9, 8, 8),
(16500, 1863, 9, 9, 9, 9, 9, 9),
(16501, 1863, 9, 10, 9, 9, 9, 9),
(16502, 1863, 10, 9, 10, 9, 9, 9),
(16503, 1863, 9, 10, 9, 9, 10, 9),
(16504, 1863, 10, 10, 9, 10, 9, 9),
(16505, 1863, 9, 10, 9, 10, 9, 9),
(16506, 1864, 8, 8, 7, 7, 7, 7),
(16507, 1864, 7, 8, 8, 7, 8, 7),
(16508, 1864, 8, 8, 8, 8, 7, 8),
(16509, 1864, 8, 9, 8, 7, 8, 7),
(16510, 1864, 9, 8, 8, 8, 8, 8),
(16511, 1864, 8, 9, 8, 8, 8, 8),
(16512, 1865, 9, 8, 8, 9, 8, 8),
(16513, 1865, 8, 9, 9, 8, 9, 8),
(16514, 1865, 9, 9, 8, 9, 8, 9),
(16515, 1865, 9, 8, 9, 9, 8, 9),
(16516, 1865, 9, 9, 9, 8, 9, 9),
(16517, 1865, 8, 9, 8, 9, 8, 8),
(16518, 1866, 9, 9, 9, 9, 8, 8),
(16519, 1866, 8, 9, 9, 9, 9, 8),
(16520, 1866, 9, 9, 9, 9, 8, 9),
(16521, 1866, 9, 8, 9, 9, 9, 9),
(16522, 1866, 10, 9, 9, 9, 9, 9),
(16523, 1866, 9, 9, 8, 9, 8, 8),
(16524, 1867, 9, 9, 9, 9, 9, 9),
(16525, 1867, 9, 10, 9, 9, 9, 9),
(16526, 1867, 10, 9, 10, 9, 9, 9),
(16527, 1867, 9, 10, 9, 9, 10, 9),
(16528, 1867, 10, 10, 9, 10, 9, 9),
(16529, 1867, 9, 10, 9, 10, 9, 9),
(16530, 1868, 8, 8, 7, 7, 7, 7),
(16531, 1868, 7, 8, 8, 7, 8, 7),
(16532, 1868, 8, 8, 8, 8, 7, 8),
(16533, 1868, 8, 9, 8, 7, 8, 7),
(16534, 1868, 9, 8, 8, 8, 8, 8),
(16535, 1868, 8, 9, 8, 8, 8, 8),
(16536, 1869, 9, 8, 8, 9, 8, 8),
(16537, 1869, 8, 9, 9, 8, 9, 8),
(16538, 1869, 9, 9, 8, 9, 8, 9),
(16539, 1869, 9, 8, 9, 9, 8, 9),
(16540, 1869, 9, 9, 9, 8, 9, 9),
(16541, 1869, 8, 9, 8, 9, 8, 8),
(16542, 1870, 9, 9, 9, 9, 8, 8),
(16543, 1870, 8, 9, 9, 9, 9, 8),
(16544, 1870, 9, 9, 9, 9, 8, 9),
(16545, 1870, 9, 8, 9, 9, 9, 9),
(16546, 1870, 10, 9, 9, 9, 9, 9),
(16547, 1870, 9, 9, 8, 9, 8, 8),
(16548, 1871, 9, 9, 9, 9, 9, 9),
(16549, 1871, 9, 10, 9, 9, 9, 9),
(16550, 1871, 10, 9, 10, 9, 9, 9),
(16551, 1871, 9, 10, 9, 9, 10, 9),
(16552, 1871, 10, 10, 9, 10, 9, 9),
(16553, 1871, 9, 10, 9, 10, 9, 9),
(16554, 1872, 8, 8, 7, 7, 7, 7),
(16555, 1872, 7, 8, 8, 7, 8, 7),
(16556, 1872, 8, 8, 8, 8, 7, 8),
(16557, 1872, 8, 9, 8, 7, 8, 7),
(16558, 1872, 9, 8, 8, 8, 8, 8),
(16559, 1872, 8, 9, 8, 8, 8, 8),
(16560, 1873, 9, 8, 8, 9, 8, 8),
(16561, 1873, 8, 9, 9, 8, 9, 8),
(16562, 1873, 9, 9, 8, 9, 8, 9),
(16563, 1873, 9, 8, 9, 9, 8, 9),
(16564, 1873, 9, 9, 9, 8, 9, 9),
(16565, 1873, 8, 9, 8, 9, 8, 8),
(16566, 1874, 9, 9, 9, 9, 8, 8),
(16567, 1874, 8, 9, 9, 9, 9, 8),
(16568, 1874, 9, 9, 9, 9, 8, 9),
(16569, 1874, 9, 8, 9, 9, 9, 9),
(16570, 1874, 10, 9, 9, 9, 9, 9),
(16571, 1874, 9, 9, 8, 9, 8, 8),
(16572, 1875, 9, 9, 9, 9, 9, 9),
(16573, 1875, 9, 10, 9, 9, 9, 9),
(16574, 1875, 10, 9, 10, 9, 9, 9),
(16575, 1875, 9, 10, 9, 9, 10, 9),
(16576, 1875, 10, 10, 9, 10, 9, 9),
(16577, 1875, 9, 10, 9, 10, 9, 9),
(16578, 1876, 8, 8, 7, 7, 7, 7),
(16579, 1876, 7, 8, 8, 7, 8, 7),
(16580, 1876, 8, 8, 8, 8, 7, 8),
(16581, 1876, 8, 9, 8, 7, 8, 7),
(16582, 1876, 9, 8, 8, 8, 8, 8),
(16583, 1876, 8, 9, 8, 8, 8, 8),
(16584, 1877, 9, 8, 8, 9, 8, 8),
(16585, 1877, 8, 9, 9, 8, 9, 8),
(16586, 1877, 9, 9, 8, 9, 8, 9),
(16587, 1877, 9, 8, 9, 9, 8, 9),
(16588, 1877, 9, 9, 9, 8, 9, 9),
(16589, 1877, 8, 9, 8, 9, 8, 8),
(16590, 1878, 9, 9, 9, 9, 8, 8),
(16591, 1878, 8, 9, 9, 9, 9, 8),
(16592, 1878, 9, 9, 9, 9, 8, 9),
(16593, 1878, 9, 8, 9, 9, 9, 9),
(16594, 1878, 10, 9, 9, 9, 9, 9),
(16595, 1878, 9, 9, 8, 9, 8, 8),
(16596, 1879, 9, 9, 9, 9, 9, 9),
(16597, 1879, 9, 10, 9, 9, 9, 9),
(16598, 1879, 10, 9, 10, 9, 9, 9),
(16599, 1879, 9, 10, 9, 9, 10, 9),
(16600, 1879, 10, 10, 9, 10, 9, 9),
(16601, 1879, 9, 10, 9, 10, 9, 9),
(16602, 1880, 8, 8, 7, 7, 7, 7),
(16603, 1880, 7, 8, 8, 7, 8, 7),
(16604, 1880, 8, 8, 8, 8, 7, 8),
(16605, 1880, 8, 9, 8, 7, 8, 7),
(16606, 1880, 9, 8, 8, 8, 8, 8),
(16607, 1880, 8, 9, 8, 8, 8, 8),
(16608, 1881, 9, 8, 8, 9, 8, 8),
(16609, 1881, 8, 9, 9, 8, 9, 8),
(16610, 1881, 9, 9, 8, 9, 8, 9),
(16611, 1881, 9, 8, 9, 9, 8, 9),
(16612, 1881, 9, 9, 9, 8, 9, 9),
(16613, 1881, 8, 9, 8, 9, 8, 8),
(16614, 1882, 9, 9, 9, 9, 8, 8),
(16615, 1882, 8, 9, 9, 9, 9, 8),
(16616, 1882, 9, 9, 9, 9, 8, 9),
(16617, 1882, 9, 8, 9, 9, 9, 9),
(16618, 1882, 10, 9, 9, 9, 9, 9),
(16619, 1882, 9, 9, 8, 9, 8, 8),
(16620, 1883, 9, 9, 9, 9, 9, 9),
(16621, 1883, 9, 10, 9, 9, 9, 9),
(16622, 1883, 10, 9, 10, 9, 9, 9),
(16623, 1883, 9, 10, 9, 9, 10, 9),
(16624, 1883, 10, 10, 9, 10, 9, 9),
(16625, 1883, 9, 10, 9, 10, 9, 9),
(16626, 1884, 8, 8, 7, 7, 7, 7),
(16627, 1884, 7, 8, 8, 7, 8, 7),
(16628, 1884, 8, 8, 8, 8, 7, 8),
(16629, 1884, 8, 9, 8, 7, 8, 7),
(16630, 1884, 9, 8, 8, 8, 8, 8),
(16631, 1884, 8, 9, 8, 8, 8, 8),
(16632, 1885, 9, 8, 8, 9, 8, 8),
(16633, 1885, 8, 9, 9, 8, 9, 8),
(16634, 1885, 9, 9, 8, 9, 8, 9),
(16635, 1885, 9, 8, 9, 9, 8, 9),
(16636, 1885, 9, 9, 9, 8, 9, 9),
(16637, 1885, 8, 9, 8, 9, 8, 8),
(16638, 1886, 9, 9, 9, 9, 8, 8),
(16639, 1886, 8, 9, 9, 9, 9, 8),
(16640, 1886, 9, 9, 9, 9, 8, 9),
(16641, 1886, 9, 8, 9, 9, 9, 9),
(16642, 1886, 10, 9, 9, 9, 9, 9),
(16643, 1886, 9, 9, 8, 9, 8, 8),
(16644, 1887, 9, 9, 9, 9, 9, 9),
(16645, 1887, 9, 10, 9, 9, 9, 9),
(16646, 1887, 10, 9, 10, 9, 9, 9),
(16647, 1887, 9, 10, 9, 9, 10, 9),
(16648, 1887, 10, 10, 9, 10, 9, 9),
(16649, 1887, 9, 10, 9, 10, 9, 9),
(16650, 1888, 8, 8, 7, 7, 7, 7),
(16651, 1888, 7, 8, 8, 7, 8, 7),
(16652, 1888, 8, 8, 8, 8, 7, 8),
(16653, 1888, 8, 9, 8, 7, 8, 7),
(16654, 1888, 9, 8, 8, 8, 8, 8),
(16655, 1888, 8, 9, 8, 8, 8, 8),
(16656, 1889, 9, 8, 8, 9, 8, 8),
(16657, 1889, 8, 9, 9, 8, 9, 8),
(16658, 1889, 9, 9, 8, 9, 8, 9),
(16659, 1889, 9, 8, 9, 9, 8, 9),
(16660, 1889, 9, 9, 9, 8, 9, 9),
(16661, 1889, 8, 9, 8, 9, 8, 8),
(16662, 1890, 9, 9, 9, 9, 8, 8),
(16663, 1890, 8, 9, 9, 9, 9, 8),
(16664, 1890, 9, 9, 9, 9, 8, 9),
(16665, 1890, 9, 8, 9, 9, 9, 9),
(16666, 1890, 10, 9, 9, 9, 9, 9),
(16667, 1890, 9, 9, 8, 9, 8, 8),
(16668, 1891, 9, 9, 9, 9, 9, 9),
(16669, 1891, 9, 10, 9, 9, 9, 9),
(16670, 1891, 10, 9, 10, 9, 9, 9),
(16671, 1891, 9, 10, 9, 9, 10, 9),
(16672, 1891, 10, 10, 9, 10, 9, 9),
(16673, 1891, 9, 10, 9, 10, 9, 9),
(16674, 1892, 8, 8, 7, 7, 7, 7),
(16675, 1892, 7, 8, 8, 7, 8, 7),
(16676, 1892, 8, 8, 8, 8, 7, 8),
(16677, 1892, 8, 9, 8, 7, 8, 7),
(16678, 1892, 9, 8, 8, 8, 8, 8),
(16679, 1892, 8, 9, 8, 8, 8, 8),
(16680, 1893, 9, 8, 8, 9, 8, 8),
(16681, 1893, 8, 9, 9, 8, 9, 8),
(16682, 1893, 9, 9, 8, 9, 8, 9),
(16683, 1893, 9, 8, 9, 9, 8, 9),
(16684, 1893, 9, 9, 9, 8, 9, 9),
(16685, 1893, 8, 9, 8, 9, 8, 8),
(16686, 1894, 9, 9, 9, 9, 8, 8),
(16687, 1894, 8, 9, 9, 9, 9, 8),
(16688, 1894, 9, 9, 9, 9, 8, 9),
(16689, 1894, 9, 8, 9, 9, 9, 9),
(16690, 1894, 10, 9, 9, 9, 9, 9),
(16691, 1894, 9, 9, 8, 9, 8, 8),
(16692, 1895, 9, 9, 9, 9, 9, 9),
(16693, 1895, 9, 10, 9, 9, 9, 9),
(16694, 1895, 10, 9, 10, 9, 9, 9),
(16695, 1895, 9, 10, 9, 9, 10, 9),
(16696, 1895, 10, 10, 9, 10, 9, 9),
(16697, 1895, 9, 10, 9, 10, 9, 9),
(16698, 1896, 8, 8, 7, 7, 7, 7),
(16699, 1896, 7, 8, 8, 7, 8, 7),
(16700, 1896, 8, 8, 8, 8, 7, 8),
(16701, 1896, 8, 9, 8, 7, 8, 7),
(16702, 1896, 9, 8, 8, 8, 8, 8),
(16703, 1896, 8, 9, 8, 8, 8, 8),
(16704, 1897, 9, 8, 8, 9, 8, 8),
(16705, 1897, 8, 9, 9, 8, 9, 8),
(16706, 1897, 9, 9, 8, 9, 8, 9),
(16707, 1897, 9, 8, 9, 9, 8, 9),
(16708, 1897, 9, 9, 9, 8, 9, 9),
(16709, 1897, 8, 9, 8, 9, 8, 8),
(16710, 1898, 9, 9, 9, 9, 8, 8),
(16711, 1898, 8, 9, 9, 9, 9, 8),
(16712, 1898, 9, 9, 9, 9, 8, 9),
(16713, 1898, 9, 8, 9, 9, 9, 9),
(16714, 1898, 10, 9, 9, 9, 9, 9),
(16715, 1898, 9, 9, 8, 9, 8, 8),
(16716, 1899, 9, 9, 9, 9, 9, 9),
(16717, 1899, 9, 10, 9, 9, 9, 9),
(16718, 1899, 10, 9, 10, 9, 9, 9),
(16719, 1899, 9, 10, 9, 9, 10, 9),
(16720, 1899, 10, 10, 9, 10, 9, 9),
(16721, 1899, 9, 10, 9, 10, 9, 9),
(16722, 1900, 8, 8, 7, 7, 7, 7),
(16723, 1900, 7, 8, 8, 7, 8, 7),
(16724, 1900, 8, 8, 8, 8, 7, 8),
(16725, 1900, 8, 9, 8, 7, 8, 7),
(16726, 1900, 9, 8, 8, 8, 8, 8),
(16727, 1900, 8, 9, 8, 8, 8, 8),
(16728, 1901, 9, 8, 8, 9, 8, 8),
(16729, 1901, 8, 9, 9, 8, 9, 8),
(16730, 1901, 9, 9, 8, 9, 8, 9),
(16731, 1901, 9, 8, 9, 9, 8, 9),
(16732, 1901, 9, 9, 9, 8, 9, 9),
(16733, 1901, 8, 9, 8, 9, 8, 8),
(16734, 1902, 9, 9, 9, 9, 8, 8),
(16735, 1902, 8, 9, 9, 9, 9, 8),
(16736, 1902, 9, 9, 9, 9, 8, 9),
(16737, 1902, 9, 8, 9, 9, 9, 9),
(16738, 1902, 10, 9, 9, 9, 9, 9),
(16739, 1902, 9, 9, 8, 9, 8, 8),
(16740, 1903, 9, 9, 9, 9, 9, 9),
(16741, 1903, 9, 10, 9, 9, 9, 9),
(16742, 1903, 10, 9, 10, 9, 9, 9),
(16743, 1903, 9, 10, 9, 9, 10, 9),
(16744, 1903, 10, 10, 9, 10, 9, 9),
(16745, 1903, 9, 10, 9, 10, 9, 9),
(16746, 1904, 8, 8, 7, 7, 7, 7),
(16747, 1904, 7, 8, 8, 7, 8, 7),
(16748, 1904, 8, 8, 8, 8, 7, 8),
(16749, 1904, 8, 9, 8, 7, 8, 7),
(16750, 1904, 9, 8, 8, 8, 8, 8),
(16751, 1904, 8, 9, 8, 8, 8, 8),
(16752, 1905, 9, 8, 8, 9, 8, 8),
(16753, 1905, 8, 9, 9, 8, 9, 8),
(16754, 1905, 9, 9, 8, 9, 8, 9),
(16755, 1905, 9, 8, 9, 9, 8, 9),
(16756, 1905, 9, 9, 9, 8, 9, 9),
(16757, 1905, 8, 9, 8, 9, 8, 8),
(16758, 1906, 9, 9, 9, 9, 8, 8),
(16759, 1906, 8, 9, 9, 9, 9, 8),
(16760, 1906, 9, 9, 9, 9, 8, 9),
(16761, 1906, 9, 8, 9, 9, 9, 9),
(16762, 1906, 10, 9, 9, 9, 9, 9),
(16763, 1906, 9, 9, 8, 9, 8, 8),
(16764, 1907, 9, 9, 9, 9, 9, 9),
(16765, 1907, 9, 10, 9, 9, 9, 9),
(16766, 1907, 10, 9, 10, 9, 9, 9),
(16767, 1907, 9, 10, 9, 9, 10, 9),
(16768, 1907, 10, 10, 9, 10, 9, 9),
(16769, 1907, 9, 10, 9, 10, 9, 9),
(16770, 1908, 8, 8, 7, 7, 7, 7),
(16771, 1908, 7, 8, 8, 7, 8, 7),
(16772, 1908, 8, 8, 8, 8, 7, 8),
(16773, 1908, 8, 9, 8, 7, 8, 7),
(16774, 1908, 9, 8, 8, 8, 8, 8),
(16775, 1908, 8, 9, 8, 8, 8, 8),
(16776, 1909, 9, 8, 8, 9, 8, 8),
(16777, 1909, 8, 9, 9, 8, 9, 8),
(16778, 1909, 9, 9, 8, 9, 8, 9),
(16779, 1909, 9, 8, 9, 9, 8, 9),
(16780, 1909, 9, 9, 9, 8, 9, 9),
(16781, 1909, 8, 9, 8, 9, 8, 8),
(16782, 1910, 9, 9, 9, 9, 8, 8),
(16783, 1910, 8, 9, 9, 9, 9, 8),
(16784, 1910, 9, 9, 9, 9, 8, 9),
(16785, 1910, 9, 8, 9, 9, 9, 9),
(16786, 1910, 10, 9, 9, 9, 9, 9),
(16787, 1910, 9, 9, 8, 9, 8, 8),
(16788, 1911, 9, 9, 9, 9, 9, 9),
(16789, 1911, 9, 10, 9, 9, 9, 9),
(16790, 1911, 10, 9, 10, 9, 9, 9),
(16791, 1911, 9, 10, 9, 9, 10, 9),
(16792, 1911, 10, 10, 9, 10, 9, 9),
(16793, 1911, 9, 10, 9, 10, 9, 9),
(16794, 1912, 8, 8, 7, 7, 7, 7),
(16795, 1912, 7, 8, 8, 7, 8, 7),
(16796, 1912, 8, 8, 8, 8, 7, 8),
(16797, 1912, 8, 9, 8, 7, 8, 7),
(16798, 1912, 9, 8, 8, 8, 8, 8),
(16799, 1912, 8, 9, 8, 8, 8, 8),
(16800, 1913, 9, 8, 8, 9, 8, 8),
(16801, 1913, 8, 9, 9, 8, 9, 8),
(16802, 1913, 9, 9, 8, 9, 8, 9),
(16803, 1913, 9, 8, 9, 9, 8, 9),
(16804, 1913, 9, 9, 9, 8, 9, 9),
(16805, 1913, 8, 9, 8, 9, 8, 8),
(16806, 1914, 9, 9, 9, 9, 8, 8),
(16807, 1914, 8, 9, 9, 9, 9, 8),
(16808, 1914, 9, 9, 9, 9, 8, 9),
(16809, 1914, 9, 8, 9, 9, 9, 9),
(16810, 1914, 10, 9, 9, 9, 9, 9),
(16811, 1914, 9, 9, 8, 9, 8, 8),
(16812, 1915, 9, 9, 9, 9, 9, 9),
(16813, 1915, 9, 10, 9, 9, 9, 9),
(16814, 1915, 10, 9, 10, 9, 9, 9),
(16815, 1915, 9, 10, 9, 9, 10, 9),
(16816, 1915, 10, 10, 9, 10, 9, 9),
(16817, 1915, 9, 10, 9, 10, 9, 9),
(16818, 1916, 8, 8, 7, 7, 7, 7),
(16819, 1916, 7, 8, 8, 7, 8, 7),
(16820, 1916, 8, 8, 8, 8, 7, 8),
(16821, 1916, 8, 9, 8, 7, 8, 7),
(16822, 1916, 9, 8, 8, 8, 8, 8),
(16823, 1916, 8, 9, 8, 8, 8, 8),
(16824, 1917, 9, 8, 8, 9, 8, 8),
(16825, 1917, 8, 9, 9, 8, 9, 8),
(16826, 1917, 9, 9, 8, 9, 8, 9),
(16827, 1917, 9, 8, 9, 9, 8, 9),
(16828, 1917, 9, 9, 9, 8, 9, 9),
(16829, 1917, 8, 9, 8, 9, 8, 8),
(16830, 1918, 9, 9, 9, 9, 8, 8),
(16831, 1918, 8, 9, 9, 9, 9, 8),
(16832, 1918, 9, 9, 9, 9, 8, 9),
(16833, 1918, 9, 8, 9, 9, 9, 9),
(16834, 1918, 10, 9, 9, 9, 9, 9),
(16835, 1918, 9, 9, 8, 9, 8, 8),
(16836, 1919, 9, 9, 9, 9, 9, 9),
(16837, 1919, 9, 10, 9, 9, 9, 9),
(16838, 1919, 10, 9, 10, 9, 9, 9),
(16839, 1919, 9, 10, 9, 9, 10, 9),
(16840, 1919, 10, 10, 9, 10, 9, 9),
(16841, 1919, 9, 10, 9, 10, 9, 9),
(16842, 1920, 8, 8, 7, 7, 7, 7),
(16843, 1920, 7, 8, 8, 7, 8, 7),
(16844, 1920, 8, 8, 8, 8, 7, 8),
(16845, 1920, 8, 9, 8, 7, 8, 7),
(16846, 1920, 9, 8, 8, 8, 8, 8),
(16847, 1920, 8, 9, 8, 8, 8, 8),
(16848, 1921, 9, 8, 8, 9, 8, 8),
(16849, 1921, 8, 9, 9, 8, 9, 8),
(16850, 1921, 9, 9, 8, 9, 8, 9),
(16851, 1921, 9, 8, 9, 9, 8, 9),
(16852, 1921, 9, 9, 9, 8, 9, 9),
(16853, 1921, 8, 9, 8, 9, 8, 8),
(16854, 1922, 9, 9, 9, 9, 8, 8),
(16855, 1922, 8, 9, 9, 9, 9, 8),
(16856, 1922, 9, 9, 9, 9, 8, 9),
(16857, 1922, 9, 8, 9, 9, 9, 9),
(16858, 1922, 10, 9, 9, 9, 9, 9),
(16859, 1922, 9, 9, 8, 9, 8, 8),
(16860, 1923, 9, 9, 9, 9, 9, 9),
(16861, 1923, 9, 10, 9, 9, 9, 9),
(16862, 1923, 10, 9, 10, 9, 9, 9),
(16863, 1923, 9, 10, 9, 9, 10, 9),
(16864, 1923, 10, 10, 9, 10, 9, 9),
(16865, 1923, 9, 10, 9, 10, 9, 9),
(16866, 1924, 8, 8, 7, 7, 7, 7),
(16867, 1924, 7, 8, 8, 7, 8, 7),
(16868, 1924, 8, 8, 8, 8, 7, 8),
(16869, 1924, 8, 9, 8, 7, 8, 7),
(16870, 1924, 9, 8, 8, 8, 8, 8),
(16871, 1924, 8, 9, 8, 8, 8, 8),
(16872, 1925, 9, 8, 8, 9, 8, 8),
(16873, 1925, 8, 9, 9, 8, 9, 8),
(16874, 1925, 9, 9, 8, 9, 8, 9),
(16875, 1925, 9, 8, 9, 9, 8, 9),
(16876, 1925, 9, 9, 9, 8, 9, 9),
(16877, 1925, 8, 9, 8, 9, 8, 8),
(16878, 1926, 9, 9, 9, 9, 8, 8),
(16879, 1926, 8, 9, 9, 9, 9, 8),
(16880, 1926, 9, 9, 9, 9, 8, 9),
(16881, 1926, 9, 8, 9, 9, 9, 9),
(16882, 1926, 10, 9, 9, 9, 9, 9),
(16883, 1926, 9, 9, 8, 9, 8, 8),
(16884, 1927, 9, 9, 9, 9, 9, 9),
(16885, 1927, 9, 10, 9, 9, 9, 9),
(16886, 1927, 10, 9, 10, 9, 9, 9),
(16887, 1927, 9, 10, 9, 9, 10, 9),
(16888, 1927, 10, 10, 9, 10, 9, 9),
(16889, 1927, 9, 10, 9, 10, 9, 9),
(16890, 1928, 10, 10, 10, 9, 10, 9),
(16891, 1928, 10, 9, 10, 10, 9, 10),
(16892, 1928, 10, 10, 9, 10, 10, 10),
(16893, 1928, 10, 10, 10, 9, 10, 9),
(16894, 1928, 10, 10, 9, 10, 9, 10),
(16895, 1928, 10, 10, 10, 9, 10, 10),
(16896, 1929, 10, 10, 10, 10, 9, 10),
(16897, 1929, 10, 10, 9, 10, 10, 9),
(16898, 1929, 10, 10, 10, 9, 10, 10),
(16899, 1929, 10, 10, 10, 10, 9, 10),
(16900, 1929, 10, 9, 10, 10, 10, 10),
(16901, 1929, 10, 10, 9, 10, 9, 10),
(16902, 1930, 10, 10, 10, 10, 10, 9),
(16903, 1930, 10, 10, 10, 10, 9, 10),
(16904, 1930, 10, 10, 10, 10, 10, 10),
(16905, 1930, 10, 10, 9, 10, 10, 10),
(16906, 1930, 10, 10, 10, 9, 10, 10),
(16907, 1930, 10, 10, 10, 10, 9, 10),
(16908, 1931, 10, 10, 10, 10, 10, 10),
(16909, 1931, 10, 10, 10, 10, 10, 10),
(16910, 1931, 10, 10, 10, 10, 10, 10),
(16911, 1931, 10, 10, 10, 10, 10, 10),
(16912, 1931, 10, 10, 10, 10, 10, 10),
(16913, 1931, 10, 10, 10, 10, 10, 10),
(16914, 1932, 10, 10, 9, 10, 9, 9),
(16915, 1932, 10, 10, 10, 9, 9, 10),
(16916, 1932, 10, 9, 10, 10, 9, 10),
(16917, 1932, 10, 10, 9, 10, 9, 10),
(16918, 1932, 9, 10, 10, 9, 10, 9),
(16919, 1932, 10, 10, 9, 10, 9, 9),
(16920, 1933, 10, 10, 9, 10, 9, 10),
(16921, 1933, 10, 9, 10, 10, 9, 10),
(16922, 1933, 10, 10, 10, 9, 10, 9),
(16923, 1933, 10, 10, 9, 10, 9, 9),
(16924, 1933, 10, 10, 10, 9, 10, 10),
(16925, 1933, 10, 9, 10, 10, 9, 10),
(16926, 1934, 10, 10, 10, 9, 10, 9),
(16927, 1934, 10, 10, 9, 10, 10, 9),
(16928, 1934, 10, 10, 10, 10, 9, 10),
(16929, 1934, 10, 9, 10, 10, 10, 9),
(16930, 1934, 10, 10, 9, 10, 10, 10),
(16931, 1934, 10, 10, 9, 10, 9, 10),
(16932, 1935, 10, 10, 10, 10, 10, 10),
(16933, 1935, 10, 10, 10, 10, 10, 9),
(16934, 1935, 10, 10, 10, 10, 10, 10),
(16935, 1935, 10, 10, 10, 10, 10, 9),
(16936, 1935, 10, 10, 10, 10, 10, 10),
(16937, 1935, 10, 10, 10, 10, 9, 10),
(16938, 1936, 10, 9, 9, 10, 9, 9),
(16939, 1936, 9, 10, 9, 9, 10, 9),
(16940, 1936, 10, 9, 10, 9, 9, 9),
(16941, 1936, 9, 10, 9, 10, 9, 8),
(16942, 1936, 10, 9, 9, 10, 9, 9),
(16943, 1936, 9, 10, 9, 9, 9, 8),
(16944, 1937, 10, 9, 10, 9, 9, 9),
(16945, 1937, 9, 10, 10, 9, 9, 10),
(16946, 1937, 10, 9, 10, 10, 9, 9),
(16947, 1937, 10, 10, 9, 9, 10, 9),
(16948, 1937, 9, 10, 9, 10, 9, 9),
(16949, 1937, 10, 9, 10, 9, 9, 10),
(16950, 1938, 10, 10, 9, 10, 9, 9),
(16951, 1938, 9, 10, 10, 9, 10, 9),
(16952, 1938, 10, 9, 10, 10, 9, 10),
(16953, 1938, 10, 10, 9, 10, 9, 9),
(16954, 1938, 9, 10, 10, 9, 10, 9),
(16955, 1938, 10, 9, 10, 10, 9, 10),
(16956, 1939, 10, 10, 10, 10, 9, 10),
(16957, 1939, 10, 10, 9, 10, 10, 9),
(16958, 1939, 10, 10, 10, 10, 9, 10),
(16959, 1939, 10, 9, 10, 10, 10, 9),
(16960, 1939, 10, 10, 10, 9, 10, 10),
(16961, 1939, 10, 10, 9, 10, 9, 10),
(16962, 1940, 9, 10, 9, 9, 9, 8),
(16963, 1940, 10, 9, 9, 9, 9, 9),
(16964, 1940, 9, 10, 9, 9, 9, 8),
(16965, 1940, 10, 9, 9, 10, 8, 9),
(16966, 1940, 9, 9, 10, 9, 9, 8),
(16967, 1940, 10, 9, 9, 9, 9, 9),
(16968, 1941, 10, 9, 9, 10, 9, 9),
(16969, 1941, 9, 10, 9, 9, 10, 9),
(16970, 1941, 10, 9, 10, 9, 9, 9),
(16971, 1941, 9, 10, 9, 10, 9, 8),
(16972, 1941, 10, 9, 9, 10, 9, 9),
(16973, 1941, 9, 10, 9, 9, 9, 10),
(16974, 1942, 10, 9, 10, 9, 9, 9),
(16975, 1942, 9, 10, 9, 10, 9, 9),
(16976, 1942, 10, 9, 10, 10, 9, 9),
(16977, 1942, 9, 10, 9, 9, 10, 9),
(16978, 1942, 10, 9, 10, 9, 9, 10),
(16979, 1942, 9, 10, 9, 10, 9, 9),
(16980, 1943, 10, 10, 9, 10, 9, 9),
(16981, 1943, 9, 10, 10, 9, 10, 9),
(16982, 1943, 10, 9, 10, 10, 9, 9),
(16983, 1943, 9, 10, 9, 10, 9, 9),
(16984, 1943, 10, 9, 10, 9, 9, 10),
(16985, 1943, 9, 10, 9, 10, 9, 9),
(16986, 1944, 9, 9, 9, 8, 9, 8),
(16987, 1944, 8, 9, 9, 9, 9, 8),
(16988, 1944, 9, 9, 8, 9, 9, 8),
(16989, 1944, 9, 8, 9, 9, 8, 9),
(16990, 1944, 8, 9, 9, 8, 9, 9),
(16991, 1944, 9, 9, 8, 9, 8, 9),
(16992, 1945, 9, 9, 9, 9, 8, 9),
(16993, 1945, 8, 9, 9, 9, 9, 8),
(16994, 1945, 9, 9, 8, 9, 9, 9),
(16995, 1945, 9, 8, 9, 9, 9, 9),
(16996, 1945, 9, 9, 9, 8, 9, 9),
(16997, 1945, 8, 9, 9, 9, 9, 8),
(16998, 1946, 9, 9, 9, 9, 9, 9),
(16999, 1946, 9, 9, 8, 9, 9, 9),
(17000, 1946, 9, 9, 9, 9, 8, 9),
(17001, 1946, 9, 9, 9, 8, 9, 9),
(17002, 1946, 9, 9, 9, 9, 9, 9),
(17003, 1946, 9, 9, 8, 9, 9, 9),
(17004, 1947, 10, 9, 10, 9, 9, 9),
(17005, 1947, 9, 10, 9, 10, 9, 9),
(17006, 1947, 10, 9, 10, 10, 9, 9),
(17007, 1947, 9, 10, 9, 9, 10, 9),
(17008, 1947, 10, 9, 10, 9, 9, 10),
(17009, 1947, 9, 10, 9, 10, 9, 9),
(17010, 1948, 9, 8, 9, 8, 8, 8),
(17011, 1948, 8, 9, 9, 8, 9, 8),
(17012, 1948, 9, 8, 8, 9, 8, 9),
(17013, 1948, 8, 9, 8, 9, 8, 8),
(17014, 1948, 9, 8, 9, 8, 8, 9),
(17015, 1948, 8, 9, 8, 9, 8, 8),
(17016, 1949, 9, 9, 8, 9, 8, 9),
(17017, 1949, 8, 9, 9, 8, 9, 8),
(17018, 1949, 9, 8, 9, 9, 8, 9),
(17019, 1949, 8, 9, 8, 9, 9, 8),
(17020, 1949, 9, 8, 9, 8, 9, 9),
(17021, 1949, 8, 9, 9, 8, 9, 8),
(17022, 1950, 9, 9, 9, 8, 9, 9),
(17023, 1950, 8, 9, 9, 9, 9, 8),
(17024, 1950, 9, 9, 8, 9, 9, 9),
(17025, 1950, 9, 8, 9, 9, 9, 8),
(17026, 1950, 9, 9, 9, 8, 9, 9),
(17027, 1950, 8, 9, 9, 9, 9, 8),
(17028, 1951, 10, 9, 10, 9, 9, 10),
(17029, 1951, 9, 10, 9, 10, 9, 9),
(17030, 1951, 10, 9, 10, 10, 9, 9),
(17031, 1951, 9, 10, 9, 9, 10, 9),
(17032, 1951, 10, 9, 10, 9, 9, 10),
(17033, 1951, 9, 10, 9, 10, 9, 10),
(17034, 1952, 8, 8, 8, 8, 7, 8),
(17035, 1952, 7, 8, 8, 8, 8, 7),
(17036, 1952, 8, 8, 7, 8, 8, 8),
(17037, 1952, 8, 7, 8, 8, 8, 8),
(17038, 1952, 8, 8, 8, 7, 8, 8),
(17039, 1952, 7, 8, 8, 8, 8, 8),
(17040, 1953, 8, 9, 8, 8, 8, 9),
(17041, 1953, 9, 8, 8, 9, 8, 8),
(17042, 1953, 8, 9, 8, 8, 9, 8),
(17043, 1953, 9, 8, 9, 8, 8, 9),
(17044, 1953, 8, 9, 8, 9, 8, 8),
(17045, 1953, 9, 8, 8, 9, 8, 9),
(17046, 1954, 9, 9, 8, 9, 8, 9),
(17047, 1954, 8, 9, 9, 8, 9, 8),
(17048, 1954, 9, 8, 9, 9, 8, 9),
(17049, 1954, 8, 9, 8, 9, 9, 8),
(17050, 1954, 9, 8, 9, 8, 9, 9),
(17051, 1954, 8, 9, 9, 8, 9, 8),
(17052, 1955, 10, 9, 10, 9, 9, 10),
(17053, 1955, 9, 10, 9, 10, 9, 9),
(17054, 1955, 10, 9, 10, 10, 9, 9),
(17055, 1955, 9, 10, 9, 9, 10, 9),
(17056, 1955, 10, 9, 10, 9, 9, 10),
(17057, 1955, 9, 10, 9, 10, 9, 10),
(17058, 1956, 8, 8, 7, 8, 7, 8),
(17059, 1956, 7, 8, 8, 7, 8, 7),
(17060, 1956, 8, 8, 8, 8, 7, 8),
(17061, 1956, 8, 7, 8, 8, 8, 7),
(17062, 1956, 8, 8, 7, 8, 8, 8),
(17063, 1956, 7, 8, 8, 8, 8, 7),
(17064, 1957, 8, 8, 8, 8, 7, 8),
(17065, 1957, 7, 8, 8, 8, 8, 7),
(17066, 1957, 8, 8, 7, 8, 8, 8),
(17067, 1957, 8, 7, 8, 8, 8, 8),
(17068, 1957, 8, 8, 8, 7, 8, 8),
(17069, 1957, 7, 8, 8, 8, 8, 8),
(17070, 1958, 8, 9, 8, 8, 9, 8),
(17071, 1958, 9, 8, 8, 9, 8, 8),
(17072, 1958, 8, 9, 8, 8, 9, 8),
(17073, 1958, 9, 8, 9, 8, 8, 9),
(17074, 1958, 8, 9, 8, 9, 8, 8),
(17075, 1958, 9, 8, 8, 9, 8, 9),
(17076, 1959, 10, 10, 10, 10, 10, 10),
(17077, 1959, 10, 10, 10, 10, 10, 10),
(17078, 1959, 10, 10, 10, 10, 10, 10),
(17079, 1959, 10, 10, 10, 10, 10, 10),
(17080, 1959, 10, 10, 10, 10, 10, 10),
(17081, 1959, 10, 10, 10, 10, 10, 10),
(17082, 1960, 8, 7, 8, 7, 7, 8),
(17083, 1960, 7, 8, 7, 8, 7, 7),
(17084, 1960, 8, 7, 8, 8, 7, 7),
(17085, 1960, 7, 8, 7, 7, 8, 8),
(17086, 1960, 8, 7, 8, 7, 8, 7),
(17087, 1960, 7, 8, 7, 8, 7, 8),
(17088, 1961, 8, 7, 8, 8, 7, 8),
(17089, 1961, 7, 8, 8, 7, 8, 7),
(17090, 1961, 8, 7, 8, 8, 7, 8),
(17091, 1961, 7, 8, 7, 8, 8, 7),
(17092, 1961, 8, 7, 8, 7, 8, 8),
(17093, 1961, 7, 8, 8, 8, 7, 8),
(17094, 1962, 8, 8, 8, 8, 8, 9),
(17095, 1962, 9, 8, 8, 9, 8, 8),
(17096, 1962, 8, 9, 8, 8, 9, 8),
(17097, 1962, 9, 8, 9, 8, 8, 9),
(17098, 1962, 8, 9, 8, 9, 8, 8),
(17099, 1962, 9, 8, 8, 9, 8, 9),
(17100, 1963, 10, 9, 10, 9, 9, 9),
(17101, 1963, 9, 10, 9, 10, 9, 9),
(17102, 1963, 10, 9, 10, 10, 9, 9),
(17103, 1963, 9, 10, 9, 9, 10, 9),
(17104, 1963, 10, 9, 10, 9, 9, 10),
(17105, 1963, 9, 10, 9, 10, 9, 9),
(17106, 1964, 7, 7, 7, 8, 7, 7),
(17107, 1964, 8, 7, 7, 7, 8, 7),
(17108, 1964, 7, 8, 7, 7, 7, 8),
(17109, 1964, 7, 7, 8, 7, 7, 7),
(17110, 1964, 8, 7, 7, 8, 7, 7),
(17111, 1964, 7, 8, 7, 7, 8, 7),
(17112, 1965, 8, 7, 8, 7, 7, 8),
(17113, 1965, 7, 8, 7, 8, 8, 7),
(17114, 1965, 8, 7, 8, 8, 7, 8),
(17115, 1965, 7, 8, 7, 7, 8, 7),
(17116, 1965, 8, 7, 8, 7, 8, 8),
(17117, 1965, 7, 8, 8, 7, 8, 7),
(17118, 1966, 8, 8, 8, 8, 8, 8),
(17119, 1966, 8, 8, 7, 8, 8, 8),
(17120, 1966, 8, 8, 8, 8, 7, 8),
(17121, 1966, 8, 7, 8, 8, 8, 8),
(17122, 1966, 8, 8, 8, 7, 8, 8),
(17123, 1966, 8, 8, 8, 8, 8, 8),
(17124, 1967, 9, 9, 9, 9, 9, 9),
(17125, 1967, 9, 10, 9, 9, 9, 9),
(17126, 1967, 10, 9, 10, 9, 9, 9),
(17127, 1967, 9, 10, 9, 9, 10, 9),
(17128, 1967, 10, 10, 9, 10, 9, 9),
(17129, 1967, 9, 10, 9, 10, 9, 9),
(17130, 1968, 10, 10, 9, 10, 9, 9),
(17131, 1968, 10, 9, 10, 10, 9, 10),
(17132, 1968, 10, 10, 9, 10, 9, 10),
(17133, 1968, 9, 10, 10, 9, 10, 9),
(17134, 1968, 10, 10, 9, 10, 9, 10),
(17135, 1968, 10, 9, 10, 10, 9, 9),
(17136, 1969, 10, 10, 10, 9, 10, 9),
(17137, 1969, 10, 9, 10, 10, 9, 10),
(17138, 1969, 10, 10, 9, 10, 10, 9),
(17139, 1969, 10, 10, 10, 9, 10, 9),
(17140, 1969, 10, 9, 10, 10, 9, 10),
(17141, 1969, 10, 10, 9, 10, 9, 10),
(17142, 1970, 10, 10, 10, 9, 10, 9),
(17143, 1970, 10, 9, 10, 10, 10, 9),
(17144, 1970, 10, 10, 10, 9, 10, 10),
(17145, 1970, 10, 10, 9, 10, 10, 9),
(17146, 1970, 10, 9, 10, 10, 10, 10),
(17147, 1970, 10, 10, 9, 10, 10, 9),
(17148, 1971, 10, 10, 10, 10, 10, 10),
(17149, 1971, 10, 10, 10, 10, 10, 10),
(17150, 1971, 10, 10, 10, 10, 10, 10),
(17151, 1971, 10, 10, 10, 10, 10, 10),
(17152, 1971, 10, 10, 10, 10, 10, 10),
(17153, 1971, 10, 10, 10, 10, 10, 10),
(17154, 1972, 10, 9, 10, 9, 9, 9),
(17155, 1972, 9, 10, 9, 10, 9, 9),
(17156, 1972, 10, 9, 10, 10, 9, 9),
(17157, 1972, 9, 10, 9, 9, 10, 9),
(17158, 1972, 10, 9, 10, 9, 9, 10),
(17159, 1972, 9, 10, 9, 10, 9, 9),
(17160, 1973, 10, 9, 10, 9, 9, 10),
(17161, 1973, 9, 10, 9, 10, 9, 9),
(17162, 1973, 10, 9, 10, 10, 9, 9),
(17163, 1973, 9, 10, 9, 9, 10, 9),
(17164, 1973, 10, 9, 10, 9, 9, 10),
(17165, 1973, 9, 10, 9, 10, 9, 10),
(17166, 1974, 10, 9, 10, 9, 9, 10),
(17167, 1974, 9, 10, 9, 10, 9, 9),
(17168, 1974, 10, 9, 10, 10, 9, 9),
(17169, 1974, 9, 10, 9, 9, 10, 9),
(17170, 1974, 10, 9, 10, 9, 9, 10),
(17171, 1974, 9, 10, 9, 10, 9, 10),
(17172, 1975, 10, 10, 10, 10, 10, 10),
(17173, 1975, 10, 10, 10, 10, 10, 10),
(17174, 1975, 10, 10, 10, 10, 10, 10),
(17175, 1975, 10, 10, 10, 10, 10, 10),
(17176, 1975, 10, 10, 10, 10, 10, 10),
(17177, 1975, 10, 10, 10, 10, 10, 10),
(17178, 1976, 10, 9, 9, 10, 9, 9),
(17179, 1976, 9, 10, 9, 9, 10, 9),
(17180, 1976, 10, 9, 10, 9, 9, 9),
(17181, 1976, 9, 10, 9, 10, 9, 8),
(17182, 1976, 10, 9, 9, 10, 9, 9),
(17183, 1976, 9, 10, 9, 9, 9, 8),
(17184, 1977, 10, 9, 10, 9, 9, 9),
(17185, 1977, 9, 10, 9, 9, 10, 9),
(17186, 1977, 10, 9, 10, 10, 9, 9),
(17187, 1977, 9, 10, 9, 10, 9, 9),
(17188, 1977, 10, 9, 10, 9, 9, 10),
(17189, 1977, 9, 10, 9, 9, 9, 8),
(17190, 1978, 10, 9, 10, 9, 9, 9),
(17191, 1978, 9, 10, 9, 10, 9, 9),
(17192, 1978, 10, 9, 10, 10, 9, 9),
(17193, 1978, 9, 10, 9, 9, 10, 9),
(17194, 1978, 10, 9, 10, 9, 9, 10),
(17195, 1978, 9, 10, 9, 10, 9, 9),
(17196, 1979, 10, 10, 10, 10, 10, 10),
(17197, 1979, 10, 10, 10, 10, 10, 10),
(17198, 1979, 10, 10, 10, 10, 10, 10),
(17199, 1979, 10, 10, 10, 10, 10, 10),
(17200, 1979, 10, 10, 10, 10, 10, 10),
(17201, 1979, 10, 10, 10, 10, 10, 10),
(17202, 1980, 9, 9, 9, 10, 9, 9),
(17203, 1980, 10, 9, 9, 9, 9, 9),
(17204, 1980, 9, 10, 9, 9, 9, 8),
(17205, 1980, 10, 9, 9, 10, 8, 9),
(17206, 1980, 9, 9, 10, 9, 9, 8),
(17207, 1980, 10, 9, 9, 9, 9, 9),
(17208, 1981, 10, 9, 9, 10, 9, 9),
(17209, 1981, 9, 10, 9, 9, 10, 9),
(17210, 1981, 10, 9, 10, 9, 9, 9),
(17211, 1981, 9, 10, 9, 10, 9, 8),
(17212, 1981, 10, 9, 9, 10, 9, 9),
(17213, 1981, 9, 10, 9, 9, 9, 10),
(17214, 1982, 10, 9, 10, 9, 9, 9),
(17215, 1982, 9, 10, 9, 10, 9, 9),
(17216, 1982, 10, 9, 10, 10, 9, 9),
(17217, 1982, 9, 10, 9, 9, 10, 9),
(17218, 1982, 10, 9, 10, 9, 9, 10),
(17219, 1982, 9, 10, 9, 10, 9, 9),
(17220, 1983, 10, 10, 10, 9, 10, 10),
(17221, 1983, 10, 9, 10, 10, 10, 9),
(17222, 1983, 10, 10, 10, 9, 10, 10),
(17223, 1983, 10, 9, 10, 10, 10, 9),
(17224, 1983, 10, 10, 10, 9, 10, 10),
(17225, 1983, 10, 9, 10, 10, 10, 9),
(17226, 1984, 9, 9, 9, 9, 9, 9),
(17227, 1984, 10, 9, 9, 9, 9, 8),
(17228, 1984, 9, 10, 9, 9, 9, 8),
(17229, 1984, 10, 9, 9, 10, 8, 9),
(17230, 1984, 9, 9, 10, 9, 9, 8),
(17231, 1984, 10, 9, 9, 9, 9, 8),
(17232, 1985, 9, 9, 9, 9, 9, 9),
(17233, 1985, 10, 9, 9, 9, 9, 9),
(17234, 1985, 9, 10, 9, 9, 9, 8),
(17235, 1985, 10, 9, 9, 10, 8, 9),
(17236, 1985, 9, 9, 10, 9, 9, 8),
(17237, 1985, 10, 9, 9, 9, 9, 9),
(17238, 1986, 10, 9, 10, 9, 9, 9),
(17239, 1986, 9, 10, 9, 10, 9, 9),
(17240, 1986, 10, 9, 10, 10, 9, 9),
(17241, 1986, 9, 10, 9, 9, 10, 9),
(17242, 1986, 10, 9, 10, 9, 9, 10),
(17243, 1986, 9, 10, 9, 10, 9, 9),
(17244, 1987, 10, 9, 10, 9, 9, 10),
(17245, 1987, 9, 10, 9, 10, 9, 9),
(17246, 1987, 10, 9, 10, 10, 9, 9),
(17247, 1987, 9, 10, 9, 9, 10, 9),
(17248, 1987, 10, 9, 10, 9, 9, 10),
(17249, 1987, 9, 10, 9, 10, 9, 10),
(17250, 1988, 9, 9, 9, 8, 9, 9),
(17251, 1988, 8, 9, 9, 9, 9, 8),
(17252, 1988, 9, 9, 8, 9, 9, 9),
(17253, 1988, 9, 8, 9, 9, 8, 9),
(17254, 1988, 9, 9, 9, 8, 9, 9),
(17255, 1988, 8, 9, 9, 9, 9, 8),
(17256, 1989, 9, 9, 9, 9, 9, 8),
(17257, 1989, 8, 9, 9, 9, 9, 8),
(17258, 1989, 9, 9, 8, 9, 9, 9),
(17259, 1989, 9, 8, 9, 9, 9, 9),
(17260, 1989, 9, 9, 9, 8, 9, 9),
(17261, 1989, 8, 9, 9, 9, 9, 8),
(17262, 1990, 9, 9, 9, 9, 9, 9),
(17263, 1990, 9, 9, 8, 9, 9, 9),
(17264, 1990, 9, 9, 9, 9, 8, 9),
(17265, 1990, 9, 9, 9, 8, 9, 9),
(17266, 1990, 9, 9, 9, 9, 9, 9),
(17267, 1990, 9, 9, 8, 9, 9, 9),
(17268, 1991, 10, 9, 10, 9, 9, 10),
(17269, 1991, 9, 10, 9, 10, 9, 9),
(17270, 1991, 10, 9, 10, 10, 9, 9),
(17271, 1991, 9, 10, 9, 9, 10, 9),
(17272, 1991, 10, 9, 10, 9, 9, 10),
(17273, 1991, 9, 10, 9, 10, 9, 10),
(17274, 1992, 8, 9, 8, 9, 8, 8),
(17275, 1992, 9, 8, 9, 8, 8, 9),
(17276, 1992, 8, 9, 8, 8, 9, 8),
(17277, 1992, 9, 8, 9, 8, 8, 9),
(17278, 1992, 8, 9, 8, 9, 8, 8),
(17279, 1992, 9, 8, 9, 8, 8, 9),
(17280, 1993, 9, 9, 8, 9, 8, 9),
(17281, 1993, 8, 9, 9, 8, 9, 8),
(17282, 1993, 9, 8, 9, 9, 8, 9),
(17283, 1993, 8, 9, 8, 9, 9, 8),
(17284, 1993, 9, 8, 9, 8, 9, 9),
(17285, 1993, 8, 9, 9, 8, 9, 8),
(17286, 1994, 9, 9, 9, 8, 9, 9),
(17287, 1994, 8, 9, 9, 9, 9, 8),
(17288, 1994, 9, 9, 8, 9, 9, 9),
(17289, 1994, 9, 8, 9, 9, 9, 8),
(17290, 1994, 9, 9, 9, 8, 9, 9),
(17291, 1994, 8, 9, 9, 9, 9, 8),
(17292, 1995, 10, 9, 10, 9, 9, 9),
(17293, 1995, 9, 10, 9, 10, 9, 9),
(17294, 1995, 10, 9, 10, 10, 9, 9),
(17295, 1995, 9, 10, 9, 9, 10, 9),
(17296, 1995, 10, 9, 10, 9, 9, 10),
(17297, 1995, 9, 10, 9, 10, 9, 9),
(17298, 1996, 8, 8, 8, 8, 8, 9),
(17299, 1996, 9, 8, 8, 9, 8, 8),
(17300, 1996, 8, 9, 8, 8, 9, 8),
(17301, 1996, 9, 8, 9, 8, 8, 9),
(17302, 1996, 8, 9, 8, 9, 8, 8),
(17303, 1996, 9, 8, 8, 9, 8, 9),
(17304, 1997, 8, 9, 8, 8, 9, 8),
(17305, 1997, 9, 8, 8, 9, 8, 8),
(17306, 1997, 8, 9, 8, 8, 9, 8),
(17307, 1997, 9, 8, 9, 8, 8, 9),
(17308, 1997, 8, 9, 8, 9, 8, 8),
(17309, 1997, 9, 8, 8, 9, 8, 9),
(17310, 1998, 9, 9, 8, 9, 8, 9),
(17311, 1998, 8, 9, 9, 8, 9, 8),
(17312, 1998, 9, 8, 9, 9, 8, 9),
(17313, 1998, 8, 9, 8, 9, 9, 8),
(17314, 1998, 9, 8, 9, 8, 9, 9),
(17315, 1998, 8, 9, 9, 8, 9, 8),
(17316, 1999, 10, 9, 10, 9, 9, 9),
(17317, 1999, 9, 10, 9, 10, 9, 9),
(17318, 1999, 10, 9, 10, 10, 9, 9),
(17319, 1999, 9, 10, 9, 9, 10, 9),
(17320, 1999, 10, 9, 10, 9, 9, 10),
(17321, 1999, 9, 10, 9, 10, 9, 9),
(17322, 2000, 8, 8, 7, 8, 7, 8),
(17323, 2000, 7, 8, 8, 7, 8, 7),
(17324, 2000, 8, 8, 8, 8, 7, 8),
(17325, 2000, 8, 7, 8, 8, 8, 7),
(17326, 2000, 8, 8, 7, 8, 8, 8),
(17327, 2000, 7, 8, 8, 8, 8, 7),
(17328, 2001, 8, 8, 8, 8, 8, 9),
(17329, 2001, 9, 8, 8, 9, 8, 8),
(17330, 2001, 8, 9, 8, 8, 9, 8),
(17331, 2001, 9, 8, 9, 8, 8, 9),
(17332, 2001, 8, 9, 8, 9, 8, 8),
(17333, 2001, 9, 8, 8, 9, 8, 9),
(17334, 2002, 9, 9, 8, 9, 8, 9),
(17335, 2002, 8, 9, 9, 8, 9, 8),
(17336, 2002, 9, 8, 9, 9, 8, 9),
(17337, 2002, 8, 9, 8, 9, 9, 8),
(17338, 2002, 9, 8, 9, 8, 9, 9),
(17339, 2002, 8, 9, 9, 8, 9, 8),
(17340, 2003, 9, 9, 9, 9, 9, 9),
(17341, 2003, 9, 10, 9, 9, 9, 9),
(17342, 2003, 10, 9, 10, 9, 9, 9),
(17343, 2003, 9, 10, 9, 9, 10, 9),
(17344, 2003, 10, 10, 9, 10, 9, 9),
(17345, 2003, 9, 10, 9, 10, 9, 9),
(17346, 2004, 8, 7, 8, 7, 7, 8),
(17347, 2004, 7, 8, 7, 8, 7, 7),
(17348, 2004, 8, 7, 8, 8, 7, 7),
(17349, 2004, 7, 8, 7, 7, 8, 8),
(17350, 2004, 8, 7, 8, 7, 8, 7),
(17351, 2004, 7, 8, 7, 8, 7, 8),
(17352, 2005, 8, 7, 8, 8, 7, 8),
(17353, 2005, 7, 8, 7, 8, 8, 7),
(17354, 2005, 8, 7, 8, 8, 7, 8),
(17355, 2005, 7, 8, 7, 7, 8, 7),
(17356, 2005, 8, 7, 8, 7, 8, 8),
(17357, 2005, 7, 8, 8, 7, 8, 7),
(17358, 2006, 8, 8, 8, 8, 8, 9),
(17359, 2006, 9, 8, 8, 9, 8, 8),
(17360, 2006, 8, 9, 8, 8, 9, 8),
(17361, 2006, 9, 8, 9, 8, 8, 9),
(17362, 2006, 8, 9, 8, 9, 8, 8),
(17363, 2006, 9, 8, 8, 9, 8, 9),
(17364, 2007, 10, 9, 10, 9, 9, 9),
(17365, 2007, 9, 10, 9, 10, 9, 9),
(17366, 2007, 10, 9, 10, 10, 9, 9),
(17367, 2007, 9, 10, 9, 9, 10, 9),
(17368, 2007, 10, 9, 10, 9, 9, 10),
(17369, 2007, 9, 10, 9, 10, 9, 9),
(17370, 2008, 10, 10, 9, 10, 9, 9),
(17371, 2008, 10, 9, 10, 10, 9, 10),
(17372, 2008, 10, 10, 9, 10, 9, 10),
(17373, 2008, 9, 10, 10, 9, 10, 9),
(17374, 2008, 10, 10, 9, 10, 9, 10),
(17375, 2008, 10, 9, 10, 10, 9, 9),
(17376, 2009, 10, 10, 10, 9, 10, 9),
(17377, 2009, 10, 9, 10, 10, 9, 10),
(17378, 2009, 10, 10, 9, 10, 10, 9),
(17379, 2009, 10, 10, 10, 9, 10, 9),
(17380, 2009, 10, 9, 10, 10, 9, 10),
(17381, 2009, 10, 10, 9, 10, 9, 10),
(17382, 2010, 10, 10, 10, 9, 10, 9),
(17383, 2010, 10, 9, 10, 10, 10, 9),
(17384, 2010, 10, 10, 10, 9, 10, 10),
(17385, 2010, 10, 10, 9, 10, 10, 9),
(17386, 2010, 10, 9, 10, 10, 10, 10),
(17387, 2010, 10, 10, 9, 10, 10, 9),
(17388, 2011, 10, 10, 10, 10, 10, 10),
(17389, 2011, 10, 10, 10, 10, 10, 10),
(17390, 2011, 10, 10, 10, 10, 10, 10),
(17391, 2011, 10, 10, 10, 10, 10, 10),
(17392, 2011, 10, 10, 10, 10, 10, 10),
(17393, 2011, 10, 10, 10, 10, 10, 10),
(17394, 2012, 10, 9, 10, 9, 9, 9),
(17395, 2012, 9, 10, 9, 10, 9, 9),
(17396, 2012, 10, 9, 10, 10, 9, 9),
(17397, 2012, 9, 10, 9, 9, 10, 9),
(17398, 2012, 10, 9, 10, 9, 9, 10),
(17399, 2012, 9, 10, 9, 10, 9, 9),
(17400, 2013, 10, 9, 10, 9, 9, 10),
(17401, 2013, 9, 10, 9, 10, 9, 9),
(17402, 2013, 10, 9, 10, 10, 9, 9),
(17403, 2013, 9, 10, 9, 9, 10, 9),
(17404, 2013, 10, 9, 10, 9, 9, 10),
(17405, 2013, 9, 10, 9, 10, 9, 10),
(17406, 2014, 10, 9, 10, 9, 9, 10),
(17407, 2014, 9, 10, 9, 10, 9, 9),
(17408, 2014, 10, 9, 10, 10, 9, 9),
(17409, 2014, 9, 10, 9, 9, 10, 9),
(17410, 2014, 10, 9, 10, 9, 9, 10),
(17411, 2014, 9, 10, 9, 10, 9, 10),
(17412, 2015, 10, 10, 10, 9, 10, 9),
(17413, 2015, 9, 10, 10, 10, 9, 10),
(17414, 2015, 10, 9, 10, 10, 9, 10),
(17415, 2015, 10, 10, 9, 10, 9, 9),
(17416, 2015, 10, 10, 10, 9, 10, 9),
(17417, 2015, 9, 10, 10, 9, 10, 10),
(17418, 2016, 10, 9, 9, 10, 9, 9),
(17419, 2016, 9, 10, 9, 9, 10, 9),
(17420, 2016, 10, 9, 10, 9, 9, 9),
(17421, 2016, 9, 10, 9, 10, 9, 8),
(17422, 2016, 10, 9, 9, 10, 9, 9),
(17423, 2016, 9, 10, 9, 9, 9, 8),
(17424, 2017, 10, 9, 10, 9, 9, 9),
(17425, 2017, 9, 10, 9, 9, 10, 9),
(17426, 2017, 10, 9, 10, 10, 9, 9),
(17427, 2017, 9, 10, 9, 10, 9, 9),
(17428, 2017, 10, 9, 10, 9, 9, 10),
(17429, 2017, 9, 10, 9, 9, 9, 8),
(17430, 2018, 10, 9, 10, 9, 9, 9),
(17431, 2018, 9, 10, 9, 10, 9, 9),
(17432, 2018, 10, 9, 10, 10, 9, 9),
(17433, 2018, 9, 10, 9, 9, 10, 9),
(17434, 2018, 10, 9, 10, 9, 9, 10),
(17435, 2018, 9, 10, 9, 10, 9, 9),
(17436, 2019, 10, 10, 10, 9, 10, 9),
(17437, 2019, 9, 10, 10, 10, 9, 10),
(17438, 2019, 10, 9, 10, 10, 9, 10),
(17439, 2019, 10, 10, 9, 10, 9, 9),
(17440, 2019, 10, 10, 10, 9, 10, 9),
(17441, 2019, 9, 10, 10, 9, 10, 10),
(17442, 2020, 9, 9, 9, 10, 9, 9),
(17443, 2020, 10, 9, 9, 9, 9, 9),
(17444, 2020, 9, 10, 9, 9, 9, 8),
(17445, 2020, 10, 9, 9, 10, 8, 9),
(17446, 2020, 9, 9, 10, 9, 9, 8),
(17447, 2020, 10, 9, 9, 9, 9, 9),
(17448, 2021, 10, 9, 9, 10, 9, 9),
(17449, 2021, 9, 10, 9, 9, 10, 9),
(17450, 2021, 10, 9, 10, 9, 9, 9),
(17451, 2021, 9, 10, 9, 10, 9, 8),
(17452, 2021, 10, 9, 9, 10, 9, 9),
(17453, 2021, 9, 10, 9, 9, 9, 10),
(17454, 2022, 10, 9, 10, 9, 9, 9),
(17455, 2022, 9, 10, 9, 10, 9, 9),
(17456, 2022, 10, 9, 10, 10, 9, 9),
(17457, 2022, 9, 10, 9, 9, 10, 9),
(17458, 2022, 10, 9, 10, 9, 9, 10),
(17459, 2022, 9, 10, 9, 10, 9, 9),
(17460, 2023, 10, 10, 10, 9, 10, 9),
(17461, 2023, 9, 10, 10, 10, 9, 10),
(17462, 2023, 10, 9, 10, 10, 9, 10),
(17463, 2023, 10, 10, 9, 10, 9, 9),
(17464, 2023, 10, 10, 10, 9, 10, 9),
(17465, 2023, 9, 10, 10, 9, 10, 10),
(17466, 2024, 9, 9, 9, 9, 9, 9),
(17467, 2024, 10, 9, 9, 9, 9, 8),
(17468, 2024, 9, 10, 9, 9, 9, 8),
(17469, 2024, 10, 9, 9, 10, 8, 9),
(17470, 2024, 9, 9, 10, 9, 9, 8),
(17471, 2024, 10, 9, 9, 9, 9, 8),
(17472, 2025, 10, 9, 9, 10, 9, 9),
(17473, 2025, 9, 10, 9, 9, 10, 9),
(17474, 2025, 10, 9, 10, 9, 9, 9),
(17475, 2025, 9, 10, 9, 10, 9, 8),
(17476, 2025, 10, 9, 9, 10, 9, 9),
(17477, 2025, 9, 10, 9, 9, 9, 10),
(17478, 2026, 10, 9, 10, 9, 9, 9),
(17479, 2026, 9, 10, 9, 10, 9, 9),
(17480, 2026, 10, 9, 10, 10, 9, 9),
(17481, 2026, 9, 10, 9, 9, 10, 9),
(17482, 2026, 10, 9, 10, 9, 9, 10),
(17483, 2026, 9, 10, 9, 10, 9, 9),
(17484, 2027, 10, 9, 10, 9, 9, 9),
(17485, 2027, 9, 10, 9, 10, 9, 9),
(17486, 2027, 10, 9, 10, 10, 9, 9),
(17487, 2027, 9, 10, 9, 9, 10, 9),
(17488, 2027, 10, 9, 10, 9, 9, 10),
(17489, 2027, 9, 10, 9, 10, 9, 9),
(17490, 2028, 9, 9, 9, 8, 9, 9),
(17491, 2028, 8, 9, 9, 9, 9, 8),
(17492, 2028, 9, 9, 8, 9, 9, 9),
(17493, 2028, 9, 8, 9, 9, 8, 9),
(17494, 2028, 9, 9, 9, 8, 9, 9),
(17495, 2028, 8, 9, 9, 9, 9, 8),
(17496, 2029, 9, 9, 9, 9, 9, 8),
(17497, 2029, 8, 9, 9, 9, 9, 8),
(17498, 2029, 9, 9, 8, 9, 9, 9),
(17499, 2029, 9, 8, 9, 9, 9, 9),
(17500, 2029, 9, 9, 9, 8, 9, 9),
(17501, 2029, 8, 9, 9, 9, 9, 8),
(17502, 2030, 9, 9, 9, 8, 9, 9),
(17503, 2030, 8, 9, 9, 9, 9, 8),
(17504, 2030, 9, 9, 8, 9, 9, 9),
(17505, 2030, 9, 8, 9, 9, 9, 8),
(17506, 2030, 9, 9, 9, 8, 9, 9),
(17507, 2030, 8, 9, 9, 9, 9, 8),
(17508, 2031, 10, 9, 10, 9, 9, 10),
(17509, 2031, 9, 10, 9, 10, 9, 9),
(17510, 2031, 10, 9, 10, 10, 9, 9),
(17511, 2031, 9, 10, 9, 9, 10, 9),
(17512, 2031, 10, 9, 10, 9, 9, 10),
(17513, 2031, 9, 10, 9, 10, 9, 10),
(17514, 2032, 8, 9, 8, 9, 8, 8),
(17515, 2032, 9, 8, 9, 8, 8, 9),
(17516, 2032, 8, 9, 8, 8, 9, 8),
(17517, 2032, 9, 8, 9, 8, 8, 9),
(17518, 2032, 8, 9, 8, 9, 8, 8),
(17519, 2032, 9, 8, 9, 8, 8, 9),
(17520, 2033, 9, 9, 8, 9, 8, 9),
(17521, 2033, 8, 9, 9, 8, 9, 8),
(17522, 2033, 9, 8, 9, 9, 8, 9),
(17523, 2033, 8, 9, 8, 9, 9, 8),
(17524, 2033, 9, 8, 9, 8, 9, 9),
(17525, 2033, 8, 9, 9, 8, 9, 8),
(17526, 2034, 9, 9, 8, 9, 8, 9),
(17527, 2034, 8, 9, 9, 8, 9, 8),
(17528, 2034, 9, 8, 9, 9, 8, 9),
(17529, 2034, 8, 9, 8, 9, 9, 8),
(17530, 2034, 9, 8, 9, 8, 9, 9),
(17531, 2034, 8, 9, 9, 8, 9, 8),
(17532, 2035, 10, 9, 10, 9, 9, 9),
(17533, 2035, 9, 10, 9, 10, 9, 9),
(17534, 2035, 10, 9, 10, 10, 9, 9),
(17535, 2035, 9, 10, 9, 9, 10, 9),
(17536, 2035, 10, 9, 10, 9, 9, 10),
(17537, 2035, 9, 10, 9, 10, 9, 9),
(17538, 2036, 8, 8, 8, 8, 8, 9),
(17539, 2036, 9, 8, 8, 9, 8, 8),
(17540, 2036, 8, 9, 8, 8, 9, 8),
(17541, 2036, 9, 8, 9, 8, 8, 9),
(17542, 2036, 8, 9, 8, 9, 8, 8),
(17543, 2036, 9, 8, 8, 9, 8, 9),
(17544, 2037, 8, 9, 8, 8, 9, 8),
(17545, 2037, 9, 8, 8, 9, 8, 8),
(17546, 2037, 8, 9, 8, 8, 9, 8),
(17547, 2037, 9, 8, 9, 8, 8, 9),
(17548, 2037, 8, 9, 8, 9, 8, 8),
(17549, 2037, 9, 8, 8, 9, 8, 9),
(17550, 2038, 9, 9, 8, 9, 8, 9),
(17551, 2038, 8, 9, 9, 8, 9, 8),
(17552, 2038, 9, 8, 9, 9, 8, 9),
(17553, 2038, 8, 9, 8, 9, 9, 8),
(17554, 2038, 9, 8, 9, 8, 9, 9),
(17555, 2038, 8, 9, 9, 8, 9, 8),
(17556, 2039, 9, 9, 9, 9, 9, 9),
(17557, 2039, 9, 10, 9, 9, 9, 9),
(17558, 2039, 10, 9, 10, 9, 9, 9),
(17559, 2039, 9, 10, 9, 9, 10, 9),
(17560, 2039, 10, 10, 9, 10, 9, 9),
(17561, 2039, 9, 10, 9, 10, 9, 9),
(17562, 2040, 8, 8, 7, 8, 7, 8),
(17563, 2040, 7, 8, 8, 7, 8, 7),
(17564, 2040, 8, 8, 8, 8, 7, 8),
(17565, 2040, 8, 7, 8, 8, 8, 7),
(17566, 2040, 8, 8, 7, 8, 8, 8),
(17567, 2040, 7, 8, 8, 8, 8, 7),
(17568, 2041, 8, 8, 8, 8, 8, 9),
(17569, 2041, 9, 8, 8, 9, 8, 8),
(17570, 2041, 8, 9, 8, 8, 9, 8),
(17571, 2041, 9, 8, 9, 8, 8, 9),
(17572, 2041, 8, 9, 8, 9, 8, 8),
(17573, 2041, 9, 8, 8, 9, 8, 9),
(17574, 2042, 9, 9, 8, 9, 8, 9),
(17575, 2042, 8, 9, 9, 8, 9, 8),
(17576, 2042, 9, 8, 9, 9, 8, 9),
(17577, 2042, 8, 9, 8, 9, 9, 8),
(17578, 2042, 9, 8, 9, 8, 9, 9),
(17579, 2042, 8, 9, 9, 8, 9, 8),
(17580, 2043, 9, 9, 9, 9, 9, 9),
(17581, 2043, 9, 10, 9, 9, 9, 9),
(17582, 2043, 10, 9, 10, 9, 9, 9),
(17583, 2043, 9, 10, 9, 9, 10, 9),
(17584, 2043, 10, 10, 9, 10, 9, 9),
(17585, 2043, 9, 10, 9, 10, 9, 9),
(17586, 2044, 8, 7, 8, 7, 7, 8),
(17587, 2044, 7, 8, 7, 8, 7, 7),
(17588, 2044, 8, 7, 8, 8, 7, 7),
(17589, 2044, 7, 8, 7, 7, 8, 8),
(17590, 2044, 8, 7, 8, 7, 8, 7),
(17591, 2044, 7, 8, 7, 8, 7, 8),
(17592, 2045, 8, 7, 8, 8, 7, 8),
(17593, 2045, 7, 8, 7, 8, 8, 7),
(17594, 2045, 8, 7, 8, 8, 7, 8),
(17595, 2045, 7, 8, 7, 7, 8, 7),
(17596, 2045, 8, 7, 8, 7, 8, 8),
(17597, 2045, 7, 8, 8, 7, 8, 7),
(17598, 2046, 8, 8, 8, 8, 8, 9),
(17599, 2046, 9, 8, 8, 9, 8, 8),
(17600, 2046, 8, 9, 8, 8, 9, 8),
(17601, 2046, 9, 8, 9, 8, 8, 9),
(17602, 2046, 8, 9, 8, 9, 8, 8),
(17603, 2046, 9, 8, 8, 9, 8, 9),
(17604, 2047, 9, 9, 9, 9, 9, 9),
(17605, 2047, 9, 10, 9, 9, 9, 9),
(17606, 2047, 10, 9, 10, 9, 9, 9),
(17607, 2047, 9, 10, 9, 9, 10, 9),
(17608, 2047, 10, 10, 9, 10, 9, 9),
(17609, 2047, 9, 10, 9, 10, 9, 9),
(17610, 2048, 10, 9, 10, 9, 9, 9),
(17611, 2048, 9, 10, 9, 10, 9, 9),
(17612, 2048, 10, 9, 10, 10, 9, 9),
(17613, 2048, 9, 10, 9, 9, 10, 9),
(17614, 2048, 10, 9, 10, 9, 9, 10),
(17615, 2048, 9, 10, 9, 10, 9, 9),
(17616, 2049, 10, 9, 10, 9, 9, 10),
(17617, 2049, 9, 10, 9, 10, 9, 9),
(17618, 2049, 10, 9, 10, 10, 9, 9),
(17619, 2049, 9, 10, 9, 9, 10, 9),
(17620, 2049, 10, 9, 10, 9, 9, 10),
(17621, 2049, 9, 10, 9, 10, 9, 10),
(17622, 2050, 10, 9, 10, 9, 9, 9),
(17623, 2050, 9, 10, 9, 10, 9, 9),
(17624, 2050, 10, 9, 10, 10, 9, 9),
(17625, 2050, 9, 10, 9, 9, 10, 9),
(17626, 2050, 10, 9, 10, 9, 9, 10),
(17627, 2050, 9, 10, 9, 10, 9, 9),
(17628, 2051, 10, 10, 10, 9, 10, 9),
(17629, 2051, 10, 9, 10, 10, 10, 9),
(17630, 2051, 10, 10, 10, 9, 10, 10),
(17631, 2051, 10, 10, 9, 10, 10, 9),
(17632, 2051, 10, 9, 10, 10, 10, 10),
(17633, 2051, 10, 10, 9, 10, 10, 9),
(17634, 2052, 10, 9, 9, 10, 9, 9),
(17635, 2052, 9, 10, 9, 9, 10, 9),
(17636, 2052, 10, 9, 10, 9, 9, 9),
(17637, 2052, 9, 10, 9, 10, 9, 8),
(17638, 2052, 10, 9, 9, 10, 9, 9),
(17639, 2052, 9, 10, 9, 9, 9, 8),
(17640, 2053, 10, 9, 10, 9, 9, 9),
(17641, 2053, 9, 10, 9, 9, 10, 9),
(17642, 2053, 10, 9, 10, 10, 9, 9),
(17643, 2053, 9, 10, 9, 10, 9, 9),
(17644, 2053, 10, 9, 10, 9, 9, 10),
(17645, 2053, 9, 10, 9, 9, 9, 8),
(17646, 2054, 10, 9, 10, 9, 9, 9),
(17647, 2054, 9, 10, 9, 10, 9, 9),
(17648, 2054, 10, 9, 10, 10, 9, 9),
(17649, 2054, 9, 10, 9, 9, 10, 9),
(17650, 2054, 10, 9, 10, 9, 9, 10),
(17651, 2054, 9, 10, 9, 10, 9, 9),
(17652, 2055, 10, 10, 10, 9, 10, 9),
(17653, 2055, 10, 9, 10, 10, 10, 9),
(17654, 2055, 10, 10, 10, 9, 10, 10),
(17655, 2055, 10, 10, 9, 10, 10, 9),
(17656, 2055, 10, 9, 10, 10, 10, 10),
(17657, 2055, 10, 10, 9, 10, 10, 9),
(17658, 2056, 9, 9, 9, 10, 9, 9),
(17659, 2056, 10, 9, 9, 9, 9, 9),
(17660, 2056, 9, 10, 9, 9, 9, 8),
(17661, 2056, 10, 9, 9, 10, 8, 9),
(17662, 2056, 9, 9, 10, 9, 9, 8),
(17663, 2056, 10, 9, 9, 9, 9, 9),
(17664, 2057, 10, 9, 9, 10, 9, 9),
(17665, 2057, 9, 10, 9, 9, 10, 9);
INSERT INTO `EndShot` (`EndShotID`, `RangeShotID`, `Arrow1`, `Arrow2`, `Arrow3`, `Arrow4`, `Arrow5`, `Arrow6`) VALUES
(17666, 2057, 10, 9, 10, 9, 9, 9),
(17667, 2057, 9, 10, 9, 10, 9, 8),
(17668, 2057, 10, 9, 9, 10, 9, 9),
(17669, 2057, 9, 10, 9, 9, 9, 10),
(17670, 2058, 10, 9, 10, 9, 9, 9),
(17671, 2058, 9, 10, 9, 10, 9, 9),
(17672, 2058, 10, 9, 10, 10, 9, 9),
(17673, 2058, 9, 10, 9, 9, 10, 9),
(17674, 2058, 10, 9, 10, 9, 9, 10),
(17675, 2058, 9, 10, 9, 10, 9, 9),
(17676, 2059, 10, 9, 10, 9, 9, 9),
(17677, 2059, 9, 10, 9, 10, 9, 9),
(17678, 2059, 10, 9, 10, 10, 9, 9),
(17679, 2059, 9, 10, 9, 9, 10, 9),
(17680, 2059, 10, 9, 10, 9, 9, 10),
(17681, 2059, 9, 10, 9, 10, 9, 9),
(17682, 2060, 9, 9, 9, 9, 9, 9),
(17683, 2060, 10, 9, 9, 9, 9, 8),
(17684, 2060, 9, 10, 9, 9, 9, 8),
(17685, 2060, 10, 9, 9, 10, 8, 9),
(17686, 2060, 9, 9, 10, 9, 9, 8),
(17687, 2060, 10, 9, 9, 9, 9, 8),
(17688, 2061, 10, 9, 9, 10, 9, 9),
(17689, 2061, 9, 10, 9, 9, 10, 9),
(17690, 2061, 10, 9, 10, 9, 9, 9),
(17691, 2061, 9, 10, 9, 10, 9, 8),
(17692, 2061, 10, 9, 9, 10, 9, 9),
(17693, 2061, 9, 10, 9, 9, 9, 10),
(17694, 2062, 10, 9, 10, 9, 9, 9),
(17695, 2062, 9, 10, 9, 10, 9, 9),
(17696, 2062, 10, 9, 10, 10, 9, 9),
(17697, 2062, 9, 10, 9, 9, 10, 9),
(17698, 2062, 10, 9, 10, 9, 9, 10),
(17699, 2062, 9, 10, 9, 10, 9, 9),
(17700, 2063, 10, 9, 10, 9, 9, 9),
(17701, 2063, 9, 10, 9, 10, 9, 9),
(17702, 2063, 10, 9, 10, 10, 9, 9),
(17703, 2063, 9, 10, 9, 9, 10, 9),
(17704, 2063, 10, 9, 10, 9, 9, 10),
(17705, 2063, 9, 10, 9, 10, 9, 9),
(17706, 2064, 9, 9, 9, 8, 9, 9),
(17707, 2064, 8, 9, 9, 9, 9, 8),
(17708, 2064, 9, 9, 8, 9, 9, 9),
(17709, 2064, 9, 8, 9, 9, 8, 9),
(17710, 2064, 9, 9, 9, 8, 9, 9),
(17711, 2064, 8, 9, 9, 9, 9, 8),
(17712, 2065, 9, 9, 9, 9, 9, 8),
(17713, 2065, 8, 9, 9, 9, 9, 8),
(17714, 2065, 9, 9, 8, 9, 9, 9),
(17715, 2065, 9, 8, 9, 9, 9, 9),
(17716, 2065, 9, 9, 9, 8, 9, 9),
(17717, 2065, 8, 9, 9, 9, 9, 8),
(17718, 2066, 9, 9, 9, 8, 9, 9),
(17719, 2066, 8, 9, 9, 9, 9, 8),
(17720, 2066, 9, 9, 8, 9, 9, 9),
(17721, 2066, 9, 8, 9, 9, 9, 8),
(17722, 2066, 9, 9, 9, 8, 9, 9),
(17723, 2066, 8, 9, 9, 9, 9, 8),
(17724, 2067, 9, 9, 9, 9, 9, 9),
(17725, 2067, 9, 10, 9, 9, 9, 9),
(17726, 2067, 10, 9, 10, 9, 9, 9),
(17727, 2067, 9, 10, 9, 9, 10, 9),
(17728, 2067, 10, 10, 9, 10, 9, 9),
(17729, 2067, 9, 10, 9, 10, 9, 9),
(17730, 2068, 9, 9, 9, 8, 9, 8),
(17731, 2068, 8, 9, 9, 8, 9, 8),
(17732, 2068, 9, 9, 8, 9, 9, 8),
(17733, 2068, 8, 9, 8, 9, 9, 8),
(17734, 2068, 9, 8, 9, 8, 9, 8),
(17735, 2068, 8, 9, 9, 8, 9, 8),
(17736, 2069, 9, 9, 9, 8, 9, 9),
(17737, 2069, 8, 9, 9, 9, 9, 8),
(17738, 2069, 9, 9, 8, 9, 9, 9),
(17739, 2069, 9, 8, 9, 9, 9, 9),
(17740, 2069, 9, 9, 9, 8, 9, 9),
(17741, 2069, 8, 9, 9, 9, 9, 8),
(17742, 2070, 9, 9, 9, 9, 9, 8),
(17743, 2070, 8, 9, 9, 9, 9, 8),
(17744, 2070, 9, 9, 8, 9, 9, 9),
(17745, 2070, 9, 8, 9, 9, 9, 9),
(17746, 2070, 9, 9, 9, 8, 9, 9),
(17747, 2070, 8, 9, 9, 9, 9, 8),
(17748, 2071, 9, 9, 9, 9, 9, 9),
(17749, 2071, 9, 9, 9, 9, 9, 9),
(17750, 2071, 9, 9, 9, 9, 9, 9),
(17751, 2071, 9, 9, 9, 9, 9, 9),
(17752, 2071, 9, 9, 9, 9, 9, 9),
(17753, 2071, 9, 9, 9, 9, 9, 9),
(17754, 2072, 9, 8, 9, 8, 8, 8),
(17755, 2072, 8, 9, 8, 8, 9, 8),
(17756, 2072, 9, 8, 9, 8, 8, 9),
(17757, 2072, 8, 9, 8, 8, 9, 8),
(17758, 2072, 9, 8, 9, 8, 8, 9),
(17759, 2072, 8, 9, 8, 8, 9, 8),
(17760, 2073, 9, 9, 8, 9, 8, 9),
(17761, 2073, 8, 9, 9, 8, 9, 8),
(17762, 2073, 9, 8, 9, 9, 8, 9),
(17763, 2073, 8, 9, 8, 9, 9, 8),
(17764, 2073, 9, 8, 9, 8, 9, 9),
(17765, 2073, 8, 9, 9, 8, 9, 8),
(17766, 2074, 9, 9, 8, 9, 8, 9),
(17767, 2074, 8, 9, 9, 8, 9, 8),
(17768, 2074, 9, 8, 9, 9, 8, 9),
(17769, 2074, 8, 9, 8, 9, 9, 8),
(17770, 2074, 9, 8, 9, 8, 9, 9),
(17771, 2074, 8, 9, 9, 8, 9, 8),
(17772, 2075, 9, 9, 9, 9, 9, 9),
(17773, 2075, 9, 9, 9, 9, 9, 9),
(17774, 2075, 9, 9, 9, 9, 9, 9),
(17775, 2075, 9, 9, 9, 9, 9, 9),
(17776, 2075, 9, 9, 9, 9, 9, 9),
(17777, 2075, 9, 9, 9, 9, 9, 9),
(17778, 2076, 8, 8, 8, 8, 8, 9),
(17779, 2076, 9, 8, 8, 9, 8, 8),
(17780, 2076, 8, 9, 8, 8, 9, 8),
(17781, 2076, 9, 8, 9, 8, 8, 9),
(17782, 2076, 8, 9, 8, 9, 8, 8),
(17783, 2076, 9, 8, 8, 9, 8, 9),
(17784, 2077, 8, 9, 8, 8, 9, 8),
(17785, 2077, 9, 8, 8, 9, 8, 8),
(17786, 2077, 8, 9, 8, 8, 9, 8),
(17787, 2077, 9, 8, 9, 8, 8, 9),
(17788, 2077, 8, 9, 8, 9, 8, 8),
(17789, 2077, 9, 8, 8, 9, 8, 9),
(17790, 2078, 9, 9, 8, 9, 8, 9),
(17791, 2078, 8, 9, 9, 8, 9, 8),
(17792, 2078, 9, 8, 9, 9, 8, 9),
(17793, 2078, 8, 9, 8, 9, 9, 8),
(17794, 2078, 9, 8, 9, 8, 9, 9),
(17795, 2078, 8, 9, 9, 8, 9, 8),
(17796, 2079, 9, 9, 9, 9, 9, 9),
(17797, 2079, 9, 9, 9, 9, 9, 9),
(17798, 2079, 9, 9, 9, 9, 9, 9),
(17799, 2079, 9, 9, 9, 9, 9, 9),
(17800, 2079, 9, 9, 9, 9, 9, 9),
(17801, 2079, 9, 9, 9, 9, 9, 9),
(17802, 2080, 8, 8, 7, 8, 7, 8),
(17803, 2080, 7, 8, 8, 7, 8, 7),
(17804, 2080, 8, 8, 8, 8, 7, 8),
(17805, 2080, 8, 7, 8, 8, 8, 7),
(17806, 2080, 8, 8, 7, 8, 8, 8),
(17807, 2080, 7, 8, 8, 8, 8, 7),
(17808, 2081, 8, 8, 8, 8, 8, 9),
(17809, 2081, 9, 8, 8, 9, 8, 8),
(17810, 2081, 8, 9, 8, 8, 9, 8),
(17811, 2081, 9, 8, 9, 8, 8, 9),
(17812, 2081, 8, 9, 8, 9, 8, 8),
(17813, 2081, 9, 8, 8, 9, 8, 9),
(17814, 2082, 9, 9, 8, 9, 8, 9),
(17815, 2082, 8, 9, 9, 8, 9, 8),
(17816, 2082, 9, 8, 9, 9, 8, 9),
(17817, 2082, 8, 9, 8, 9, 9, 8),
(17818, 2082, 9, 8, 9, 8, 9, 9),
(17819, 2082, 8, 9, 9, 8, 9, 8),
(17820, 2083, 9, 9, 9, 9, 9, 9),
(17821, 2083, 9, 9, 9, 9, 9, 9),
(17822, 2083, 9, 9, 9, 9, 9, 9),
(17823, 2083, 9, 9, 9, 9, 9, 9),
(17824, 2083, 9, 9, 9, 9, 9, 9),
(17825, 2083, 9, 9, 9, 9, 9, 9),
(17826, 2084, 8, 7, 8, 7, 7, 8),
(17827, 2084, 7, 8, 7, 8, 7, 7),
(17828, 2084, 8, 7, 8, 8, 7, 7),
(17829, 2084, 7, 8, 7, 7, 8, 8),
(17830, 2084, 8, 7, 8, 7, 8, 7),
(17831, 2084, 7, 8, 7, 8, 7, 8),
(17832, 2085, 8, 7, 8, 8, 7, 8),
(17833, 2085, 7, 8, 7, 8, 8, 7),
(17834, 2085, 8, 7, 8, 8, 7, 8),
(17835, 2085, 7, 8, 7, 7, 8, 7),
(17836, 2085, 8, 7, 8, 7, 8, 8),
(17837, 2085, 7, 8, 8, 7, 8, 7),
(17838, 2086, 8, 8, 8, 8, 8, 9),
(17839, 2086, 9, 8, 8, 9, 8, 8),
(17840, 2086, 8, 9, 8, 8, 9, 8),
(17841, 2086, 9, 8, 9, 8, 8, 9),
(17842, 2086, 8, 9, 8, 9, 8, 8),
(17843, 2086, 9, 8, 8, 9, 8, 9),
(17844, 2087, 9, 9, 9, 9, 9, 9),
(17845, 2087, 9, 9, 9, 9, 9, 9),
(17846, 2087, 9, 9, 9, 9, 9, 9),
(17847, 2087, 9, 9, 9, 9, 9, 9),
(17848, 2087, 9, 9, 9, 9, 9, 9),
(17849, 2087, 9, 9, 9, 9, 9, 9),
(17850, 2088, 8, 7, 8, 7, 7, 8),
(17851, 2088, 7, 8, 7, 8, 7, 7),
(17852, 2088, 8, 7, 8, 8, 7, 7),
(17853, 2088, 7, 8, 7, 7, 8, 8),
(17854, 2088, 8, 7, 8, 7, 8, 7),
(17855, 2088, 7, 8, 7, 8, 7, 8),
(17856, 2089, 8, 7, 8, 8, 7, 8),
(17857, 2089, 7, 8, 7, 8, 8, 7),
(17858, 2089, 8, 7, 8, 8, 7, 8),
(17859, 2089, 7, 8, 7, 7, 8, 7),
(17860, 2089, 8, 7, 8, 7, 8, 8),
(17861, 2089, 7, 8, 8, 7, 8, 7),
(17862, 2090, 8, 8, 8, 8, 8, 9),
(17863, 2090, 9, 8, 8, 9, 8, 8),
(17864, 2090, 8, 9, 8, 8, 9, 8),
(17865, 2090, 9, 8, 9, 8, 8, 9),
(17866, 2090, 8, 9, 8, 9, 8, 8),
(17867, 2090, 9, 8, 8, 9, 8, 9),
(17868, 2091, 9, 9, 9, 9, 9, 9),
(17869, 2091, 9, 9, 9, 9, 9, 9),
(17870, 2091, 9, 9, 9, 9, 9, 9),
(17871, 2091, 9, 9, 9, 9, 9, 9),
(17872, 2091, 9, 9, 9, 9, 9, 9),
(17873, 2091, 9, 9, 9, 9, 9, 9),
(17874, 2092, 8, 7, 8, 7, 7, 8),
(17875, 2092, 7, 8, 7, 8, 7, 7),
(17876, 2092, 8, 7, 8, 8, 7, 7),
(17877, 2092, 7, 8, 7, 7, 8, 8),
(17878, 2092, 8, 7, 8, 7, 8, 7),
(17879, 2092, 7, 8, 7, 8, 7, 8),
(17880, 2093, 8, 7, 8, 8, 7, 8),
(17881, 2093, 7, 8, 7, 8, 8, 7),
(17882, 2093, 8, 7, 8, 8, 7, 8),
(17883, 2093, 7, 8, 7, 7, 8, 7),
(17884, 2093, 8, 7, 8, 7, 8, 8),
(17885, 2093, 7, 8, 8, 7, 8, 7),
(17886, 2094, 8, 8, 8, 8, 8, 9),
(17887, 2094, 9, 8, 8, 9, 8, 8),
(17888, 2094, 8, 9, 8, 8, 9, 8),
(17889, 2094, 9, 8, 9, 8, 8, 9),
(17890, 2094, 8, 9, 8, 9, 8, 8),
(17891, 2094, 9, 8, 8, 9, 8, 9),
(17892, 2095, 9, 9, 9, 9, 9, 9),
(17893, 2095, 9, 9, 9, 9, 9, 9),
(17894, 2095, 9, 9, 9, 9, 9, 9),
(17895, 2095, 9, 9, 9, 9, 9, 9),
(17896, 2095, 9, 9, 9, 9, 9, 9),
(17897, 2095, 9, 9, 9, 9, 9, 9),
(17898, 2096, 8, 7, 8, 7, 7, 8),
(17899, 2096, 7, 8, 7, 8, 7, 7),
(17900, 2096, 8, 7, 8, 8, 7, 7),
(17901, 2096, 7, 8, 7, 7, 8, 8),
(17902, 2096, 8, 7, 8, 7, 8, 7),
(17903, 2096, 7, 8, 7, 8, 7, 8),
(17904, 2097, 8, 7, 8, 8, 7, 8),
(17905, 2097, 7, 8, 7, 8, 8, 7),
(17906, 2097, 8, 7, 8, 8, 7, 8),
(17907, 2097, 7, 8, 7, 7, 8, 7),
(17908, 2097, 8, 7, 8, 7, 8, 8),
(17909, 2097, 7, 8, 8, 7, 8, 7),
(17910, 2098, 8, 8, 8, 8, 8, 9),
(17911, 2098, 9, 8, 8, 9, 8, 8),
(17912, 2098, 8, 9, 8, 8, 9, 8),
(17913, 2098, 9, 8, 9, 8, 8, 9),
(17914, 2098, 8, 9, 8, 9, 8, 8),
(17915, 2098, 9, 8, 8, 9, 8, 9),
(17916, 2099, 9, 9, 9, 9, 9, 9),
(17917, 2099, 9, 9, 9, 9, 9, 9),
(17918, 2099, 9, 9, 9, 9, 9, 9),
(17919, 2099, 9, 9, 9, 9, 9, 9),
(17920, 2099, 9, 9, 9, 9, 9, 9),
(17921, 2099, 9, 9, 9, 9, 9, 9),
(17922, 2100, 8, 7, 8, 7, 7, 8),
(17923, 2100, 7, 8, 7, 8, 7, 7),
(17924, 2100, 8, 7, 8, 8, 7, 7),
(17925, 2100, 7, 8, 7, 7, 8, 8),
(17926, 2100, 8, 7, 8, 7, 8, 7),
(17927, 2100, 7, 8, 7, 8, 7, 8),
(17928, 2101, 8, 7, 8, 8, 7, 8),
(17929, 2101, 7, 8, 7, 8, 8, 7),
(17930, 2101, 8, 7, 8, 8, 7, 8),
(17931, 2101, 7, 8, 7, 7, 8, 7),
(17932, 2101, 8, 7, 8, 7, 8, 8),
(17933, 2101, 7, 8, 8, 7, 8, 7),
(17934, 2102, 8, 8, 8, 8, 8, 9),
(17935, 2102, 9, 8, 8, 9, 8, 8),
(17936, 2102, 8, 9, 8, 8, 9, 8),
(17937, 2102, 9, 8, 9, 8, 8, 9),
(17938, 2102, 8, 9, 8, 9, 8, 8),
(17939, 2102, 9, 8, 8, 9, 8, 9),
(17940, 2103, 9, 9, 9, 9, 9, 9),
(17941, 2103, 9, 9, 9, 9, 9, 9),
(17942, 2103, 9, 9, 9, 9, 9, 9),
(17943, 2103, 9, 9, 9, 9, 9, 9),
(17944, 2103, 9, 9, 9, 9, 9, 9),
(17945, 2103, 9, 9, 9, 9, 9, 9),
(17946, 2104, 8, 7, 8, 7, 7, 8),
(17947, 2104, 7, 8, 7, 8, 7, 7),
(17948, 2104, 8, 7, 8, 8, 7, 7),
(17949, 2104, 7, 8, 7, 7, 8, 8),
(17950, 2104, 8, 7, 8, 7, 8, 7),
(17951, 2104, 7, 8, 7, 8, 7, 8),
(17952, 2105, 8, 7, 8, 8, 7, 8),
(17953, 2105, 7, 8, 7, 8, 8, 7),
(17954, 2105, 8, 7, 8, 8, 7, 8),
(17955, 2105, 7, 8, 7, 7, 8, 7),
(17956, 2105, 8, 7, 8, 7, 8, 8),
(17957, 2105, 7, 8, 8, 7, 8, 7),
(17958, 2106, 8, 8, 8, 8, 8, 9),
(17959, 2106, 9, 8, 8, 9, 8, 8),
(17960, 2106, 8, 9, 8, 8, 9, 8),
(17961, 2106, 9, 8, 9, 8, 8, 9),
(17962, 2106, 8, 9, 8, 9, 8, 8),
(17963, 2106, 9, 8, 8, 9, 8, 9),
(17964, 2107, 9, 9, 9, 9, 9, 9),
(17965, 2107, 9, 9, 9, 9, 9, 9),
(17966, 2107, 9, 9, 9, 9, 9, 9),
(17967, 2107, 9, 9, 9, 9, 9, 9),
(17968, 2107, 9, 9, 9, 9, 9, 9),
(17969, 2107, 9, 9, 9, 9, 9, 9),
(17970, 2108, 9, 8, 9, 8, 8, 9),
(17971, 2108, 8, 9, 8, 9, 8, 8),
(17972, 2108, 9, 8, 9, 8, 8, 9),
(17973, 2108, 8, 9, 8, 8, 9, 8),
(17974, 2108, 9, 8, 9, 8, 8, 9),
(17975, 2108, 8, 9, 8, 9, 8, 8),
(17976, 2109, 9, 9, 8, 9, 8, 9),
(17977, 2109, 8, 9, 9, 8, 9, 8),
(17978, 2109, 9, 8, 9, 9, 8, 9),
(17979, 2109, 8, 9, 8, 9, 9, 8),
(17980, 2109, 9, 8, 9, 8, 9, 9),
(17981, 2109, 8, 9, 9, 8, 9, 8),
(17982, 2110, 9, 9, 8, 9, 8, 9),
(17983, 2110, 8, 9, 9, 8, 9, 8),
(17984, 2110, 9, 8, 9, 9, 8, 9),
(17985, 2110, 8, 9, 8, 9, 9, 8),
(17986, 2110, 9, 8, 9, 8, 9, 9),
(17987, 2110, 8, 9, 9, 8, 9, 8),
(17988, 2111, 9, 9, 9, 9, 9, 9),
(17989, 2111, 9, 9, 9, 9, 9, 9),
(17990, 2111, 9, 9, 9, 9, 9, 9),
(17991, 2111, 9, 9, 9, 9, 9, 9),
(17992, 2111, 9, 9, 9, 9, 9, 9),
(17993, 2111, 9, 9, 9, 9, 9, 9),
(17994, 2112, 8, 8, 8, 8, 8, 9),
(17995, 2112, 9, 8, 8, 9, 8, 8),
(17996, 2112, 8, 9, 8, 8, 9, 8),
(17997, 2112, 9, 8, 9, 8, 8, 9),
(17998, 2112, 8, 9, 8, 9, 8, 8),
(17999, 2112, 9, 8, 8, 9, 8, 9),
(18000, 2113, 8, 9, 8, 8, 9, 8),
(18001, 2113, 9, 8, 8, 9, 8, 8),
(18002, 2113, 8, 9, 8, 8, 9, 8),
(18003, 2113, 9, 8, 9, 8, 8, 9),
(18004, 2113, 8, 9, 8, 9, 8, 8),
(18005, 2113, 9, 8, 8, 9, 8, 9),
(18006, 2114, 9, 9, 8, 9, 8, 9),
(18007, 2114, 8, 9, 9, 8, 9, 8),
(18008, 2114, 9, 8, 9, 9, 8, 9),
(18009, 2114, 8, 9, 8, 9, 9, 8),
(18010, 2114, 9, 8, 9, 8, 9, 9),
(18011, 2114, 8, 9, 9, 8, 9, 8),
(18012, 2115, 9, 9, 9, 9, 9, 9),
(18013, 2115, 9, 9, 9, 9, 9, 9),
(18014, 2115, 9, 9, 9, 9, 9, 9),
(18015, 2115, 9, 9, 9, 9, 9, 9),
(18016, 2115, 9, 9, 9, 9, 9, 9),
(18017, 2115, 9, 9, 9, 9, 9, 9),
(18018, 2116, 8, 8, 7, 8, 7, 8),
(18019, 2116, 7, 8, 8, 7, 8, 7),
(18020, 2116, 8, 8, 8, 8, 7, 8),
(18021, 2116, 8, 7, 8, 8, 8, 7),
(18022, 2116, 8, 8, 7, 8, 8, 8),
(18023, 2116, 7, 8, 8, 8, 8, 7),
(18024, 2117, 8, 8, 8, 8, 8, 9),
(18025, 2117, 9, 8, 8, 9, 8, 8),
(18026, 2117, 8, 9, 8, 8, 9, 8),
(18027, 2117, 9, 8, 9, 8, 8, 9),
(18028, 2117, 8, 9, 8, 9, 8, 8),
(18029, 2117, 9, 8, 8, 9, 8, 9),
(18030, 2118, 9, 9, 8, 9, 8, 9),
(18031, 2118, 8, 9, 9, 8, 9, 8),
(18032, 2118, 9, 8, 9, 9, 8, 9),
(18033, 2118, 8, 9, 8, 9, 9, 8),
(18034, 2118, 9, 8, 9, 8, 9, 9),
(18035, 2118, 8, 9, 9, 8, 9, 8),
(18036, 2119, 9, 9, 9, 9, 9, 9),
(18037, 2119, 9, 9, 9, 9, 9, 9),
(18038, 2119, 9, 9, 9, 9, 9, 9),
(18039, 2119, 9, 9, 9, 9, 9, 9),
(18040, 2119, 9, 9, 9, 9, 9, 9),
(18041, 2119, 9, 9, 9, 9, 9, 9),
(18042, 2120, 8, 7, 8, 7, 7, 8),
(18043, 2120, 7, 8, 7, 8, 7, 7),
(18044, 2120, 8, 7, 8, 8, 7, 7),
(18045, 2120, 7, 8, 7, 7, 8, 8),
(18046, 2120, 8, 7, 8, 7, 8, 7),
(18047, 2120, 7, 8, 7, 8, 7, 8),
(18048, 2121, 8, 7, 8, 8, 7, 8),
(18049, 2121, 7, 8, 7, 8, 8, 7),
(18050, 2121, 8, 7, 8, 8, 7, 8),
(18051, 2121, 7, 8, 7, 7, 8, 7),
(18052, 2121, 8, 7, 8, 7, 8, 8),
(18053, 2121, 7, 8, 8, 7, 8, 7),
(18054, 2122, 8, 8, 8, 8, 8, 9),
(18055, 2122, 9, 8, 8, 9, 8, 8),
(18056, 2122, 8, 9, 8, 8, 9, 8),
(18057, 2122, 9, 8, 9, 8, 8, 9),
(18058, 2122, 8, 9, 8, 9, 8, 8),
(18059, 2122, 9, 8, 8, 9, 8, 9),
(18060, 2123, 9, 9, 9, 9, 9, 9),
(18061, 2123, 9, 9, 9, 9, 9, 9),
(18062, 2123, 9, 9, 9, 9, 9, 9),
(18063, 2123, 9, 9, 9, 9, 9, 9),
(18064, 2123, 9, 9, 9, 9, 9, 9),
(18065, 2123, 9, 9, 9, 9, 9, 9),
(18066, 2124, 8, 7, 8, 7, 7, 8),
(18067, 2124, 7, 8, 7, 8, 7, 7),
(18068, 2124, 8, 7, 8, 8, 7, 7),
(18069, 2124, 7, 8, 7, 7, 8, 8),
(18070, 2124, 8, 7, 8, 7, 8, 7),
(18071, 2124, 7, 8, 7, 8, 7, 8),
(18072, 2125, 8, 7, 8, 8, 7, 8),
(18073, 2125, 7, 8, 7, 8, 8, 7),
(18074, 2125, 8, 7, 8, 8, 7, 8),
(18075, 2125, 7, 8, 7, 7, 8, 7),
(18076, 2125, 8, 7, 8, 7, 8, 8),
(18077, 2125, 7, 8, 8, 7, 8, 7),
(18078, 2126, 8, 8, 8, 8, 8, 9),
(18079, 2126, 9, 8, 8, 9, 8, 8),
(18080, 2126, 8, 9, 8, 8, 9, 8),
(18081, 2126, 9, 8, 9, 8, 8, 9),
(18082, 2126, 8, 9, 8, 9, 8, 8),
(18083, 2126, 9, 8, 8, 9, 8, 9),
(18084, 2127, 9, 9, 9, 9, 9, 9),
(18085, 2127, 9, 9, 9, 9, 9, 9),
(18086, 2127, 9, 9, 9, 9, 9, 9),
(18087, 2127, 9, 9, 9, 9, 9, 9),
(18088, 2127, 9, 9, 9, 9, 9, 9),
(18089, 2127, 9, 9, 9, 9, 9, 9),
(18090, 2128, 8, 7, 8, 7, 7, 8),
(18091, 2128, 7, 8, 7, 8, 7, 7),
(18092, 2128, 8, 7, 8, 8, 7, 7),
(18093, 2128, 7, 8, 7, 7, 8, 8),
(18094, 2128, 8, 7, 8, 7, 8, 7),
(18095, 2128, 7, 8, 7, 8, 7, 8),
(18096, 2129, 8, 7, 8, 8, 7, 8),
(18097, 2129, 7, 8, 7, 8, 8, 7),
(18098, 2129, 8, 7, 8, 8, 7, 8),
(18099, 2129, 7, 8, 7, 7, 8, 7),
(18100, 2129, 8, 7, 8, 7, 8, 8),
(18101, 2129, 7, 8, 8, 7, 8, 7),
(18102, 2130, 8, 8, 8, 8, 8, 9),
(18103, 2130, 9, 8, 8, 9, 8, 8),
(18104, 2130, 8, 9, 8, 8, 9, 8),
(18105, 2130, 9, 8, 9, 8, 8, 9),
(18106, 2130, 8, 9, 8, 9, 8, 8),
(18107, 2130, 9, 8, 8, 9, 8, 9),
(18108, 2131, 9, 9, 9, 9, 9, 9),
(18109, 2131, 9, 9, 9, 9, 9, 9),
(18110, 2131, 9, 9, 9, 9, 9, 9),
(18111, 2131, 9, 9, 9, 9, 9, 9),
(18112, 2131, 9, 9, 9, 9, 9, 9),
(18113, 2131, 9, 9, 9, 9, 9, 9),
(18114, 2132, 8, 7, 8, 7, 7, 8),
(18115, 2132, 7, 8, 7, 8, 7, 7),
(18116, 2132, 8, 7, 8, 8, 7, 7),
(18117, 2132, 7, 8, 7, 7, 8, 8),
(18118, 2132, 8, 7, 8, 7, 8, 7),
(18119, 2132, 7, 8, 7, 8, 7, 8),
(18120, 2133, 8, 7, 8, 8, 7, 8),
(18121, 2133, 7, 8, 7, 8, 8, 7),
(18122, 2133, 8, 7, 8, 8, 7, 8),
(18123, 2133, 7, 8, 7, 7, 8, 7),
(18124, 2133, 8, 7, 8, 7, 8, 8),
(18125, 2133, 7, 8, 8, 7, 8, 7),
(18126, 2134, 8, 8, 8, 8, 8, 9),
(18127, 2134, 9, 8, 8, 9, 8, 8),
(18128, 2134, 8, 9, 8, 8, 9, 8),
(18129, 2134, 9, 8, 9, 8, 8, 9),
(18130, 2134, 8, 9, 8, 9, 8, 8),
(18131, 2134, 9, 8, 8, 9, 8, 9),
(18132, 2135, 9, 9, 9, 9, 9, 9),
(18133, 2135, 9, 9, 9, 9, 9, 9),
(18134, 2135, 9, 9, 9, 9, 9, 9),
(18135, 2135, 9, 9, 9, 9, 9, 9),
(18136, 2135, 9, 9, 9, 9, 9, 9),
(18137, 2135, 9, 9, 9, 9, 9, 9),
(18138, 2136, 8, 7, 8, 7, 7, 8),
(18139, 2136, 7, 8, 7, 8, 7, 7),
(18140, 2136, 8, 7, 8, 8, 7, 7),
(18141, 2136, 7, 8, 7, 7, 8, 8),
(18142, 2136, 8, 7, 8, 7, 8, 7),
(18143, 2136, 7, 8, 7, 8, 7, 8),
(18144, 2137, 8, 7, 8, 8, 7, 8),
(18145, 2137, 7, 8, 7, 8, 8, 7),
(18146, 2137, 8, 7, 8, 8, 7, 8),
(18147, 2137, 7, 8, 7, 7, 8, 7),
(18148, 2137, 8, 7, 8, 7, 8, 8),
(18149, 2137, 7, 8, 8, 7, 8, 7),
(18150, 2138, 8, 8, 8, 8, 8, 9),
(18151, 2138, 9, 8, 8, 9, 8, 8),
(18152, 2138, 8, 9, 8, 8, 9, 8),
(18153, 2138, 9, 8, 9, 8, 8, 9),
(18154, 2138, 8, 9, 8, 9, 8, 8),
(18155, 2138, 9, 8, 8, 9, 8, 9),
(18156, 2139, 9, 9, 9, 9, 9, 9),
(18157, 2139, 9, 9, 9, 9, 9, 9),
(18158, 2139, 9, 9, 9, 9, 9, 9),
(18159, 2139, 9, 9, 9, 9, 9, 9),
(18160, 2139, 9, 9, 9, 9, 9, 9),
(18161, 2139, 9, 9, 9, 9, 9, 9),
(18162, 2140, 8, 7, 8, 7, 7, 8),
(18163, 2140, 7, 8, 7, 8, 7, 7),
(18164, 2140, 8, 7, 8, 8, 7, 7),
(18165, 2140, 7, 8, 7, 7, 8, 8),
(18166, 2140, 8, 7, 8, 7, 8, 7),
(18167, 2140, 7, 8, 7, 8, 7, 8),
(18168, 2141, 8, 7, 8, 8, 7, 8),
(18169, 2141, 7, 8, 7, 8, 8, 7),
(18170, 2141, 8, 7, 8, 8, 7, 8),
(18171, 2141, 7, 8, 7, 7, 8, 7),
(18172, 2141, 8, 7, 8, 7, 8, 8),
(18173, 2141, 7, 8, 8, 7, 8, 7),
(18174, 2142, 8, 8, 8, 8, 8, 9),
(18175, 2142, 9, 8, 8, 9, 8, 8),
(18176, 2142, 8, 9, 8, 8, 9, 8),
(18177, 2142, 9, 8, 9, 8, 8, 9),
(18178, 2142, 8, 9, 8, 9, 8, 8),
(18179, 2142, 9, 8, 8, 9, 8, 9),
(18180, 2143, 9, 9, 9, 9, 9, 9),
(18181, 2143, 9, 9, 9, 9, 9, 9),
(18182, 2143, 9, 9, 9, 9, 9, 9),
(18183, 2143, 9, 9, 9, 9, 9, 9),
(18184, 2143, 9, 9, 9, 9, 9, 9),
(18185, 2143, 9, 9, 9, 9, 9, 9),
(18186, 2144, 8, 7, 8, 7, 7, 8),
(18187, 2144, 7, 8, 7, 8, 7, 7),
(18188, 2144, 8, 7, 8, 8, 7, 7),
(18189, 2144, 7, 8, 7, 7, 8, 8),
(18190, 2144, 8, 7, 8, 7, 8, 7),
(18191, 2144, 7, 8, 7, 8, 7, 8),
(18192, 2145, 8, 7, 8, 8, 7, 8),
(18193, 2145, 7, 8, 7, 8, 8, 7),
(18194, 2145, 8, 7, 8, 8, 7, 8),
(18195, 2145, 7, 8, 7, 7, 8, 7),
(18196, 2145, 8, 7, 8, 7, 8, 8),
(18197, 2145, 7, 8, 8, 7, 8, 7),
(18198, 2146, 8, 8, 8, 8, 8, 9),
(18199, 2146, 9, 8, 8, 9, 8, 8),
(18200, 2146, 8, 9, 8, 8, 9, 8),
(18201, 2146, 9, 8, 9, 8, 8, 9),
(18202, 2146, 8, 9, 8, 9, 8, 8),
(18203, 2146, 9, 8, 8, 9, 8, 9),
(18204, 2147, 9, 9, 9, 9, 9, 9),
(18205, 2147, 9, 9, 9, 9, 9, 9),
(18206, 2147, 9, 9, 9, 9, 9, 9),
(18207, 2147, 9, 9, 9, 9, 9, 9),
(18208, 2147, 9, 9, 9, 9, 9, 9),
(18209, 2147, 9, 9, 9, 9, 9, 9),
(18210, 2148, 9, 9, 9, 8, 9, 8),
(18211, 2148, 8, 9, 9, 8, 9, 8),
(18212, 2148, 9, 9, 8, 9, 9, 8),
(18213, 2148, 8, 9, 8, 9, 9, 8),
(18214, 2148, 9, 8, 9, 8, 9, 8),
(18215, 2148, 8, 9, 9, 8, 9, 8),
(18216, 2149, 9, 9, 9, 8, 9, 9),
(18217, 2149, 8, 9, 9, 9, 9, 8),
(18218, 2149, 9, 9, 8, 9, 9, 9),
(18219, 2149, 9, 8, 9, 9, 9, 9),
(18220, 2149, 9, 9, 9, 8, 9, 9),
(18221, 2149, 8, 9, 9, 9, 9, 8),
(18222, 2150, 9, 9, 9, 9, 9, 8),
(18223, 2150, 8, 9, 9, 9, 9, 8),
(18224, 2150, 9, 9, 8, 9, 9, 9),
(18225, 2150, 9, 8, 9, 9, 9, 9),
(18226, 2150, 9, 9, 9, 8, 9, 9),
(18227, 2150, 8, 9, 9, 9, 9, 8),
(18228, 2151, 9, 9, 9, 9, 9, 9),
(18229, 2151, 9, 9, 9, 9, 9, 9),
(18230, 2151, 9, 9, 9, 9, 9, 9),
(18231, 2151, 9, 9, 9, 9, 9, 9),
(18232, 2151, 9, 9, 9, 9, 9, 9),
(18233, 2151, 9, 9, 9, 9, 9, 9),
(18234, 2152, 9, 8, 9, 8, 8, 8),
(18235, 2152, 8, 9, 8, 8, 9, 8),
(18236, 2152, 9, 8, 9, 8, 8, 9),
(18237, 2152, 8, 9, 8, 8, 9, 8),
(18238, 2152, 9, 8, 9, 8, 8, 9),
(18239, 2152, 8, 9, 8, 8, 9, 8),
(18240, 2153, 9, 9, 8, 9, 8, 9),
(18241, 2153, 8, 9, 9, 8, 9, 8),
(18242, 2153, 9, 8, 9, 9, 8, 9),
(18243, 2153, 8, 9, 8, 9, 9, 8),
(18244, 2153, 9, 8, 9, 8, 9, 9),
(18245, 2153, 8, 9, 9, 8, 9, 8),
(18246, 2154, 9, 9, 8, 9, 8, 9),
(18247, 2154, 8, 9, 9, 8, 9, 8),
(18248, 2154, 9, 8, 9, 9, 8, 9),
(18249, 2154, 8, 9, 8, 9, 9, 8),
(18250, 2154, 9, 8, 9, 8, 9, 9),
(18251, 2154, 8, 9, 9, 8, 9, 8),
(18252, 2155, 9, 9, 9, 9, 9, 9),
(18253, 2155, 9, 9, 9, 9, 9, 9),
(18254, 2155, 9, 9, 9, 9, 9, 9),
(18255, 2155, 9, 9, 9, 9, 9, 9),
(18256, 2155, 9, 9, 9, 9, 9, 9),
(18257, 2155, 9, 9, 9, 9, 9, 9),
(18258, 2156, 8, 8, 8, 8, 8, 9),
(18259, 2156, 9, 8, 8, 9, 8, 8),
(18260, 2156, 8, 9, 8, 8, 9, 8),
(18261, 2156, 9, 8, 9, 8, 8, 9),
(18262, 2156, 8, 9, 8, 9, 8, 8),
(18263, 2156, 9, 8, 8, 9, 8, 9),
(18264, 2157, 8, 9, 8, 8, 9, 8),
(18265, 2157, 9, 8, 8, 9, 8, 8),
(18266, 2157, 8, 9, 8, 8, 9, 8),
(18267, 2157, 9, 8, 9, 8, 8, 9),
(18268, 2157, 8, 9, 8, 9, 8, 8),
(18269, 2157, 9, 8, 8, 9, 8, 9),
(18270, 2158, 9, 9, 8, 9, 8, 9),
(18271, 2158, 8, 9, 9, 8, 9, 8),
(18272, 2158, 9, 8, 9, 9, 8, 9),
(18273, 2158, 8, 9, 8, 9, 9, 8),
(18274, 2158, 9, 8, 9, 8, 9, 9),
(18275, 2158, 8, 9, 9, 8, 9, 8),
(18276, 2159, 9, 9, 9, 9, 9, 9),
(18277, 2159, 9, 9, 9, 9, 9, 9),
(18278, 2159, 9, 9, 9, 9, 9, 9),
(18279, 2159, 9, 9, 9, 9, 9, 9),
(18280, 2159, 9, 9, 9, 9, 9, 9),
(18281, 2159, 9, 9, 9, 9, 9, 9),
(18282, 2160, 8, 8, 7, 8, 7, 8),
(18283, 2160, 7, 8, 8, 7, 8, 7),
(18284, 2160, 8, 8, 8, 8, 7, 8),
(18285, 2160, 8, 7, 8, 8, 8, 7),
(18286, 2160, 8, 8, 7, 8, 8, 8),
(18287, 2160, 7, 8, 8, 8, 8, 7),
(18288, 2161, 8, 8, 8, 8, 8, 9),
(18289, 2161, 9, 8, 8, 9, 8, 8),
(18290, 2161, 8, 9, 8, 8, 9, 8),
(18291, 2161, 9, 8, 9, 8, 8, 9),
(18292, 2161, 8, 9, 8, 9, 8, 8),
(18293, 2161, 9, 8, 8, 9, 8, 9),
(18294, 2162, 9, 9, 8, 9, 8, 9),
(18295, 2162, 8, 9, 9, 8, 9, 8),
(18296, 2162, 9, 8, 9, 9, 8, 9),
(18297, 2162, 8, 9, 8, 9, 9, 8),
(18298, 2162, 9, 8, 9, 8, 9, 9),
(18299, 2162, 8, 9, 9, 8, 9, 8),
(18300, 2163, 9, 9, 9, 9, 9, 9),
(18301, 2163, 9, 9, 9, 9, 9, 9),
(18302, 2163, 9, 9, 9, 9, 9, 9),
(18303, 2163, 9, 9, 9, 9, 9, 9),
(18304, 2163, 9, 9, 9, 9, 9, 9),
(18305, 2163, 9, 9, 9, 9, 9, 9),
(18306, 2164, 8, 7, 8, 7, 7, 8),
(18307, 2164, 7, 8, 7, 8, 7, 7),
(18308, 2164, 8, 7, 8, 8, 7, 7),
(18309, 2164, 7, 8, 7, 7, 8, 8),
(18310, 2164, 8, 7, 8, 7, 8, 7),
(18311, 2164, 7, 8, 7, 8, 7, 8),
(18312, 2165, 8, 7, 8, 8, 7, 8),
(18313, 2165, 7, 8, 7, 8, 8, 7),
(18314, 2165, 8, 7, 8, 8, 7, 8),
(18315, 2165, 7, 8, 7, 7, 8, 7),
(18316, 2165, 8, 7, 8, 7, 8, 8),
(18317, 2165, 7, 8, 8, 7, 8, 7),
(18318, 2166, 8, 8, 8, 8, 8, 9),
(18319, 2166, 9, 8, 8, 9, 8, 8),
(18320, 2166, 8, 9, 8, 8, 9, 8),
(18321, 2166, 9, 8, 9, 8, 8, 9),
(18322, 2166, 8, 9, 8, 9, 8, 8),
(18323, 2166, 9, 8, 8, 9, 8, 9),
(18324, 2167, 9, 9, 9, 9, 9, 9),
(18325, 2167, 9, 9, 9, 9, 9, 9),
(18326, 2167, 9, 9, 9, 9, 9, 9),
(18327, 2167, 9, 9, 9, 9, 9, 9),
(18328, 2167, 9, 9, 9, 9, 9, 9),
(18329, 2167, 9, 9, 9, 9, 9, 9),
(18330, 2168, 8, 7, 8, 7, 7, 8),
(18331, 2168, 7, 8, 7, 8, 7, 7),
(18332, 2168, 8, 7, 8, 8, 7, 7),
(18333, 2168, 7, 8, 7, 7, 8, 8),
(18334, 2168, 8, 7, 8, 7, 8, 7),
(18335, 2168, 7, 8, 7, 8, 7, 8),
(18336, 2169, 8, 7, 8, 8, 7, 8),
(18337, 2169, 7, 8, 7, 8, 8, 7),
(18338, 2169, 8, 7, 8, 8, 7, 8),
(18339, 2169, 7, 8, 7, 7, 8, 7),
(18340, 2169, 8, 7, 8, 7, 8, 8),
(18341, 2169, 7, 8, 8, 7, 8, 7),
(18342, 2170, 8, 8, 8, 8, 8, 9),
(18343, 2170, 9, 8, 8, 9, 8, 8),
(18344, 2170, 8, 9, 8, 8, 9, 8),
(18345, 2170, 9, 8, 9, 8, 8, 9),
(18346, 2170, 8, 9, 8, 9, 8, 8),
(18347, 2170, 9, 8, 8, 9, 8, 9),
(18348, 2171, 9, 9, 9, 9, 9, 9),
(18349, 2171, 9, 9, 9, 9, 9, 9),
(18350, 2171, 9, 9, 9, 9, 9, 9),
(18351, 2171, 9, 9, 9, 9, 9, 9),
(18352, 2171, 9, 9, 9, 9, 9, 9),
(18353, 2171, 9, 9, 9, 9, 9, 9),
(18354, 2172, 8, 7, 8, 7, 7, 8),
(18355, 2172, 7, 8, 7, 8, 7, 7),
(18356, 2172, 8, 7, 8, 8, 7, 7),
(18357, 2172, 7, 8, 7, 7, 8, 8),
(18358, 2172, 8, 7, 8, 7, 8, 7),
(18359, 2172, 7, 8, 7, 8, 7, 8),
(18360, 2173, 8, 7, 8, 8, 7, 8),
(18361, 2173, 7, 8, 7, 8, 8, 7),
(18362, 2173, 8, 7, 8, 8, 7, 8),
(18363, 2173, 7, 8, 7, 7, 8, 7),
(18364, 2173, 8, 7, 8, 7, 8, 8),
(18365, 2173, 7, 8, 8, 7, 8, 7),
(18366, 2174, 8, 8, 8, 8, 8, 9),
(18367, 2174, 9, 8, 8, 9, 8, 8),
(18368, 2174, 8, 9, 8, 8, 9, 8),
(18369, 2174, 9, 8, 9, 8, 8, 9),
(18370, 2174, 8, 9, 8, 9, 8, 8),
(18371, 2174, 9, 8, 8, 9, 8, 9),
(18372, 2175, 9, 9, 9, 9, 9, 9),
(18373, 2175, 9, 9, 9, 9, 9, 9),
(18374, 2175, 9, 9, 9, 9, 9, 9),
(18375, 2175, 9, 9, 9, 9, 9, 9),
(18376, 2175, 9, 9, 9, 9, 9, 9),
(18377, 2175, 9, 9, 9, 9, 9, 9),
(18378, 2176, 8, 7, 8, 7, 7, 8),
(18379, 2176, 7, 8, 7, 8, 7, 7),
(18380, 2176, 8, 7, 8, 8, 7, 7),
(18381, 2176, 7, 8, 7, 7, 8, 8),
(18382, 2176, 8, 7, 8, 7, 8, 7),
(18383, 2176, 7, 8, 7, 8, 7, 8),
(18384, 2177, 8, 7, 8, 8, 7, 8),
(18385, 2177, 7, 8, 7, 8, 8, 7),
(18386, 2177, 8, 7, 8, 8, 7, 8),
(18387, 2177, 7, 8, 7, 7, 8, 7),
(18388, 2177, 8, 7, 8, 7, 8, 8),
(18389, 2177, 7, 8, 8, 7, 8, 7),
(18390, 2178, 8, 8, 8, 8, 8, 9),
(18391, 2178, 9, 8, 8, 9, 8, 8),
(18392, 2178, 8, 9, 8, 8, 9, 8),
(18393, 2178, 9, 8, 9, 8, 8, 9),
(18394, 2178, 8, 9, 8, 9, 8, 8),
(18395, 2178, 9, 8, 8, 9, 8, 9),
(18396, 2179, 9, 9, 9, 9, 9, 9),
(18397, 2179, 9, 9, 9, 9, 9, 9),
(18398, 2179, 9, 9, 9, 9, 9, 9),
(18399, 2179, 9, 9, 9, 9, 9, 9),
(18400, 2179, 9, 9, 9, 9, 9, 9),
(18401, 2179, 9, 9, 9, 9, 9, 9),
(18402, 2180, 8, 7, 8, 7, 7, 8),
(18403, 2180, 7, 8, 7, 8, 7, 7),
(18404, 2180, 8, 7, 8, 8, 7, 7),
(18405, 2180, 7, 8, 7, 7, 8, 8),
(18406, 2180, 8, 7, 8, 7, 8, 7),
(18407, 2180, 7, 8, 7, 8, 7, 8),
(18408, 2181, 8, 7, 8, 8, 7, 8),
(18409, 2181, 7, 8, 7, 8, 8, 7),
(18410, 2181, 8, 7, 8, 8, 7, 8),
(18411, 2181, 7, 8, 7, 7, 8, 7),
(18412, 2181, 8, 7, 8, 7, 8, 8),
(18413, 2181, 7, 8, 8, 7, 8, 7),
(18414, 2182, 8, 8, 8, 8, 8, 9),
(18415, 2182, 9, 8, 8, 9, 8, 8),
(18416, 2182, 8, 9, 8, 8, 9, 8),
(18417, 2182, 9, 8, 9, 8, 8, 9),
(18418, 2182, 8, 9, 8, 9, 8, 8),
(18419, 2182, 9, 8, 8, 9, 8, 9),
(18420, 2183, 9, 9, 9, 9, 9, 9),
(18421, 2183, 9, 9, 9, 9, 9, 9),
(18422, 2183, 9, 9, 9, 9, 9, 9),
(18423, 2183, 9, 9, 9, 9, 9, 9),
(18424, 2183, 9, 9, 9, 9, 9, 9),
(18425, 2183, 9, 9, 9, 9, 9, 9),
(18426, 2184, 8, 7, 8, 7, 7, 8),
(18427, 2184, 7, 8, 7, 8, 7, 7),
(18428, 2184, 8, 7, 8, 8, 7, 7),
(18429, 2184, 7, 8, 7, 7, 8, 8),
(18430, 2184, 8, 7, 8, 7, 8, 7),
(18431, 2184, 7, 8, 7, 8, 7, 8),
(18432, 2185, 8, 7, 8, 8, 7, 8),
(18433, 2185, 7, 8, 7, 8, 8, 7),
(18434, 2185, 8, 7, 8, 8, 7, 8),
(18435, 2185, 7, 8, 7, 7, 8, 7),
(18436, 2185, 8, 7, 8, 7, 8, 8),
(18437, 2185, 7, 8, 8, 7, 8, 7),
(18438, 2186, 8, 8, 8, 8, 8, 9),
(18439, 2186, 9, 8, 8, 9, 8, 8),
(18440, 2186, 8, 9, 8, 8, 9, 8),
(18441, 2186, 9, 8, 9, 8, 8, 9),
(18442, 2186, 8, 9, 8, 9, 8, 8),
(18443, 2186, 9, 8, 8, 9, 8, 9),
(18444, 2187, 9, 9, 9, 9, 9, 9),
(18445, 2187, 9, 9, 9, 9, 9, 9),
(18446, 2187, 9, 9, 9, 9, 9, 9),
(18447, 2187, 9, 9, 9, 9, 9, 9),
(18448, 2187, 9, 9, 9, 9, 9, 9),
(18449, 2187, 9, 9, 9, 9, 9, 9),
(18450, 2188, 9, 8, 9, 8, 8, 9),
(18451, 2188, 8, 9, 8, 9, 8, 8),
(18452, 2188, 9, 8, 9, 8, 8, 9),
(18453, 2188, 8, 9, 8, 8, 9, 8),
(18454, 2188, 9, 8, 9, 8, 8, 9),
(18455, 2188, 8, 9, 8, 9, 8, 8),
(18456, 2189, 9, 9, 8, 9, 8, 9),
(18457, 2189, 8, 9, 9, 8, 9, 8),
(18458, 2189, 9, 8, 9, 9, 8, 9),
(18459, 2189, 8, 9, 8, 9, 9, 8),
(18460, 2189, 9, 8, 9, 8, 9, 9),
(18461, 2189, 8, 9, 9, 8, 9, 8),
(18462, 2190, 9, 9, 8, 9, 8, 9),
(18463, 2190, 8, 9, 9, 8, 9, 8),
(18464, 2190, 9, 8, 9, 9, 8, 9),
(18465, 2190, 8, 9, 8, 9, 9, 8),
(18466, 2190, 9, 8, 9, 8, 9, 9),
(18467, 2190, 8, 9, 9, 8, 9, 8),
(18468, 2191, 9, 9, 9, 9, 9, 9),
(18469, 2191, 9, 9, 9, 9, 9, 9),
(18470, 2191, 9, 9, 9, 9, 9, 9),
(18471, 2191, 9, 9, 9, 9, 9, 9),
(18472, 2191, 9, 9, 9, 9, 9, 9),
(18473, 2191, 9, 9, 9, 9, 9, 9),
(18474, 2192, 8, 8, 8, 8, 8, 9),
(18475, 2192, 9, 8, 8, 9, 8, 8),
(18476, 2192, 8, 9, 8, 8, 9, 8),
(18477, 2192, 9, 8, 9, 8, 8, 9),
(18478, 2192, 8, 9, 8, 9, 8, 8),
(18479, 2192, 9, 8, 8, 9, 8, 9),
(18480, 2193, 8, 9, 8, 8, 9, 8),
(18481, 2193, 9, 8, 8, 9, 8, 8),
(18482, 2193, 8, 9, 8, 8, 9, 8),
(18483, 2193, 9, 8, 9, 8, 8, 9),
(18484, 2193, 8, 9, 8, 9, 8, 8),
(18485, 2193, 9, 8, 8, 9, 8, 9),
(18486, 2194, 9, 9, 8, 9, 8, 9),
(18487, 2194, 8, 9, 9, 8, 9, 8),
(18488, 2194, 9, 8, 9, 9, 8, 9),
(18489, 2194, 8, 9, 8, 9, 9, 8),
(18490, 2194, 9, 8, 9, 8, 9, 9),
(18491, 2194, 8, 9, 9, 8, 9, 8),
(18492, 2195, 9, 9, 9, 9, 9, 9),
(18493, 2195, 9, 9, 9, 9, 9, 9),
(18494, 2195, 9, 9, 9, 9, 9, 9),
(18495, 2195, 9, 9, 9, 9, 9, 9),
(18496, 2195, 9, 9, 9, 9, 9, 9),
(18497, 2195, 9, 9, 9, 9, 9, 9),
(18498, 2196, 8, 8, 7, 8, 7, 8),
(18499, 2196, 7, 8, 8, 7, 8, 7),
(18500, 2196, 8, 8, 8, 8, 7, 8),
(18501, 2196, 8, 7, 8, 8, 8, 7),
(18502, 2196, 8, 8, 7, 8, 8, 8),
(18503, 2196, 7, 8, 8, 8, 8, 7),
(18504, 2197, 8, 8, 8, 8, 8, 9),
(18505, 2197, 9, 8, 8, 9, 8, 8),
(18506, 2197, 8, 9, 8, 8, 9, 8),
(18507, 2197, 9, 8, 9, 8, 8, 9),
(18508, 2197, 8, 9, 8, 9, 8, 8),
(18509, 2197, 9, 8, 8, 9, 8, 9),
(18510, 2198, 9, 9, 8, 9, 8, 9),
(18511, 2198, 8, 9, 9, 8, 9, 8),
(18512, 2198, 9, 8, 9, 9, 8, 9),
(18513, 2198, 8, 9, 8, 9, 9, 8),
(18514, 2198, 9, 8, 9, 8, 9, 9),
(18515, 2198, 8, 9, 9, 8, 9, 8),
(18516, 2199, 9, 9, 9, 9, 9, 9),
(18517, 2199, 9, 9, 9, 9, 9, 9),
(18518, 2199, 9, 9, 9, 9, 9, 9),
(18519, 2199, 9, 9, 9, 9, 9, 9),
(18520, 2199, 9, 9, 9, 9, 9, 9),
(18521, 2199, 9, 9, 9, 9, 9, 9),
(18522, 2200, 8, 7, 8, 7, 7, 8),
(18523, 2200, 7, 8, 7, 8, 7, 7),
(18524, 2200, 8, 7, 8, 8, 7, 7),
(18525, 2200, 7, 8, 7, 7, 8, 8),
(18526, 2200, 8, 7, 8, 7, 8, 7),
(18527, 2200, 7, 8, 7, 8, 7, 8),
(18528, 2201, 8, 7, 8, 8, 7, 8),
(18529, 2201, 7, 8, 7, 8, 8, 7),
(18530, 2201, 8, 7, 8, 8, 7, 8),
(18531, 2201, 7, 8, 7, 7, 8, 7),
(18532, 2201, 8, 7, 8, 7, 8, 8),
(18533, 2201, 7, 8, 8, 7, 8, 7),
(18534, 2202, 8, 8, 8, 8, 8, 9),
(18535, 2202, 9, 8, 8, 9, 8, 8),
(18536, 2202, 8, 9, 8, 8, 9, 8),
(18537, 2202, 9, 8, 9, 8, 8, 9),
(18538, 2202, 8, 9, 8, 9, 8, 8),
(18539, 2202, 9, 8, 8, 9, 8, 9),
(18540, 2203, 9, 9, 9, 9, 9, 9),
(18541, 2203, 9, 9, 9, 9, 9, 9),
(18542, 2203, 9, 9, 9, 9, 9, 9),
(18543, 2203, 9, 9, 9, 9, 9, 9),
(18544, 2203, 9, 9, 9, 9, 9, 9),
(18545, 2203, 9, 9, 9, 9, 9, 9),
(18546, 2204, 8, 7, 8, 7, 7, 8),
(18547, 2204, 7, 8, 7, 8, 7, 7),
(18548, 2204, 8, 7, 8, 8, 7, 7),
(18549, 2204, 7, 8, 7, 7, 8, 8),
(18550, 2204, 8, 7, 8, 7, 8, 7),
(18551, 2204, 7, 8, 7, 8, 7, 8),
(18552, 2205, 8, 7, 8, 8, 7, 8),
(18553, 2205, 7, 8, 7, 8, 8, 7),
(18554, 2205, 8, 7, 8, 8, 7, 8),
(18555, 2205, 7, 8, 7, 7, 8, 7),
(18556, 2205, 8, 7, 8, 7, 8, 8),
(18557, 2205, 7, 8, 8, 7, 8, 7),
(18558, 2206, 8, 8, 8, 8, 8, 9),
(18559, 2206, 9, 8, 8, 9, 8, 8),
(18560, 2206, 8, 9, 8, 8, 9, 8),
(18561, 2206, 9, 8, 9, 8, 8, 9),
(18562, 2206, 8, 9, 8, 9, 8, 8),
(18563, 2206, 9, 8, 8, 9, 8, 9),
(18564, 2207, 9, 9, 9, 9, 9, 9),
(18565, 2207, 9, 9, 9, 9, 9, 9),
(18566, 2207, 9, 9, 9, 9, 9, 9),
(18567, 2207, 9, 9, 9, 9, 9, 9),
(18568, 2207, 9, 9, 9, 9, 9, 9),
(18569, 2207, 9, 9, 9, 9, 9, 9),
(18570, 2208, 8, 7, 8, 7, 7, 8),
(18571, 2208, 7, 8, 7, 8, 7, 7),
(18572, 2208, 8, 7, 8, 8, 7, 7),
(18573, 2208, 7, 8, 7, 7, 8, 8),
(18574, 2208, 8, 7, 8, 7, 8, 7),
(18575, 2208, 7, 8, 7, 8, 7, 8),
(18576, 2209, 8, 7, 8, 8, 7, 8),
(18577, 2209, 7, 8, 7, 8, 8, 7),
(18578, 2209, 8, 7, 8, 8, 7, 8),
(18579, 2209, 7, 8, 7, 7, 8, 7),
(18580, 2209, 8, 7, 8, 7, 8, 8),
(18581, 2209, 7, 8, 8, 7, 8, 7),
(18582, 2210, 8, 8, 8, 8, 8, 9),
(18583, 2210, 9, 8, 8, 9, 8, 8),
(18584, 2210, 8, 9, 8, 8, 9, 8),
(18585, 2210, 9, 8, 9, 8, 8, 9),
(18586, 2210, 8, 9, 8, 9, 8, 8),
(18587, 2210, 9, 8, 8, 9, 8, 9),
(18588, 2211, 9, 9, 9, 9, 9, 9),
(18589, 2211, 9, 9, 9, 9, 9, 9),
(18590, 2211, 9, 9, 9, 9, 9, 9),
(18591, 2211, 9, 9, 9, 9, 9, 9),
(18592, 2211, 9, 9, 9, 9, 9, 9),
(18593, 2211, 9, 9, 9, 9, 9, 9),
(18594, 2212, 8, 7, 8, 7, 7, 8),
(18595, 2212, 7, 8, 7, 8, 7, 7),
(18596, 2212, 8, 7, 8, 8, 7, 7),
(18597, 2212, 7, 8, 7, 7, 8, 8),
(18598, 2212, 8, 7, 8, 7, 8, 7),
(18599, 2212, 7, 8, 7, 8, 7, 8),
(18600, 2213, 8, 7, 8, 8, 7, 8),
(18601, 2213, 7, 8, 7, 8, 8, 7),
(18602, 2213, 8, 7, 8, 8, 7, 8),
(18603, 2213, 7, 8, 7, 7, 8, 7),
(18604, 2213, 8, 7, 8, 7, 8, 8),
(18605, 2213, 7, 8, 8, 7, 8, 7),
(18606, 2214, 8, 8, 8, 8, 8, 9),
(18607, 2214, 9, 8, 8, 9, 8, 8),
(18608, 2214, 8, 9, 8, 8, 9, 8),
(18609, 2214, 9, 8, 9, 8, 8, 9),
(18610, 2214, 8, 9, 8, 9, 8, 8),
(18611, 2214, 9, 8, 8, 9, 8, 9),
(18612, 2215, 9, 9, 9, 9, 9, 9),
(18613, 2215, 9, 9, 9, 9, 9, 9),
(18614, 2215, 9, 9, 9, 9, 9, 9),
(18615, 2215, 9, 9, 9, 9, 9, 9),
(18616, 2215, 9, 9, 9, 9, 9, 9),
(18617, 2215, 9, 9, 9, 9, 9, 9),
(18618, 2216, 8, 7, 8, 7, 7, 8),
(18619, 2216, 7, 8, 7, 8, 7, 7),
(18620, 2216, 8, 7, 8, 8, 7, 7),
(18621, 2216, 7, 8, 7, 7, 8, 8),
(18622, 2216, 8, 7, 8, 7, 8, 7),
(18623, 2216, 7, 8, 7, 8, 7, 8),
(18624, 2217, 8, 7, 8, 8, 7, 8),
(18625, 2217, 7, 8, 7, 8, 8, 7),
(18626, 2217, 8, 7, 8, 8, 7, 8),
(18627, 2217, 7, 8, 7, 7, 8, 7),
(18628, 2217, 8, 7, 8, 7, 8, 8),
(18629, 2217, 7, 8, 8, 7, 8, 7),
(18630, 2218, 8, 8, 8, 8, 8, 9),
(18631, 2218, 9, 8, 8, 9, 8, 8),
(18632, 2218, 8, 9, 8, 8, 9, 8),
(18633, 2218, 9, 8, 9, 8, 8, 9),
(18634, 2218, 8, 9, 8, 9, 8, 8),
(18635, 2218, 9, 8, 8, 9, 8, 9),
(18636, 2219, 9, 9, 9, 9, 9, 9),
(18637, 2219, 9, 9, 9, 9, 9, 9),
(18638, 2219, 9, 9, 9, 9, 9, 9),
(18639, 2219, 9, 9, 9, 9, 9, 9),
(18640, 2219, 9, 9, 9, 9, 9, 9),
(18641, 2219, 9, 9, 9, 9, 9, 9),
(18642, 2220, 8, 7, 8, 7, 7, 8),
(18643, 2220, 7, 8, 7, 8, 7, 7),
(18644, 2220, 8, 7, 8, 8, 7, 7),
(18645, 2220, 7, 8, 7, 7, 8, 8),
(18646, 2220, 8, 7, 8, 7, 8, 7),
(18647, 2220, 7, 8, 7, 8, 7, 8),
(18648, 2221, 8, 7, 8, 8, 7, 8),
(18649, 2221, 7, 8, 7, 8, 8, 7),
(18650, 2221, 8, 7, 8, 8, 7, 8),
(18651, 2221, 7, 8, 7, 7, 8, 7),
(18652, 2221, 8, 7, 8, 7, 8, 8),
(18653, 2221, 7, 8, 8, 7, 8, 7),
(18654, 2222, 8, 8, 8, 8, 8, 9),
(18655, 2222, 9, 8, 8, 9, 8, 8),
(18656, 2222, 8, 9, 8, 8, 9, 8),
(18657, 2222, 9, 8, 9, 8, 8, 9),
(18658, 2222, 8, 9, 8, 9, 8, 8),
(18659, 2222, 9, 8, 8, 9, 8, 9),
(18660, 2223, 9, 9, 9, 9, 9, 9),
(18661, 2223, 9, 9, 9, 9, 9, 9),
(18662, 2223, 9, 9, 9, 9, 9, 9),
(18663, 2223, 9, 9, 9, 9, 9, 9),
(18664, 2223, 9, 9, 9, 9, 9, 9),
(18665, 2223, 9, 9, 9, 9, 9, 9),
(18666, 2224, 8, 7, 8, 7, 7, 8),
(18667, 2224, 7, 8, 7, 8, 7, 7),
(18668, 2224, 8, 7, 8, 8, 7, 7),
(18669, 2224, 7, 8, 7, 7, 8, 8),
(18670, 2224, 8, 7, 8, 7, 8, 7),
(18671, 2224, 7, 8, 7, 8, 7, 8),
(18672, 2225, 8, 7, 8, 8, 7, 8),
(18673, 2225, 7, 8, 7, 8, 8, 7),
(18674, 2225, 8, 7, 8, 8, 7, 8),
(18675, 2225, 7, 8, 7, 7, 8, 7),
(18676, 2225, 8, 7, 8, 7, 8, 8),
(18677, 2225, 7, 8, 8, 7, 8, 7),
(18678, 2226, 8, 8, 8, 8, 8, 9),
(18679, 2226, 9, 8, 8, 9, 8, 8),
(18680, 2226, 8, 9, 8, 8, 9, 8),
(18681, 2226, 9, 8, 9, 8, 8, 9),
(18682, 2226, 8, 9, 8, 9, 8, 8),
(18683, 2226, 9, 8, 8, 9, 8, 9),
(18684, 2227, 9, 9, 9, 9, 9, 9),
(18685, 2227, 9, 9, 9, 9, 9, 9),
(18686, 2227, 9, 9, 9, 9, 9, 9),
(18687, 2227, 9, 9, 9, 9, 9, 9),
(18688, 2227, 9, 9, 9, 9, 9, 9),
(18689, 2227, 9, 9, 9, 9, 9, 9),
(18690, 2228, 9, 8, 9, 8, 8, 9),
(18691, 2228, 8, 9, 8, 9, 8, 8),
(18692, 2228, 9, 8, 9, 8, 8, 9),
(18693, 2228, 8, 9, 8, 8, 9, 8),
(18694, 2228, 9, 8, 9, 8, 8, 9),
(18695, 2228, 8, 9, 8, 9, 8, 8),
(18696, 2229, 9, 9, 8, 9, 8, 9),
(18697, 2229, 8, 9, 9, 8, 9, 8),
(18698, 2229, 9, 8, 9, 9, 8, 9),
(18699, 2229, 8, 9, 8, 9, 9, 8),
(18700, 2229, 9, 8, 9, 8, 9, 9),
(18701, 2229, 8, 9, 9, 8, 9, 8),
(18702, 2230, 9, 9, 8, 9, 8, 9),
(18703, 2230, 8, 9, 9, 8, 9, 8),
(18704, 2230, 9, 8, 9, 9, 8, 9),
(18705, 2230, 8, 9, 8, 9, 9, 8),
(18706, 2230, 9, 8, 9, 8, 9, 9),
(18707, 2230, 8, 9, 9, 8, 9, 8),
(18708, 2231, 9, 9, 9, 9, 9, 9),
(18709, 2231, 9, 9, 9, 9, 9, 9),
(18710, 2231, 9, 9, 9, 9, 9, 9),
(18711, 2231, 9, 9, 9, 9, 9, 9),
(18712, 2231, 9, 9, 9, 9, 9, 9),
(18713, 2231, 9, 9, 9, 9, 9, 9),
(18714, 2232, 8, 8, 8, 8, 8, 9),
(18715, 2232, 9, 8, 8, 9, 8, 8),
(18716, 2232, 8, 9, 8, 8, 9, 8),
(18717, 2232, 9, 8, 9, 8, 8, 9),
(18718, 2232, 8, 9, 8, 9, 8, 8),
(18719, 2232, 9, 8, 8, 9, 8, 9),
(18720, 2233, 8, 9, 8, 8, 9, 8),
(18721, 2233, 9, 8, 8, 9, 8, 8),
(18722, 2233, 8, 9, 8, 8, 9, 8),
(18723, 2233, 9, 8, 9, 8, 8, 9),
(18724, 2233, 8, 9, 8, 9, 8, 8),
(18725, 2233, 9, 8, 8, 9, 8, 9),
(18726, 2234, 9, 9, 8, 9, 8, 9),
(18727, 2234, 8, 9, 9, 8, 9, 8),
(18728, 2234, 9, 8, 9, 9, 8, 9),
(18729, 2234, 8, 9, 8, 9, 9, 8),
(18730, 2234, 9, 8, 9, 8, 9, 9),
(18731, 2234, 8, 9, 9, 8, 9, 8),
(18732, 2235, 9, 9, 9, 9, 9, 9),
(18733, 2235, 9, 9, 9, 9, 9, 9),
(18734, 2235, 9, 9, 9, 9, 9, 9),
(18735, 2235, 9, 9, 9, 9, 9, 9),
(18736, 2235, 9, 9, 9, 9, 9, 9),
(18737, 2235, 9, 9, 9, 9, 9, 9),
(18738, 2236, 8, 8, 7, 8, 7, 8),
(18739, 2236, 7, 8, 8, 7, 8, 7),
(18740, 2236, 8, 8, 8, 8, 7, 8),
(18741, 2236, 8, 7, 8, 8, 8, 7),
(18742, 2236, 8, 8, 7, 8, 8, 8),
(18743, 2236, 7, 8, 8, 8, 8, 7),
(18744, 2237, 8, 8, 8, 8, 8, 9),
(18745, 2237, 9, 8, 8, 9, 8, 8),
(18746, 2237, 8, 9, 8, 8, 9, 8),
(18747, 2237, 9, 8, 9, 8, 8, 9),
(18748, 2237, 8, 9, 8, 9, 8, 8),
(18749, 2237, 9, 8, 8, 9, 8, 9),
(18750, 2238, 9, 9, 8, 9, 8, 9),
(18751, 2238, 8, 9, 9, 8, 9, 8),
(18752, 2238, 9, 8, 9, 9, 8, 9),
(18753, 2238, 8, 9, 8, 9, 9, 8),
(18754, 2238, 9, 8, 9, 8, 9, 9),
(18755, 2238, 8, 9, 9, 8, 9, 8),
(18756, 2239, 9, 9, 9, 9, 9, 9),
(18757, 2239, 9, 9, 9, 9, 9, 9),
(18758, 2239, 9, 9, 9, 9, 9, 9),
(18759, 2239, 9, 9, 9, 9, 9, 9),
(18760, 2239, 9, 9, 9, 9, 9, 9),
(18761, 2239, 9, 9, 9, 9, 9, 9),
(18762, 2240, 8, 7, 8, 7, 7, 8),
(18763, 2240, 7, 8, 7, 8, 7, 7),
(18764, 2240, 8, 7, 8, 8, 7, 7),
(18765, 2240, 7, 8, 7, 7, 8, 8),
(18766, 2240, 8, 7, 8, 7, 8, 7),
(18767, 2240, 7, 8, 7, 8, 7, 8),
(18768, 2241, 8, 7, 8, 8, 7, 8),
(18769, 2241, 7, 8, 7, 8, 8, 7),
(18770, 2241, 8, 7, 8, 8, 7, 8),
(18771, 2241, 7, 8, 7, 7, 8, 7),
(18772, 2241, 8, 7, 8, 7, 8, 8),
(18773, 2241, 7, 8, 8, 7, 8, 7),
(18774, 2242, 8, 8, 8, 8, 8, 9),
(18775, 2242, 9, 8, 8, 9, 8, 8),
(18776, 2242, 8, 9, 8, 8, 9, 8),
(18777, 2242, 9, 8, 9, 8, 8, 9),
(18778, 2242, 8, 9, 8, 9, 8, 8),
(18779, 2242, 9, 8, 8, 9, 8, 9),
(18780, 2243, 9, 9, 9, 9, 9, 9),
(18781, 2243, 9, 9, 9, 9, 9, 9),
(18782, 2243, 9, 9, 9, 9, 9, 9),
(18783, 2243, 9, 9, 9, 9, 9, 9),
(18784, 2243, 9, 9, 9, 9, 9, 9),
(18785, 2243, 9, 9, 9, 9, 9, 9),
(18786, 2244, 8, 7, 8, 7, 7, 8),
(18787, 2244, 7, 8, 7, 8, 7, 7),
(18788, 2244, 8, 7, 8, 8, 7, 7),
(18789, 2244, 7, 8, 7, 7, 8, 8),
(18790, 2244, 8, 7, 8, 7, 8, 7),
(18791, 2244, 7, 8, 7, 8, 7, 8),
(18792, 2245, 8, 7, 8, 8, 7, 8),
(18793, 2245, 7, 8, 7, 8, 8, 7),
(18794, 2245, 8, 7, 8, 8, 7, 8),
(18795, 2245, 7, 8, 7, 7, 8, 7),
(18796, 2245, 8, 7, 8, 7, 8, 8),
(18797, 2245, 7, 8, 8, 7, 8, 7),
(18798, 2246, 8, 8, 8, 8, 8, 9),
(18799, 2246, 9, 8, 8, 9, 8, 8),
(18800, 2246, 8, 9, 8, 8, 9, 8),
(18801, 2246, 9, 8, 9, 8, 8, 9),
(18802, 2246, 8, 9, 8, 9, 8, 8),
(18803, 2246, 9, 8, 8, 9, 8, 9),
(18804, 2247, 9, 9, 9, 9, 9, 9),
(18805, 2247, 9, 9, 9, 9, 9, 9),
(18806, 2247, 9, 9, 9, 9, 9, 9),
(18807, 2247, 9, 9, 9, 9, 9, 9),
(18808, 2247, 9, 9, 9, 9, 9, 9),
(18809, 2247, 9, 9, 9, 9, 9, 9),
(18810, 2248, 8, 7, 8, 7, 7, 8),
(18811, 2248, 7, 8, 7, 8, 7, 7),
(18812, 2248, 8, 7, 8, 8, 7, 7),
(18813, 2248, 7, 8, 7, 7, 8, 8),
(18814, 2248, 8, 7, 8, 7, 8, 7),
(18815, 2248, 7, 8, 7, 8, 7, 8),
(18816, 2249, 8, 7, 8, 8, 7, 8),
(18817, 2249, 7, 8, 7, 8, 8, 7),
(18818, 2249, 8, 7, 8, 8, 7, 8),
(18819, 2249, 7, 8, 7, 7, 8, 7),
(18820, 2249, 8, 7, 8, 7, 8, 8),
(18821, 2249, 7, 8, 8, 7, 8, 7),
(18822, 2250, 8, 8, 8, 8, 8, 9),
(18823, 2250, 9, 8, 8, 9, 8, 8),
(18824, 2250, 8, 9, 8, 8, 9, 8),
(18825, 2250, 9, 8, 9, 8, 8, 9),
(18826, 2250, 8, 9, 8, 9, 8, 8),
(18827, 2250, 9, 8, 8, 9, 8, 9),
(18828, 2251, 9, 9, 9, 9, 9, 9),
(18829, 2251, 9, 9, 9, 9, 9, 9),
(18830, 2251, 9, 9, 9, 9, 9, 9),
(18831, 2251, 9, 9, 9, 9, 9, 9),
(18832, 2251, 9, 9, 9, 9, 9, 9),
(18833, 2251, 9, 9, 9, 9, 9, 9);

-- --------------------------------------------------------

--
-- Table structure for table `equivalentrounds`
--

CREATE TABLE `equivalentrounds` (
  `BaseRound` varchar(50) NOT NULL,
  `BaseDiv` int(11) NOT NULL,
  `EquivalentRound` varchar(50) CHARACTER SET utf8 COLLATE utf8_general_ci NOT NULL,
  `EquivalentDiv` int(11) NOT NULL
) ENGINE=InnoDB DEFAULT CHARSET=utf8mb4 COLLATE=utf8mb4_unicode_ci;

--
-- Dumping data for table `equivalentrounds`
--

INSERT INTO `equivalentrounds` (`BaseRound`, `BaseDiv`, `EquivalentRound`, `EquivalentDiv`) VALUES
('WA60/1440', 38, 'AA50/1440', 3),
('WA60/1440', 38, 'AA50/1440', 8),
('WA60/1440', 38, 'AA50/1440', 13),
('WA60/1440', 38, 'AA50/1440', 18),
('WA60/1440', 38, 'AA50/1440', 23),
('WA60/1440', 38, 'AA50/1440', 33),
('WA60/1440', 78, 'AA40/1440', 43),
('WA60/1440', 78, 'AA40/1440', 48),
('WA60/1440', 78, 'AA40/1440', 58),
('WA60/1440', 78, 'AA50/1440', 63),
('WA60/1440', 78, 'AA50/1440', 68),
('WA60/1440', 78, 'AA50/1440', 73),
('WA60/1440', 78, 'WA40/1440', 53),
('WA70/1440', 36, 'AA50/1440', 21),
('WA70/1440', 36, 'WA60/1440', 1),
('WA70/1440', 36, 'WA60/1440', 6),
('WA70/1440', 36, 'WA60/1440', 11),
('WA70/1440', 36, 'WA60/1440', 16),
('WA70/1440', 36, 'WA60/1440', 31),
('WA70/1440', 39, 'AA50/1440', 24),
('WA70/1440', 39, 'WA60/1440', 4),
('WA70/1440', 39, 'WA60/1440', 9),
('WA70/1440', 39, 'WA60/1440', 14),
('WA70/1440', 39, 'WA60/1440', 19),
('WA70/1440', 39, 'WA60/1440', 34),
('WA70/1440', 76, 'AA40/1440', 41),
('WA70/1440', 76, 'AA40/1440', 46),
('WA70/1440', 76, 'AA40/1440', 56),
('WA70/1440', 76, 'AA50/1440', 61),
('WA70/1440', 76, 'WA40/1440', 51),
('WA70/1440', 76, 'WA60/1440', 66),
('WA70/1440', 76, 'WA60/1440', 71),
('WA70/1440', 79, 'AA40/1440', 45),
('WA70/1440', 79, 'AA40/1440', 50),
('WA70/1440', 79, 'AA40/1440', 60),
('WA70/1440', 79, 'AA50/1440', 65),
('WA70/1440', 79, 'WA40/1440', 55),
('WA70/1440', 79, 'WA60/1440', 70),
('WA70/1440', 79, 'WA60/1440', 74),
('WA90/1440', 37, 'AA50/1440', 12),
('WA90/1440', 37, 'AA50/1440', 22),
('WA90/1440', 37, 'WA60/1440', 2),
('WA90/1440', 37, 'WA60/1440', 17),
('WA90/1440', 37, 'WA70/1440', 7),
('WA90/1440', 37, 'WA70/1440', 32),
('WA90/1440', 40, 'AA50/1440', 15),
('WA90/1440', 40, 'AA50/1440', 25),
('WA90/1440', 40, 'WA60/1440', 5),
('WA90/1440', 40, 'WA60/1440', 20),
('WA90/1440', 40, 'WA70/1440', 10),
('WA90/1440', 40, 'WA70/1440', 35),
('WA90/1440', 77, 'AA40/1440', 42),
('WA90/1440', 77, 'AA40/1440', 47),
('WA90/1440', 77, 'AA50/1440', 52),
('WA90/1440', 77, 'AA50/1440', 57),
('WA90/1440', 77, 'WA60/1440', 62),
('WA90/1440', 77, 'WA60/1440', 67),
('WA90/1440', 77, 'WA70/1440', 67),
('WA90/1440', 77, 'WA70/1440', 72),
('WA90/1440', 80, 'AA40/1440', 45),
('WA90/1440', 80, 'AA40/1440', 50),
('WA90/1440', 80, 'AA50/1440', 55),
('WA90/1440', 80, 'AA50/1440', 60),
('WA90/1440', 80, 'WA60/1440', 65),
('WA90/1440', 80, 'WA60/1440', 70),
('WA90/1440', 80, 'WA70/1440', 70),
('WA90/1440', 80, 'WA70/1440', 75);

-- --------------------------------------------------------

--
-- Table structure for table `PendingScore`
--

CREATE TABLE `PendingScore` (
  `PendingScoreID` int(11) NOT NULL,
  `ArcherID` smallint(6) NOT NULL,
  `CompetitionID` int(11) NOT NULL,
  `RoundName` varchar(50) NOT NULL,
  `SubmittedAt` timestamp NOT NULL DEFAULT current_timestamp(),
  `ScoreData` longtext CHARACTER SET utf8mb4 COLLATE utf8mb4_bin NOT NULL CHECK (json_valid(`ScoreData`))
) ENGINE=InnoDB DEFAULT CHARSET=utf8 COLLATE=utf8_general_ci;

-- --------------------------------------------------------

--
-- Table structure for table `RangeDef`
--

CREATE TABLE `RangeDef` (
  `RangeID` smallint(6) NOT NULL,
  `RoundName` varchar(50) DEFAULT NULL,
  `NumOfEnd` tinyint(4) DEFAULT NULL,
  `Distance` tinyint(4) DEFAULT NULL,
  `Face` tinytext DEFAULT NULL
) ENGINE=InnoDB DEFAULT CHARSET=utf8 COLLATE=utf8_general_ci;

--
-- Dumping data for table `RangeDef`
--

INSERT INTO `RangeDef` (`RangeID`, `RoundName`, `NumOfEnd`, `Distance`, `Face`) VALUES
(1, 'WA90/1440', 6, 90, '120cm'),
(2, 'WA90/1440', 6, 70, '120cm'),
(3, 'WA90/1440', 6, 50, '80cm'),
(4, 'WA90/1440', 6, 30, '80cm'),
(5, 'WA70/1440', 6, 70, '120cm'),
(6, 'WA70/1440', 6, 60, '120cm'),
(7, 'WA70/1440', 6, 50, '80cm'),
(8, 'WA70/1440', 6, 30, '80cm'),
(9, 'WA60/1440', 6, 60, '120cm'),
(10, 'WA60/1440', 6, 50, '120cm'),
(11, 'WA60/1440', 6, 40, '80cm'),
(12, 'WA60/1440', 6, 30, '80cm'),
(13, 'AA50/1440', 6, 50, '120cm'),
(14, 'AA50/1440', 6, 40, '120cm'),
(15, 'AA50/1440', 6, 30, '80cm'),
(16, 'AA50/1440', 6, 20, '80cm'),
(17, 'AA40/1440', 6, 40, '120cm'),
(18, 'AA40/1440', 6, 30, '120cm'),
(19, 'AA40/1440', 6, 30, '80cm'),
(20, 'AA40/1440', 6, 20, '80cm'),
(21, 'Long Sydney', 5, 90, '120cm'),
(22, 'Long Sydney', 5, 70, '120cm'),
(23, 'Long Sydney', 5, 60, '120cm'),
(24, 'Long Sydney', 5, 50, '120cm'),
(25, 'Sydney', 5, 70, '120cm'),
(26, 'Sydney', 5, 60, '120cm'),
(27, 'Sydney', 5, 50, '120cm'),
(28, 'Sydney', 5, 40, '120cm'),
(29, 'Long Brisbane', 5, 90, '120cm'),
(30, 'Long Brisbane', 5, 70, '120cm'),
(31, 'Long Brisbane', 5, 60, '80cm'),
(32, 'Long Brisbane', 5, 50, '80cm'),
(33, 'Brisbane', 5, 70, '120cm'),
(34, 'Brisbane', 5, 60, '120cm'),
(35, 'Brisbane', 5, 50, '80cm'),
(36, 'Brisbane', 5, 40, '80cm'),
(37, 'Adelaide', 5, 60, '120cm'),
(38, 'Adelaide', 5, 50, '120cm'),
(39, 'Adelaide', 5, 40, '80cm'),
(40, 'Adelaide', 5, 30, '80cm'),
(41, 'Short Adelaide', 5, 50, '120cm'),
(42, 'Short Adelaide', 5, 40, '120cm'),
(43, 'Short Adelaide', 5, 30, '80cm'),
(44, 'Short Adelaide', 5, 20, '80cm'),
(45, 'Hobart', 5, 90, '120cm'),
(46, 'Hobart', 5, 70, '120cm'),
(47, 'Hobart', 5, 50, '120cm'),
(48, 'Perth', 5, 70, '120cm'),
(49, 'Perth', 5, 60, '120cm'),
(50, 'Perth', 5, 50, '120cm'),
(51, 'Canberra WA60/900', 5, 60, '120cm'),
(52, 'Canberra WA60/900', 5, 50, '120cm'),
(53, 'Canberra WA60/900', 5, 40, '120cm'),
(54, 'Short Canberra', 5, 50, '120cm'),
(55, 'Short Canberra', 5, 40, '120cm'),
(56, 'Short Canberra', 5, 30, '120cm'),
(57, 'Junior Canberra', 5, 40, '120cm'),
(58, 'Junior Canberra', 5, 30, '120cm'),
(59, 'Junior Canberra', 5, 20, '120cm'),
(60, 'Mini Canberra', 5, 30, '120cm'),
(61, 'Mini Canberra', 5, 20, '120cm'),
(62, 'Mini Canberra', 5, 10, '120cm'),
(63, 'Grange', 15, 60, '120cm'),
(64, 'Melbourne', 15, 50, '120cm'),
(65, 'Darwin', 15, 40, '120cm'),
(66, 'Geelong', 15, 30, '120cm'),
(67, 'Newcastle', 15, 20, '120cm'),
(68, 'Holt', 15, 50, '80cm'),
(69, 'Samford', 15, 40, '80cm'),
(70, 'Drake', 15, 30, '80cm'),
(71, 'Wollongong', 6, 90, '120cm'),
(72, 'Wollongong', 6, 70, '120cm'),
(73, 'Townsville', 6, 70, '120cm'),
(74, 'Townsville', 6, 60, '120cm'),
(75, 'Launceston', 6, 50, '80cm'),
(76, 'Launceston', 6, 30, '80cm'),
(77, 'WA70/720', 12, 70, '120cm'),
(78, 'WA60/720', 12, 60, '120cm'),
(79, 'WA50/720', 12, 50, '80cm'),
(80, 'AA50/720', 12, 50, '120cm'),
(81, 'WABB50/720', 12, 50, '120cm'),
(82, 'AA40/720', 12, 40, '120cm'),
(83, 'AA30/720', 12, 30, '120cm'),
(84, 'AA20/720', 12, 20, '120cm'),
(85, 'Practice', 1, NULL, NULL);

-- --------------------------------------------------------

--
-- Table structure for table `RangeShot`
--

CREATE TABLE `RangeShot` (
  `RangeShotID` smallint(6) NOT NULL,
  `RoundShotID` smallint(6) DEFAULT NULL,
  `RangeID` smallint(6) DEFAULT NULL
) ENGINE=InnoDB DEFAULT CHARSET=utf8 COLLATE=utf8_general_ci;

--
-- Dumping data for table `RangeShot`
--

INSERT INTO `RangeShot` (`RangeShotID`, `RoundShotID`, `RangeID`) VALUES
(1000, 100, 45),
(1001, 100, 46),
(1002, 100, 47),
(1003, 101, 45),
(1004, 101, 46),
(1005, 101, 47),
(1006, 102, 45),
(1007, 102, 46),
(1008, 102, 47),
(1009, 103, 45),
(1010, 103, 46),
(1011, 103, 47),
(1012, 104, 45),
(1013, 104, 46),
(1014, 104, 47),
(1015, 105, 45),
(1016, 105, 46),
(1017, 105, 47),
(1018, 106, 45),
(1019, 106, 46),
(1020, 106, 47),
(1021, 107, 45),
(1022, 107, 46),
(1023, 107, 47),
(1024, 108, 45),
(1025, 108, 46),
(1026, 108, 47),
(1027, 109, 45),
(1028, 109, 46),
(1029, 109, 47),
(1030, 110, 77),
(1031, 111, 77),
(1032, 112, 77),
(1033, 113, 77),
(1034, 114, 77),
(1035, 115, 77),
(1036, 116, 77),
(1037, 117, 77),
(1038, 118, 77),
(1039, 119, 77),
(1040, 120, 37),
(1041, 120, 38),
(1042, 120, 39),
(1043, 120, 40),
(1044, 121, 37),
(1045, 121, 38),
(1046, 121, 39),
(1047, 121, 40),
(1048, 122, 37),
(1049, 122, 38),
(1050, 122, 39),
(1051, 122, 40),
(1052, 123, 37),
(1053, 123, 38),
(1054, 123, 39),
(1055, 123, 40),
(1056, 124, 37),
(1057, 124, 38),
(1058, 124, 39),
(1059, 124, 40),
(1060, 125, 37),
(1061, 125, 38),
(1062, 125, 39),
(1063, 125, 40),
(1064, 126, 37),
(1065, 126, 38),
(1066, 126, 39),
(1067, 126, 40),
(1068, 127, 37),
(1069, 127, 38),
(1070, 127, 39),
(1071, 127, 40),
(1072, 128, 37),
(1073, 128, 38),
(1074, 128, 39),
(1075, 128, 40),
(1076, 129, 37),
(1077, 129, 38),
(1078, 129, 39),
(1079, 129, 40),
(1080, 130, 37),
(1081, 130, 38),
(1082, 130, 39),
(1083, 130, 40),
(1084, 131, 37),
(1085, 131, 38),
(1086, 131, 39),
(1087, 131, 40),
(1088, 132, 37),
(1089, 132, 38),
(1090, 132, 39),
(1091, 132, 40),
(1092, 133, 37),
(1093, 133, 38),
(1094, 133, 39),
(1095, 133, 40),
(1096, 134, 37),
(1097, 134, 38),
(1098, 134, 39),
(1099, 134, 40),
(1100, 135, 37),
(1101, 135, 38),
(1102, 135, 39),
(1103, 135, 40),
(1104, 136, 37),
(1105, 136, 38),
(1106, 136, 39),
(1107, 136, 40),
(1108, 137, 37),
(1109, 137, 38),
(1110, 137, 39),
(1111, 137, 40),
(1112, 138, 37),
(1113, 138, 38),
(1114, 138, 39),
(1115, 138, 40),
(1116, 139, 37),
(1117, 139, 38),
(1118, 139, 39),
(1119, 139, 40),
(1120, 140, 51),
(1121, 140, 52),
(1122, 140, 53),
(1123, 141, 64),
(1124, 142, 48),
(1125, 142, 49),
(1126, 142, 50),
(1127, 143, 54),
(1128, 143, 55),
(1129, 143, 56),
(1130, 144, 57),
(1131, 144, 58),
(1132, 144, 59),
(1133, 145, 79),
(1134, 146, 78),
(1135, 147, 33),
(1136, 147, 34),
(1137, 147, 35),
(1138, 147, 36),
(1139, 148, 41),
(1140, 148, 42),
(1141, 148, 43),
(1142, 148, 44),
(1143, 149, 70),
(1144, 150, 25),
(1145, 150, 26),
(1146, 150, 27),
(1147, 150, 28),
(1148, 151, 21),
(1149, 151, 22),
(1150, 151, 23),
(1151, 151, 24),
(1152, 152, 29),
(1153, 152, 30),
(1154, 152, 31),
(1155, 152, 32),
(1156, 153, 13),
(1157, 153, 14),
(1158, 153, 15),
(1159, 153, 16),
(1160, 154, 17),
(1161, 154, 18),
(1162, 154, 19),
(1163, 154, 20),
(1164, 155, 71),
(1165, 155, 72),
(1166, 156, 73),
(1167, 156, 74),
(1168, 157, 75),
(1169, 157, 76),
(1170, 158, 75),
(1171, 158, 76),
(1172, 159, 65),
(1173, 160, 1),
(1174, 160, 2),
(1175, 160, 3),
(1176, 160, 4),
(1177, 161, 9),
(1178, 161, 10),
(1179, 161, 11),
(1180, 161, 12),
(1181, 162, 60),
(1182, 162, 61),
(1183, 162, 62),
(1184, 163, 66),
(1185, 164, 63),
(1186, 165, 68),
(1187, 166, 69),
(1188, 167, 67),
(1189, 168, 67),
(1190, 169, 80),
(1191, 170, 84),
(1192, 171, 84),
(1193, 172, 83),
(1194, 173, 83),
(1195, 174, 82),
(1196, 175, 82),
(1197, 176, 81),
(1198, 177, 81),
(1199, 178, 84),
(1200, 179, 83),
(1201, 180, 84),
(1202, 181, 84),
(1203, 182, 83),
(1204, 183, 83),
(1205, 184, 82),
(1206, 185, 82),
(1207, 186, 81),
(1208, 187, 81),
(1209, 188, 60),
(1210, 188, 61),
(1211, 188, 62),
(1212, 189, 60),
(1213, 189, 61),
(1214, 189, 62),
(1215, 190, 67),
(1216, 191, 67),
(1217, 192, 17),
(1218, 192, 18),
(1219, 192, 19),
(1220, 192, 20),
(1221, 193, 17),
(1222, 193, 18),
(1223, 193, 19),
(1224, 193, 20),
(1225, 194, 84),
(1226, 195, 83),
(1227, 196, 82),
(1228, 197, 81),
(1229, 198, 84),
(1230, 199, 83),
(1231, 200, 84),
(1232, 201, 84),
(1233, 202, 83),
(1234, 203, 83),
(1235, 204, 82),
(1236, 205, 82),
(1237, 206, 81),
(1238, 207, 81),
(1239, 208, 67),
(1240, 209, 67),
(1241, 210, 60),
(1242, 210, 61),
(1243, 210, 62),
(1244, 211, 60),
(1245, 211, 61),
(1246, 211, 62),
(1247, 212, 17),
(1248, 212, 18),
(1249, 212, 19),
(1250, 212, 20),
(1251, 213, 17),
(1252, 213, 18),
(1253, 213, 19),
(1254, 213, 20),
(1255, 214, 9),
(1256, 214, 10),
(1257, 214, 11),
(1258, 214, 12),
(1259, 215, 9),
(1260, 215, 10),
(1261, 215, 11),
(1262, 215, 12),
(1263, 216, 84),
(1264, 217, 83),
(1265, 218, 82),
(1266, 219, 81),
(1267, 220, 67),
(1268, 221, 60),
(1269, 221, 61),
(1270, 221, 62),
(1271, 222, 17),
(1272, 222, 18),
(1273, 222, 19),
(1274, 222, 20),
(1275, 223, 9),
(1276, 223, 10),
(1277, 223, 11),
(1278, 223, 12),
(1279, 224, 84),
(1280, 225, 83),
(1281, 226, 82),
(1282, 227, 81),
(1283, 228, 67),
(1284, 229, 60),
(1285, 229, 61),
(1286, 229, 62),
(1287, 230, 82),
(1288, 231, 67),
(1289, 232, 81),
(1290, 233, 84),
(1291, 234, 83),
(1292, 235, 60),
(1293, 235, 61),
(1294, 235, 62),
(1295, 236, 9),
(1296, 236, 10),
(1297, 236, 11),
(1298, 236, 12),
(1299, 237, 84),
(1300, 238, 17),
(1301, 238, 18),
(1302, 238, 19),
(1303, 238, 20),
(1304, 239, 9),
(1305, 240, 81),
(1306, 241, 84),
(1307, 242, 67),
(1308, 243, 83),
(1309, 244, 60),
(1310, 244, 61),
(1311, 244, 62),
(1312, 245, 84),
(1313, 246, 82),
(1314, 247, 83),
(1315, 248, 67),
(1316, 249, 9),
(1317, 249, 10),
(1318, 249, 11),
(1319, 249, 12),
(1320, 250, 81),
(1321, 251, 67),
(1322, 252, 82),
(1323, 253, 84),
(1324, 254, 83),
(1325, 255, 84),
(1326, 256, 9),
(1327, 256, 10),
(1328, 256, 11),
(1329, 256, 12),
(1330, 257, 60),
(1331, 257, 61),
(1332, 257, 62),
(1333, 258, 67),
(1334, 259, 83),
(1335, 260, 82),
(1336, 261, 17),
(1337, 261, 18),
(1338, 261, 19),
(1339, 261, 20),
(1340, 262, 84),
(1341, 263, 9),
(1342, 264, 83),
(1343, 265, 84),
(1344, 266, 82),
(1345, 267, 60),
(1346, 267, 61),
(1347, 267, 62),
(1348, 268, 84),
(1349, 269, 67),
(1350, 270, 67),
(1351, 271, 81),
(1352, 272, 17),
(1353, 272, 18),
(1354, 272, 19),
(1355, 272, 20),
(1356, 273, 84),
(1357, 274, 83),
(1358, 275, 84),
(1359, 276, 67),
(1360, 277, 83),
(1361, 278, 82),
(1362, 279, 9),
(1363, 279, 10),
(1364, 279, 11),
(1365, 279, 12),
(1366, 280, 9),
(1367, 281, 82),
(1368, 282, 81),
(1369, 283, 60),
(1370, 283, 61),
(1371, 283, 62),
(1372, 284, 84),
(1373, 285, 83),
(1374, 286, 82),
(1375, 287, 84),
(1376, 288, 67),
(1377, 289, 60),
(1378, 289, 61),
(1379, 289, 62),
(1380, 290, 84),
(1381, 291, 81),
(1382, 292, 60),
(1383, 292, 61),
(1384, 292, 62),
(1385, 293, 83),
(1386, 294, 82),
(1387, 295, 84),
(1388, 296, 67),
(1389, 297, 84),
(1390, 298, 9),
(1391, 298, 10),
(1392, 298, 11),
(1393, 298, 12),
(1394, 299, 67),
(1395, 300, 84),
(1396, 301, 82),
(1397, 302, 81),
(1398, 303, 83),
(1399, 304, 60),
(1400, 304, 61),
(1401, 304, 62),
(1402, 305, 82),
(1403, 306, 17),
(1404, 306, 18),
(1405, 306, 19),
(1406, 306, 20),
(1407, 307, 84),
(1408, 308, 81),
(1409, 309, 67),
(1410, 310, 82),
(1411, 311, 67),
(1412, 312, 81),
(1413, 313, 83),
(1414, 314, 84),
(1415, 315, 82),
(1416, 316, 60),
(1417, 316, 61),
(1418, 316, 62),
(1419, 317, 67),
(1420, 318, 83),
(1421, 319, 17),
(1422, 319, 18),
(1423, 319, 19),
(1424, 319, 20),
(1425, 320, 81),
(1426, 321, 84),
(1427, 322, 67),
(1428, 323, 84),
(1429, 324, 60),
(1430, 324, 61),
(1431, 324, 62),
(1432, 325, 84),
(1433, 326, 82),
(1434, 327, 9),
(1435, 327, 10),
(1436, 327, 11),
(1437, 327, 12),
(1438, 328, 83),
(1439, 329, 82),
(1440, 330, 82),
(1441, 331, 9),
(1442, 331, 10),
(1443, 331, 11),
(1444, 331, 12),
(1445, 332, 84),
(1446, 333, 82),
(1447, 334, 81),
(1448, 335, 84),
(1449, 336, 60),
(1450, 336, 61),
(1451, 336, 62),
(1452, 337, 67),
(1453, 338, 83),
(1454, 339, 67),
(1455, 340, 81),
(1456, 341, 83),
(1457, 342, 82),
(1458, 343, 84),
(1459, 344, 84),
(1460, 345, 60),
(1461, 345, 61),
(1462, 345, 62),
(1463, 346, 82),
(1464, 347, 84),
(1465, 348, 67),
(1466, 349, 17),
(1467, 349, 18),
(1468, 349, 19),
(1469, 349, 20),
(1470, 350, 67),
(1471, 351, 81),
(1472, 352, 82),
(1473, 353, 84),
(1474, 354, 60),
(1475, 354, 61),
(1476, 354, 62),
(1477, 355, 83),
(1478, 356, 67),
(1479, 357, 84),
(1480, 358, 82),
(1481, 359, 9),
(1482, 359, 10),
(1483, 359, 11),
(1484, 359, 12),
(1485, 360, 82),
(1486, 361, 60),
(1487, 361, 61),
(1488, 361, 62),
(1489, 362, 81),
(1490, 363, 83),
(1491, 364, 84),
(1492, 365, 83),
(1493, 366, 17),
(1494, 366, 18),
(1495, 366, 19),
(1496, 366, 20),
(1497, 367, 84),
(1498, 368, 67),
(1499, 369, 82),
(1500, 370, 82),
(1501, 371, 67),
(1502, 372, 81),
(1503, 373, 84),
(1504, 374, 84),
(1505, 375, 83),
(1506, 376, 82),
(1507, 377, 60),
(1508, 377, 61),
(1509, 377, 62),
(1510, 378, 17),
(1511, 378, 18),
(1512, 378, 19),
(1513, 378, 20),
(1514, 379, 9),
(1515, 379, 10),
(1516, 379, 11),
(1517, 379, 12),
(1518, 380, 84),
(1519, 381, 81),
(1520, 382, 83),
(1521, 383, 67),
(1522, 384, 82),
(1523, 385, 84),
(1524, 386, 83),
(1525, 387, 84),
(1526, 388, 60),
(1527, 388, 61),
(1528, 388, 62),
(1529, 389, 67),
(1530, 390, 84),
(1531, 391, 83),
(1532, 392, 82),
(1533, 393, 81),
(1534, 394, 67),
(1535, 395, 60),
(1536, 395, 61),
(1537, 395, 62),
(1538, 396, 17),
(1539, 396, 18),
(1540, 396, 19),
(1541, 396, 20),
(1542, 397, 9),
(1543, 397, 10),
(1544, 397, 11),
(1545, 397, 12),
(1546, 398, 80),
(1547, 399, 57),
(1548, 400, 82),
(1549, 401, 84),
(1550, 402, 80),
(1551, 403, 81),
(1552, 404, 60),
(1553, 404, 61),
(1554, 404, 62),
(1555, 405, 83),
(1556, 406, 82),
(1557, 407, 17),
(1558, 407, 18),
(1559, 407, 19),
(1560, 407, 20),
(1561, 408, 84),
(1562, 409, 9),
(1563, 409, 10),
(1564, 409, 11),
(1565, 409, 12),
(1566, 410, 81),
(1567, 411, 83),
(1568, 412, 67),
(1569, 413, 84),
(1570, 414, 60),
(1571, 414, 61),
(1572, 414, 62),
(1573, 415, 84),
(1574, 416, 82),
(1575, 417, 57),
(1576, 418, 67),
(1577, 419, 83),
(1578, 420, 82),
(1579, 421, 67),
(1580, 422, 81),
(1581, 423, 84),
(1582, 424, 83),
(1583, 425, 84),
(1584, 426, 60),
(1585, 426, 61),
(1586, 426, 62),
(1587, 427, 84),
(1588, 428, 17),
(1589, 428, 18),
(1590, 428, 19),
(1591, 428, 20),
(1592, 429, 9),
(1593, 429, 10),
(1594, 429, 11),
(1595, 429, 12),
(1596, 430, 67),
(1597, 431, 83),
(1598, 432, 80),
(1599, 433, 84),
(1600, 434, 63),
(1601, 434, 64),
(1602, 434, 65),
(1603, 435, 82),
(1604, 436, 57),
(1605, 437, 81),
(1606, 438, 67),
(1607, 439, 83),
(1608, 440, 5),
(1609, 440, 6),
(1610, 440, 7),
(1611, 440, 8),
(1612, 441, 5),
(1613, 441, 6),
(1614, 441, 7),
(1615, 441, 8),
(1616, 442, 5),
(1617, 442, 6),
(1618, 442, 7),
(1619, 442, 8),
(1620, 443, 5),
(1621, 443, 6),
(1622, 443, 7),
(1623, 443, 8),
(1624, 444, 5),
(1625, 444, 6),
(1626, 444, 7),
(1627, 444, 8),
(1628, 445, 5),
(1629, 445, 6),
(1630, 445, 7),
(1631, 445, 8),
(1632, 446, 5),
(1633, 446, 6),
(1634, 446, 7),
(1635, 446, 8),
(1636, 447, 5),
(1637, 447, 6),
(1638, 447, 7),
(1639, 447, 8),
(1640, 448, 5),
(1641, 448, 6),
(1642, 448, 7),
(1643, 448, 8),
(1644, 449, 5),
(1645, 449, 6),
(1646, 449, 7),
(1647, 449, 8),
(1648, 450, 5),
(1649, 450, 6),
(1650, 450, 7),
(1651, 450, 8),
(1652, 451, 5),
(1653, 451, 6),
(1654, 451, 7),
(1655, 451, 8),
(1656, 452, 5),
(1657, 452, 6),
(1658, 452, 7),
(1659, 452, 8),
(1660, 453, 5),
(1661, 453, 6),
(1662, 453, 7),
(1663, 453, 8),
(1664, 454, 5),
(1665, 454, 6),
(1666, 454, 7),
(1667, 454, 8),
(1668, 455, 5),
(1669, 455, 6),
(1670, 455, 7),
(1671, 455, 8),
(1672, 456, 5),
(1673, 456, 6),
(1674, 456, 7),
(1675, 456, 8),
(1676, 457, 5),
(1677, 457, 6),
(1678, 457, 7),
(1679, 457, 8),
(1680, 458, 5),
(1681, 458, 6),
(1682, 458, 7),
(1683, 458, 8),
(1684, 459, 5),
(1685, 459, 6),
(1686, 459, 7),
(1687, 459, 8),
(1688, 460, 5),
(1689, 460, 6),
(1690, 460, 7),
(1691, 460, 8),
(1692, 461, 5),
(1693, 461, 6),
(1694, 461, 7),
(1695, 461, 8),
(1696, 462, 5),
(1697, 462, 6),
(1698, 462, 7),
(1699, 462, 8),
(1700, 463, 5),
(1701, 463, 6),
(1702, 463, 7),
(1703, 463, 8),
(1704, 464, 5),
(1705, 464, 6),
(1706, 464, 7),
(1707, 464, 8),
(1708, 465, 5),
(1709, 465, 6),
(1710, 465, 7),
(1711, 465, 8),
(1712, 466, 5),
(1713, 466, 6),
(1714, 466, 7),
(1715, 466, 8),
(1716, 467, 5),
(1717, 467, 6),
(1718, 467, 7),
(1719, 467, 8),
(1720, 468, 5),
(1721, 468, 6),
(1722, 468, 7),
(1723, 468, 8),
(1724, 469, 5),
(1725, 469, 6),
(1726, 469, 7),
(1727, 469, 8),
(1728, 470, 9),
(1729, 470, 10),
(1730, 470, 11),
(1731, 470, 12),
(1732, 471, 9),
(1733, 471, 10),
(1734, 471, 11),
(1735, 471, 12),
(1736, 472, 9),
(1737, 472, 10),
(1738, 472, 11),
(1739, 472, 12),
(1740, 473, 9),
(1741, 473, 10),
(1742, 473, 11),
(1743, 473, 12),
(1744, 474, 13),
(1745, 474, 14),
(1746, 474, 15),
(1747, 474, 16),
(1748, 475, 13),
(1749, 475, 14),
(1750, 475, 15),
(1751, 475, 16),
(1752, 476, 13),
(1753, 476, 14),
(1754, 476, 15),
(1755, 476, 16),
(1756, 477, 13),
(1757, 477, 14),
(1758, 477, 15),
(1759, 477, 16),
(1760, 478, 9),
(1761, 478, 10),
(1762, 478, 11),
(1763, 478, 12),
(1764, 479, 9),
(1765, 479, 10),
(1766, 479, 11),
(1767, 479, 12),
(1768, 480, 1),
(1769, 480, 2),
(1770, 480, 3),
(1771, 480, 4),
(1772, 481, 1),
(1773, 481, 2),
(1774, 481, 3),
(1775, 481, 4),
(1776, 482, 1),
(1777, 482, 2),
(1778, 482, 3),
(1779, 482, 4),
(1780, 483, 1),
(1781, 483, 2),
(1782, 483, 3),
(1783, 483, 4),
(1784, 484, 1),
(1785, 484, 2),
(1786, 484, 3),
(1787, 484, 4),
(1788, 485, 1),
(1789, 485, 2),
(1790, 485, 3),
(1791, 485, 4),
(1792, 486, 1),
(1793, 486, 2),
(1794, 486, 3),
(1795, 486, 4),
(1796, 487, 1),
(1797, 487, 2),
(1798, 487, 3),
(1799, 487, 4),
(1800, 488, 1),
(1801, 488, 2),
(1802, 488, 3),
(1803, 488, 4),
(1804, 489, 1),
(1805, 489, 2),
(1806, 489, 3),
(1807, 489, 4),
(1808, 490, 9),
(1809, 490, 10),
(1810, 490, 11),
(1811, 490, 12),
(1812, 491, 9),
(1813, 491, 10),
(1814, 491, 11),
(1815, 491, 12),
(1816, 492, 9),
(1817, 492, 10),
(1818, 492, 11),
(1819, 492, 12),
(1820, 493, 9),
(1821, 493, 10),
(1822, 493, 11),
(1823, 493, 12),
(1824, 494, 9),
(1825, 494, 10),
(1826, 494, 11),
(1827, 494, 12),
(1828, 495, 9),
(1829, 495, 10),
(1830, 495, 11),
(1831, 495, 12),
(1832, 496, 9),
(1833, 496, 10),
(1834, 496, 11),
(1835, 496, 12),
(1836, 497, 9),
(1837, 497, 10),
(1838, 497, 11),
(1839, 497, 12),
(1840, 498, 9),
(1841, 498, 10),
(1842, 498, 11),
(1843, 498, 12),
(1844, 499, 9),
(1845, 499, 10),
(1846, 499, 11),
(1847, 499, 12),
(1848, 500, 13),
(1849, 500, 14),
(1850, 500, 15),
(1851, 500, 16),
(1852, 501, 13),
(1853, 501, 14),
(1854, 501, 15),
(1855, 501, 16),
(1856, 502, 13),
(1857, 502, 14),
(1858, 502, 15),
(1859, 502, 16),
(1860, 503, 13),
(1861, 503, 14),
(1862, 503, 15),
(1863, 503, 16),
(1864, 504, 13),
(1865, 504, 14),
(1866, 504, 15),
(1867, 504, 16),
(1868, 505, 13),
(1869, 505, 14),
(1870, 505, 15),
(1871, 505, 16),
(1872, 506, 13),
(1873, 506, 14),
(1874, 506, 15),
(1875, 506, 16),
(1876, 507, 13),
(1877, 507, 14),
(1878, 507, 15),
(1879, 507, 16),
(1880, 508, 13),
(1881, 508, 14),
(1882, 508, 15),
(1883, 508, 16),
(1884, 509, 13),
(1885, 509, 14),
(1886, 509, 15),
(1887, 509, 16),
(1888, 510, 13),
(1889, 510, 14),
(1890, 510, 15),
(1891, 510, 16),
(1892, 511, 13),
(1893, 511, 14),
(1894, 511, 15),
(1895, 511, 16),
(1896, 512, 13),
(1897, 512, 14),
(1898, 512, 15),
(1899, 512, 16),
(1900, 513, 13),
(1901, 513, 14),
(1902, 513, 15),
(1903, 513, 16),
(1904, 514, 13),
(1905, 514, 14),
(1906, 514, 15),
(1907, 514, 16),
(1908, 515, 13),
(1909, 515, 14),
(1910, 515, 15),
(1911, 515, 16),
(1912, 516, 13),
(1913, 516, 14),
(1914, 516, 15),
(1915, 516, 16),
(1916, 517, 13),
(1917, 517, 14),
(1918, 517, 15),
(1919, 517, 16),
(1920, 518, 13),
(1921, 518, 14),
(1922, 518, 15),
(1923, 518, 16),
(1924, 519, 13),
(1925, 519, 14),
(1926, 519, 15),
(1927, 519, 16),
(1928, 520, 5),
(1929, 520, 6),
(1930, 520, 7),
(1931, 520, 8),
(1932, 521, 5),
(1933, 521, 6),
(1934, 521, 7),
(1935, 521, 8),
(1936, 522, 5),
(1937, 522, 6),
(1938, 522, 7),
(1939, 522, 8),
(1940, 523, 5),
(1941, 523, 6),
(1942, 523, 7),
(1943, 523, 8),
(1944, 524, 5),
(1945, 524, 6),
(1946, 524, 7),
(1947, 524, 8),
(1948, 525, 5),
(1949, 525, 6),
(1950, 525, 7),
(1951, 525, 8),
(1952, 526, 5),
(1953, 526, 6),
(1954, 526, 7),
(1955, 526, 8),
(1956, 527, 5),
(1957, 527, 6),
(1958, 527, 7),
(1959, 527, 8),
(1960, 528, 5),
(1961, 528, 6),
(1962, 528, 7),
(1963, 528, 8),
(1964, 529, 5),
(1965, 529, 6),
(1966, 529, 7),
(1967, 529, 8),
(1968, 530, 1),
(1969, 530, 2),
(1970, 530, 3),
(1971, 530, 4),
(1972, 531, 1),
(1973, 531, 2),
(1974, 531, 3),
(1975, 531, 4),
(1976, 532, 1),
(1977, 532, 2),
(1978, 532, 3),
(1979, 532, 4),
(1980, 533, 1),
(1981, 533, 2),
(1982, 533, 3),
(1983, 533, 4),
(1984, 534, 1),
(1985, 534, 2),
(1986, 534, 3),
(1987, 534, 4),
(1988, 535, 1),
(1989, 535, 2),
(1990, 535, 3),
(1991, 535, 4),
(1992, 536, 1),
(1993, 536, 2),
(1994, 536, 3),
(1995, 536, 4),
(1996, 537, 1),
(1997, 537, 2),
(1998, 537, 3),
(1999, 537, 4),
(2000, 538, 1),
(2001, 538, 2),
(2002, 538, 3),
(2003, 538, 4),
(2004, 539, 1),
(2005, 539, 2),
(2006, 539, 3),
(2007, 539, 4),
(2008, 540, 5),
(2009, 540, 6),
(2010, 540, 7),
(2011, 540, 8),
(2012, 541, 5),
(2013, 541, 6),
(2014, 541, 7),
(2015, 541, 8),
(2016, 542, 5),
(2017, 542, 6),
(2018, 542, 7),
(2019, 542, 8),
(2020, 543, 5),
(2021, 543, 6),
(2022, 543, 7),
(2023, 543, 8),
(2024, 544, 5),
(2025, 544, 6),
(2026, 544, 7),
(2027, 544, 8),
(2028, 545, 5),
(2029, 545, 6),
(2030, 545, 7),
(2031, 545, 8),
(2032, 546, 5),
(2033, 546, 6),
(2034, 546, 7),
(2035, 546, 8),
(2036, 547, 5),
(2037, 547, 6),
(2038, 547, 7),
(2039, 547, 8),
(2040, 548, 5),
(2041, 548, 6),
(2042, 548, 7),
(2043, 548, 8),
(2044, 549, 5),
(2045, 549, 6),
(2046, 549, 7),
(2047, 549, 8),
(2048, 550, 13),
(2049, 550, 14),
(2050, 550, 15),
(2051, 550, 16),
(2052, 551, 13),
(2053, 551, 14),
(2054, 551, 15),
(2055, 551, 16),
(2056, 552, 13),
(2057, 552, 14),
(2058, 552, 15),
(2059, 552, 16),
(2060, 553, 13),
(2061, 553, 14),
(2062, 553, 15),
(2063, 553, 16),
(2064, 554, 13),
(2065, 554, 14),
(2066, 554, 15),
(2067, 554, 16),
(2068, 555, 1),
(2069, 555, 2),
(2070, 555, 3),
(2071, 555, 4),
(2072, 556, 1),
(2073, 556, 2),
(2074, 556, 3),
(2075, 556, 4),
(2076, 557, 1),
(2077, 557, 2),
(2078, 557, 3),
(2079, 557, 4),
(2080, 558, 1),
(2081, 558, 2),
(2082, 558, 3),
(2083, 558, 4),
(2084, 559, 1),
(2085, 559, 2),
(2086, 559, 3),
(2087, 559, 4),
(2088, 560, 1),
(2089, 560, 2),
(2090, 560, 3),
(2091, 560, 4),
(2092, 561, 1),
(2093, 561, 2),
(2094, 561, 3),
(2095, 561, 4),
(2096, 562, 1),
(2097, 562, 2),
(2098, 562, 3),
(2099, 562, 4),
(2100, 563, 1),
(2101, 563, 2),
(2102, 563, 3),
(2103, 563, 4),
(2104, 564, 1),
(2105, 564, 2),
(2106, 564, 3),
(2107, 564, 4),
(2108, 565, 5),
(2109, 565, 6),
(2110, 565, 7),
(2111, 565, 8),
(2112, 566, 5),
(2113, 566, 6),
(2114, 566, 7),
(2115, 566, 8),
(2116, 567, 5),
(2117, 567, 6),
(2118, 567, 7),
(2119, 567, 8),
(2120, 568, 5),
(2121, 568, 6),
(2122, 568, 7),
(2123, 568, 8),
(2124, 569, 5),
(2125, 569, 6),
(2126, 569, 7),
(2127, 569, 8),
(2128, 570, 5),
(2129, 570, 6),
(2130, 570, 7),
(2131, 570, 8),
(2132, 571, 5),
(2133, 571, 6),
(2134, 571, 7),
(2135, 571, 8),
(2136, 572, 5),
(2137, 572, 6),
(2138, 572, 7),
(2139, 572, 8),
(2140, 573, 5),
(2141, 573, 6),
(2142, 573, 7),
(2143, 573, 8),
(2144, 574, 5),
(2145, 574, 6),
(2146, 574, 7),
(2147, 574, 8),
(2148, 575, 1),
(2149, 575, 2),
(2150, 575, 3),
(2151, 575, 4),
(2152, 576, 1),
(2153, 576, 2),
(2154, 576, 3),
(2155, 576, 4),
(2156, 577, 1),
(2157, 577, 2),
(2158, 577, 3),
(2159, 577, 4),
(2160, 578, 1),
(2161, 578, 2),
(2162, 578, 3),
(2163, 578, 4),
(2164, 579, 1),
(2165, 579, 2),
(2166, 579, 3),
(2167, 579, 4),
(2168, 580, 1),
(2169, 580, 2),
(2170, 580, 3),
(2171, 580, 4),
(2172, 581, 1),
(2173, 581, 2),
(2174, 581, 3),
(2175, 581, 4),
(2176, 582, 1),
(2177, 582, 2),
(2178, 582, 3),
(2179, 582, 4),
(2180, 583, 1),
(2181, 583, 2),
(2182, 583, 3),
(2183, 583, 4),
(2184, 584, 1),
(2185, 584, 2),
(2186, 584, 3),
(2187, 584, 4),
(2188, 585, 5),
(2189, 585, 6),
(2190, 585, 7),
(2191, 585, 8),
(2192, 586, 5),
(2193, 586, 6),
(2194, 586, 7),
(2195, 586, 8),
(2196, 587, 5),
(2197, 587, 6),
(2198, 587, 7),
(2199, 587, 8),
(2200, 588, 5),
(2201, 588, 6),
(2202, 588, 7),
(2203, 588, 8),
(2204, 589, 5),
(2205, 589, 6),
(2206, 589, 7),
(2207, 589, 8),
(2208, 590, 5),
(2209, 590, 6),
(2210, 590, 7),
(2211, 590, 8),
(2212, 591, 5),
(2213, 591, 6),
(2214, 591, 7),
(2215, 591, 8),
(2216, 592, 5),
(2217, 592, 6),
(2218, 592, 7),
(2219, 592, 8),
(2220, 593, 5),
(2221, 593, 6),
(2222, 593, 7),
(2223, 593, 8),
(2224, 594, 5),
(2225, 594, 6),
(2226, 594, 7),
(2227, 594, 8),
(2228, 595, 13),
(2229, 595, 14),
(2230, 595, 15),
(2231, 595, 16),
(2232, 596, 13),
(2233, 596, 14),
(2234, 596, 15),
(2235, 596, 16),
(2236, 597, 13),
(2237, 597, 14),
(2238, 597, 15),
(2239, 597, 16),
(2240, 598, 13),
(2241, 598, 14),
(2242, 598, 15),
(2243, 598, 16),
(2244, 599, 13),
(2245, 599, 14),
(2246, 599, 15),
(2247, 599, 16),
(2248, 600, 13),
(2249, 600, 14),
(2250, 600, 15),
(2251, 600, 16);

-- --------------------------------------------------------

--
-- Stand-in structure for view `rangeshotwithtotal`
-- (See below for the actual view)
--
CREATE TABLE `rangeshotwithtotal` (
`RangeShotID` smallint(6)
,`RoundShotID` smallint(6)
,`RangeID` smallint(6)
,`RangeTotal` decimal(30,0)
);

-- --------------------------------------------------------

--
-- Table structure for table `RoundDef`
--

CREATE TABLE `RoundDef` (
  `RoundName` varchar(50) NOT NULL,
  `NumOfRange` tinyint(4) DEFAULT NULL,
  `PossibleScore` smallint(6) DEFAULT NULL
) ENGINE=InnoDB DEFAULT CHARSET=utf8 COLLATE=utf8_general_ci;

--
-- Dumping data for table `RoundDef`
--

INSERT INTO `RoundDef` (`RoundName`, `NumOfRange`, `PossibleScore`) VALUES
('AA20/720', 1, 720),
('AA30/720', 1, 720),
('AA40/1440', 4, 1440),
('AA40/720', 1, 720),
('AA50/1440', 4, 1440),
('AA50/720', 1, 720),
('Adelaide', 4, 1200),
('Brisbane', 4, 1200),
('Canberra WA60/900', 3, 900),
('Darwin', 1, 900),
('Drake', 1, 900),
('Geelong', 1, 900),
('Grange', 1, 900),
('Hobart', 3, 900),
('Holt', 1, 900),
('Junior Canberra', 3, 900),
('Launceston', 2, 720),
('Long Brisbane', 4, 1200),
('Long Sydney', 4, 1200),
('Melbourne', 1, 900),
('Mini Canberra', 3, 900),
('Newcastle', 1, 900),
('Perth', 3, 900),
('Practice', 1, 3600),
('Samford', 1, 900),
('Short Adelaide', 4, 1200),
('Short Canberra', 3, 900),
('Sydney', 4, 1200),
('Townsville', 2, 720),
('WA50/720', 1, 720),
('WA60/1440', 4, 1440),
('WA60/720', 1, 720),
('WA70/1440', 4, 1440),
('WA70/720', 1, 720),
('WA90/1440', 4, 1440),
('WABB50/720', 1, 720),
('Wollongong', 2, 720);

-- --------------------------------------------------------

--
-- Table structure for table `RoundShot`
--

CREATE TABLE `RoundShot` (
  `RoundShotID` smallint(6) NOT NULL,
  `ArcherID` smallint(6) DEFAULT NULL,
  `RoundName` varchar(50) DEFAULT NULL,
  `Time` timestamp NOT NULL DEFAULT current_timestamp() ON UPDATE current_timestamp(),
  `ClassName` varchar(50) DEFAULT NULL,
  `BowUsed` varchar(50) DEFAULT NULL,
  `Competition` int(11) NOT NULL
) ENGINE=InnoDB DEFAULT CHARSET=utf8 COLLATE=utf8_general_ci;

--
-- Dumping data for table `RoundShot`
--

INSERT INTO `RoundShot` (`RoundShotID`, `ArcherID`, `RoundName`, `Time`, `ClassName`, `BowUsed`, `Competition`) VALUES
(100, 100, 'Hobart', '2025-06-01 02:27:37', 'Male Open', 'Recurve', 1),
(101, 101, 'Hobart', '2025-06-01 02:27:37', 'Under 21 Female', 'Compound', 1),
(102, 102, 'Hobart', '2025-06-01 02:27:37', 'Male Open', 'Longbow', 1),
(103, 103, 'Hobart', '2025-06-01 02:27:37', 'Female Open', 'Recurve', 1),
(104, 104, 'Hobart', '2025-06-01 02:27:37', 'Male Open', 'Compound', 1),
(105, 105, 'Hobart', '2025-06-01 02:27:37', 'Under 16 Female', 'Recurve', 1),
(106, 106, 'Hobart', '2025-06-01 02:27:37', 'Male Open', 'Recurve', 1),
(107, 107, 'Hobart', '2025-06-01 02:27:37', 'Female Open', 'Compound', 1),
(108, 108, 'Hobart', '2025-06-01 02:27:37', 'Male Open', 'Longbow', 1),
(109, 109, 'Hobart', '2025-06-01 02:27:37', 'Under 21 Female', 'Recurve', 1),
(110, 110, 'WA70/720', '2025-06-01 02:27:37', 'Male Open', 'Recurve', 1),
(111, 111, 'WA70/720', '2025-06-01 02:27:37', 'Female Open', 'Compound', 1),
(112, 112, 'WA70/720', '2025-06-01 02:27:37', 'Male Open', 'Longbow', 1),
(113, 113, 'WA70/720', '2025-06-01 02:27:37', 'Under 18 Female', 'Recurve', 1),
(114, 114, 'WA70/720', '2025-06-01 02:27:37', 'Male Open', 'Compound', 1),
(115, 115, 'WA70/720', '2025-06-01 02:27:37', 'Female Open', 'Recurve', 1),
(116, 116, 'WA70/720', '2025-06-01 02:27:37', 'Male Open', 'Longbow', 1),
(117, 117, 'WA70/720', '2025-06-01 02:27:37', 'Under 21 Female', 'Compound', 1),
(118, 118, 'WA70/720', '2025-06-01 02:27:37', 'Male Open', 'Recurve', 1),
(119, 119, 'WA70/720', '2025-06-01 02:27:37', 'Under 21 Female', 'Recurve', 1),
(120, 100, 'Adelaide', '2025-06-01 02:27:37', 'Male Open', 'Recurve', 1),
(121, 101, 'Adelaide', '2025-06-01 02:27:37', 'Under 21 Female', 'Compound', 1),
(122, 102, 'Adelaide', '2025-06-01 02:27:37', 'Male Open', 'Longbow', 1),
(123, 103, 'Adelaide', '2025-06-01 02:27:37', 'Female Open', 'Recurve', 1),
(124, 104, 'Adelaide', '2025-06-01 02:27:37', 'Male Open', 'Compound', 1),
(125, 105, 'Adelaide', '2025-06-01 02:27:37', 'Under 16 Female', 'Recurve', 1),
(126, 106, 'Adelaide', '2025-06-01 02:27:37', 'Male Open', 'Recurve', 1),
(127, 107, 'Adelaide', '2025-06-01 02:27:37', 'Female Open', 'Compound', 1),
(128, 108, 'Adelaide', '2025-06-01 02:27:37', 'Male Open', 'Longbow', 1),
(129, 109, 'Adelaide', '2025-06-01 02:27:37', 'Under 21 Female', 'Recurve', 1),
(130, 110, 'Adelaide', '2025-06-01 02:27:37', 'Male Open', 'Recurve', 1),
(131, 111, 'Adelaide', '2025-06-01 02:27:37', 'Female Open', 'Compound', 1),
(132, 112, 'Adelaide', '2025-06-01 02:27:37', 'Male Open', 'Longbow', 1),
(133, 113, 'Adelaide', '2025-06-01 02:27:37', 'Under 18 Female', 'Recurve', 1),
(134, 114, 'Adelaide', '2025-06-01 02:27:37', 'Male Open', 'Compound', 1),
(135, 115, 'Adelaide', '2025-06-01 02:27:37', 'Female Open', 'Recurve', 1),
(136, 116, 'Adelaide', '2025-06-01 02:27:37', 'Male Open', 'Longbow', 1),
(137, 117, 'Adelaide', '2025-06-01 02:27:37', 'Under 21 Female', 'Compound', 1),
(138, 118, 'Adelaide', '2025-06-01 02:27:37', 'Male Open', 'Recurve', 1),
(139, 119, 'Adelaide', '2025-06-01 02:27:37', 'Under 21 Female', 'Recurve', 1),
(140, 120, 'Canberra WA60/900', '2025-06-01 02:27:37', 'Male Open', 'Recurve', 1),
(141, 121, 'Melbourne', '2025-06-01 02:27:37', 'Female Open', 'Compound', 1),
(142, 122, 'Perth', '2025-06-01 02:27:37', 'Male Open', 'Longbow', 1),
(143, 123, 'Short Canberra', '2025-06-01 02:27:37', 'Under 18 Female', 'Recurve', 1),
(144, 124, 'Junior Canberra', '2025-06-01 02:27:37', 'Male Open', 'Compound', 1),
(145, 125, 'WA50/720', '2025-06-01 02:27:37', 'Female Open', 'Recurve', 1),
(146, 126, 'WA60/720', '2025-06-01 02:27:37', 'Male Open', 'Longbow', 1),
(147, 127, 'Brisbane', '2025-06-01 02:27:37', 'Under 21 Female', 'Compound', 1),
(148, 128, 'Short Adelaide', '2025-06-01 02:27:37', 'Male Open', 'Recurve', 1),
(149, 129, 'Drake', '2025-06-01 02:27:37', 'Under 21 Female', 'Recurve', 1),
(150, 130, 'Sydney', '2025-06-01 02:27:37', '60+ Female', 'Recurve', 1),
(151, 131, 'Long Sydney', '2025-06-01 02:27:37', '70+ Male', 'Compound', 1),
(152, 132, 'Long Brisbane', '2025-06-01 02:27:37', '50+ Female', 'Longbow', 1),
(153, 133, 'AA50/1440', '2025-06-01 02:27:37', '60+ Male', 'Recurve', 1),
(154, 134, 'AA40/1440', '2025-06-01 02:27:37', '70+ Female', 'Compound', 1),
(155, 135, 'Wollongong', '2025-06-01 02:27:37', '50+ Male', 'Longbow', 1),
(156, 136, 'Townsville', '2025-06-01 02:27:37', '60+ Female', 'Recurve', 1),
(157, 137, 'Launceston', '2025-06-01 02:27:37', '60+ Male', 'Compound', 1),
(158, 138, 'Launceston', '2025-06-01 02:27:37', '50+ Female', 'Recurve', 1),
(159, 139, 'Darwin', '2025-06-01 02:27:37', '70+ Male', 'Longbow', 1),
(160, 100, 'WA90/1440', '2025-06-01 02:27:37', 'Male Open', 'Recurve', 1),
(161, 101, 'WA60/1440', '2025-06-01 02:27:37', 'Under 21 Female', 'Compound', 1),
(162, 130, 'Mini Canberra', '2025-06-01 02:27:37', '60+ Female', 'Recurve', 1),
(163, 131, 'Geelong', '2025-06-01 02:27:37', '70+ Male', 'Compound', 1),
(164, 132, 'Grange', '2025-06-01 02:27:37', '50+ Female', 'Longbow', 1),
(165, 133, 'Holt', '2025-06-01 02:27:37', '60+ Male', 'Recurve', 1),
(166, 134, 'Samford', '2025-06-01 02:27:37', '70+ Female', 'Compound', 1),
(167, 135, 'Newcastle', '2025-06-01 02:27:37', '50+ Male', 'Longbow', 1),
(168, 136, 'Newcastle', '2025-06-01 02:27:37', '60+ Female', 'Recurve', 1),
(169, 137, 'AA50/720', '2025-06-01 02:27:37', '60+ Male', 'Compound', 1),
(170, 140, 'AA20/720', '2025-06-01 02:27:37', 'Under 18 Female', 'Recurve', 1),
(171, 141, 'AA20/720', '2025-06-01 02:27:37', 'Under 21 Male', 'Compound', 1),
(172, 142, 'AA30/720', '2025-06-01 02:27:37', 'Under 16 Female', 'Recurve', 1),
(173, 143, 'AA30/720', '2025-06-01 02:27:37', 'Under 21 Male', 'Longbow', 1),
(174, 144, 'AA40/720', '2025-06-01 02:27:37', 'Under 18 Female', 'Compound', 1),
(175, 145, 'AA40/720', '2025-06-01 02:27:37', '60+ Female', 'Recurve', 1),
(176, 146, 'WABB50/720', '2025-06-01 02:27:37', '70+ Male', 'Compound', 1),
(177, 147, 'WABB50/720', '2025-06-01 02:27:37', '50+ Female', 'Longbow', 1),
(178, 148, 'AA20/720', '2025-06-01 02:27:37', '60+ Male', 'Recurve', 1),
(179, 149, 'AA30/720', '2025-06-01 02:27:37', '70+ Female', 'Compound', 1),
(180, 150, 'AA20/720', '2025-06-01 02:27:37', 'Under 14 Female', 'Recurve', 1),
(181, 151, 'AA20/720', '2025-06-01 02:27:37', 'Under 16 Male', 'Compound', 1),
(182, 152, 'AA30/720', '2025-06-01 02:27:37', 'Under 18 Female', 'Longbow', 1),
(183, 153, 'AA30/720', '2025-06-01 02:27:37', 'Under 21 Male', 'Recurve', 1),
(184, 154, 'AA40/720', '2025-06-01 02:27:37', 'Under 21 Female', 'Compound', 1),
(185, 155, 'AA40/720', '2025-06-01 02:27:37', 'Male Open', 'Recurve', 1),
(186, 156, 'WABB50/720', '2025-06-01 02:27:37', 'Female Open', 'Longbow', 1),
(187, 157, 'WABB50/720', '2025-06-01 02:27:37', 'Male Open', 'Compound', 1),
(188, 158, 'Mini Canberra', '2025-06-01 02:27:37', 'Female Open', 'Recurve', 1),
(189, 159, 'Mini Canberra', '2025-06-01 02:27:37', 'Male Open', 'Longbow', 1),
(190, 160, 'Newcastle', '2025-06-01 02:27:37', '50+ Female', 'Recurve', 1),
(191, 161, 'Newcastle', '2025-06-01 02:27:37', '50+ Male', 'Compound', 1),
(192, 162, 'AA40/1440', '2025-06-01 02:27:37', '50+ Female', 'Longbow', 1),
(193, 163, 'AA40/1440', '2025-06-01 02:27:37', '50+ Male', 'Recurve', 1),
(194, 164, 'AA20/720', '2025-06-01 02:27:37', '60+ Female', 'Compound', 1),
(195, 165, 'AA30/720', '2025-06-01 02:27:37', '60+ Male', 'Longbow', 1),
(196, 166, 'AA40/720', '2025-06-01 02:27:37', '60+ Female', 'Recurve', 1),
(197, 167, 'WABB50/720', '2025-06-01 02:27:37', '60+ Male', 'Compound', 1),
(198, 168, 'AA20/720', '2025-06-01 02:27:37', '70+ Female', 'Recurve', 1),
(199, 169, 'AA30/720', '2025-06-01 02:27:37', '70+ Male', 'Longbow', 1),
(200, 170, 'AA20/720', '2025-06-01 02:27:37', 'Under 14 Female', 'Recurve', 1),
(201, 171, 'AA20/720', '2025-06-01 02:27:37', 'Under 16 Male', 'Compound', 1),
(202, 172, 'AA30/720', '2025-06-01 02:27:37', 'Under 18 Female', 'Longbow', 1),
(203, 173, 'AA30/720', '2025-06-01 02:27:37', 'Under 21 Male', 'Recurve', 1),
(204, 174, 'AA40/720', '2025-06-01 02:27:37', 'Under 21 Female', 'Compound', 1),
(205, 175, 'AA40/720', '2025-06-01 02:27:37', 'Male Open', 'Recurve', 1),
(206, 176, 'WABB50/720', '2025-06-01 02:27:37', 'Female Open', 'Longbow', 1),
(207, 177, 'WABB50/720', '2025-06-01 02:27:37', 'Male Open', 'Compound', 1),
(208, 178, 'Newcastle', '2025-06-01 02:27:37', 'Female Open', 'Recurve', 1),
(209, 179, 'Newcastle', '2025-06-01 02:27:37', 'Male Open', 'Longbow', 1),
(210, 180, 'Mini Canberra', '2025-06-01 02:27:37', 'Female Open', 'Recurve', 1),
(211, 181, 'Mini Canberra', '2025-06-01 02:27:37', 'Male Open', 'Compound', 1),
(212, 182, 'AA40/1440', '2025-06-01 02:27:37', 'Female Open', 'Longbow', 1),
(213, 183, 'AA40/1440', '2025-06-01 02:27:37', 'Male Open', 'Recurve', 1),
(214, 184, 'WA60/1440', '2025-06-01 02:27:37', 'Female Open', 'Compound', 1),
(215, 185, 'WA60/1440', '2025-06-01 02:27:37', '50+ Male', 'Recurve', 1),
(216, 186, 'AA20/720', '2025-06-01 02:27:37', '50+ Female', 'Longbow', 1),
(217, 187, 'AA30/720', '2025-06-01 02:27:37', '50+ Male', 'Compound', 1),
(218, 188, 'AA40/720', '2025-06-01 02:27:37', '50+ Female', 'Recurve', 1),
(219, 189, 'WABB50/720', '2025-06-01 02:27:37', '50+ Male', 'Longbow', 1),
(220, 190, 'Newcastle', '2025-06-01 02:27:37', '60+ Female', 'Compound', 1),
(221, 191, 'Mini Canberra', '2025-06-01 02:27:37', '60+ Male', 'Recurve', 1),
(222, 192, 'AA40/1440', '2025-06-01 02:27:37', '60+ Female', 'Longbow', 1),
(223, 193, 'WA60/1440', '2025-06-01 02:27:37', '60+ Male', 'Compound', 1),
(224, 194, 'AA20/720', '2025-06-01 02:27:37', '60+ Female', 'Recurve', 1),
(225, 195, 'AA30/720', '2025-06-01 02:27:37', '70+ Male', 'Longbow', 1),
(226, 196, 'AA40/720', '2025-06-01 02:27:37', '70+ Female', 'Compound', 1),
(227, 197, 'WABB50/720', '2025-06-01 02:27:37', '70+ Male', 'Recurve', 1),
(228, 198, 'Newcastle', '2025-06-01 02:27:37', '70+ Female', 'Longbow', 1),
(229, 199, 'Mini Canberra', '2025-06-01 02:27:37', '70+ Male', 'Compound', 1),
(230, 103, 'AA40/720', '2025-06-01 02:27:37', 'Female Open', 'Recurve', 1),
(231, 112, 'Newcastle', '2025-06-01 02:27:37', 'Male Open', 'Longbow', 1),
(232, 121, 'WABB50/720', '2025-06-01 02:27:37', 'Female Open', 'Compound', 1),
(233, 130, 'AA20/720', '2025-06-01 02:27:37', '60+ Female', 'Recurve', 1),
(234, 139, 'AA30/720', '2025-06-01 02:27:37', '70+ Male', 'Longbow', 1),
(235, 148, 'Mini Canberra', '2025-06-01 02:27:37', '60+ Male', 'Recurve', 1),
(236, 157, 'WA60/1440', '2025-06-01 02:27:37', 'Male Open', 'Compound', 1),
(237, 166, 'AA20/720', '2025-06-01 02:27:37', '60+ Female', 'Recurve', 1),
(238, 175, 'AA40/1440', '2025-06-01 02:27:37', 'Male Open', 'Recurve', 1),
(239, 184, 'WA60/720', '2025-06-01 02:27:37', 'Female Open', 'Compound', 1),
(240, 104, 'WABB50/720', '2025-06-01 02:27:37', 'Male Open', 'Compound', 1),
(241, 113, 'AA20/720', '2025-06-01 02:27:37', 'Under 18 Female', 'Recurve', 1),
(242, 122, 'Newcastle', '2025-06-01 02:27:37', 'Male Open', 'Longbow', 1),
(243, 131, 'AA30/720', '2025-06-01 02:27:37', '70+ Male', 'Compound', 1),
(244, 140, 'Mini Canberra', '2025-06-01 02:27:37', 'Under 18 Female', 'Recurve', 1),
(245, 149, 'AA20/720', '2025-06-01 02:27:37', '70+ Female', 'Compound', 1),
(246, 158, 'AA40/720', '2025-06-01 02:27:37', 'Female Open', 'Recurve', 1),
(247, 167, 'AA30/720', '2025-06-01 02:27:37', '60+ Male', 'Compound', 1),
(248, 176, 'Newcastle', '2025-06-01 02:27:37', 'Female Open', 'Longbow', 1),
(249, 185, 'WA60/1440', '2025-06-01 02:27:37', '50+ Male', 'Recurve', 1),
(250, 107, 'WABB50/720', '2025-06-01 02:27:37', 'Female Open', 'Compound', 1),
(251, 116, 'Newcastle', '2025-06-01 02:27:37', 'Male Open', 'Longbow', 1),
(252, 125, 'AA40/720', '2025-06-01 02:27:37', 'Female Open', 'Recurve', 1),
(253, 134, 'AA20/720', '2025-06-01 02:27:37', '70+ Female', 'Compound', 1),
(254, 143, 'AA30/720', '2025-06-01 02:27:37', 'Under 21 Male', 'Longbow', 1),
(255, 152, 'AA20/720', '2025-06-01 02:27:37', 'Under 18 Female', 'Longbow', 1),
(256, 161, 'WA60/1440', '2025-06-01 02:27:37', '50+ Male', 'Compound', 1),
(257, 170, 'Mini Canberra', '2025-06-01 02:27:37', 'Under 14 Female', 'Recurve', 1),
(258, 179, 'Newcastle', '2025-06-01 02:27:37', 'Male Open', 'Longbow', 1),
(259, 188, 'AA30/720', '2025-06-01 02:27:37', '50+ Female', 'Recurve', 1),
(260, 101, 'AA40/720', '2025-06-01 02:27:37', 'Under 21 Female', 'Compound', 1),
(261, 110, 'AA40/1440', '2025-06-01 02:27:37', 'Male Open', 'Recurve', 1),
(262, 119, 'AA20/720', '2025-06-01 02:27:37', 'Under 21 Female', 'Recurve', 1),
(263, 128, 'WA60/720', '2025-06-01 02:27:37', 'Male Open', 'Recurve', 1),
(264, 137, 'AA30/720', '2025-06-01 02:27:37', '60+ Male', 'Compound', 1),
(265, 146, 'AA20/720', '2025-06-01 02:27:37', '70+ Male', 'Compound', 1),
(266, 155, 'AA40/720', '2025-06-01 02:27:37', 'Male Open', 'Recurve', 1),
(267, 164, 'Mini Canberra', '2025-06-01 02:27:37', '60+ Female', 'Compound', 1),
(268, 173, 'AA20/720', '2025-06-01 02:27:37', 'Under 21 Male', 'Recurve', 1),
(269, 182, 'Newcastle', '2025-06-01 02:27:37', 'Female Open', 'Longbow', 1),
(270, 102, 'Newcastle', '2025-06-01 02:27:37', 'Male Open', 'Longbow', 1),
(271, 111, 'WABB50/720', '2025-06-01 02:27:37', 'Female Open', 'Compound', 1),
(272, 120, 'AA40/1440', '2025-06-01 02:27:37', 'Male Open', 'Recurve', 1),
(273, 129, 'AA20/720', '2025-06-01 02:27:37', 'Under 21 Female', 'Recurve', 1),
(274, 138, 'AA30/720', '2025-06-01 02:27:37', '50+ Female', 'Recurve', 1),
(275, 147, 'AA20/720', '2025-06-01 02:27:37', '50+ Female', 'Longbow', 1),
(276, 156, 'Newcastle', '2025-06-01 02:27:37', 'Female Open', 'Longbow', 1),
(277, 165, 'AA30/720', '2025-06-01 02:27:37', '60+ Male', 'Longbow', 1),
(278, 174, 'AA40/720', '2025-06-01 02:27:37', 'Under 21 Female', 'Compound', 1),
(279, 183, 'WA60/1440', '2025-06-01 02:27:37', 'Male Open', 'Recurve', 1),
(280, 106, 'WA60/720', '2025-06-01 02:27:37', 'Male Open', 'Recurve', 1),
(281, 115, 'AA40/720', '2025-06-01 02:27:37', 'Female Open', 'Recurve', 1),
(282, 124, 'WABB50/720', '2025-06-01 02:27:37', 'Male Open', 'Compound', 1),
(283, 133, 'Mini Canberra', '2025-06-01 02:27:37', '60+ Male', 'Recurve', 1),
(284, 142, 'AA20/720', '2025-06-01 02:27:37', 'Under 16 Female', 'Recurve', 1),
(285, 151, 'AA30/720', '2025-06-01 02:27:37', 'Under 16 Male', 'Compound', 1),
(286, 160, 'AA40/720', '2025-06-01 02:27:37', '50+ Female', 'Recurve', 1),
(287, 169, 'AA20/720', '2025-06-01 02:27:37', '70+ Male', 'Longbow', 1),
(288, 178, 'Newcastle', '2025-06-01 02:27:37', 'Female Open', 'Recurve', 1),
(289, 187, 'Mini Canberra', '2025-06-01 02:27:37', '50+ Male', 'Compound', 1),
(290, 105, 'AA20/720', '2025-06-01 02:27:37', 'Under 16 Female', 'Recurve', 1),
(291, 114, 'WABB50/720', '2025-06-01 02:27:37', 'Male Open', 'Compound', 1),
(292, 123, 'Mini Canberra', '2025-06-01 02:27:37', 'Under 18 Female', 'Recurve', 1),
(293, 132, 'AA30/720', '2025-06-01 02:27:37', '50+ Female', 'Longbow', 1),
(294, 141, 'AA40/720', '2025-06-01 02:27:37', 'Under 21 Male', 'Compound', 1),
(295, 150, 'AA20/720', '2025-06-01 02:27:37', 'Under 14 Female', 'Recurve', 1),
(296, 159, 'Newcastle', '2025-06-01 02:27:37', 'Male Open', 'Longbow', 1),
(297, 168, 'AA20/720', '2025-06-01 02:27:37', '70+ Female', 'Recurve', 1),
(298, 177, 'WA60/1440', '2025-06-01 02:27:37', 'Male Open', 'Compound', 1),
(299, 186, 'Newcastle', '2025-06-01 02:27:37', '50+ Female', 'Longbow', 1),
(300, 109, 'AA20/720', '2025-06-01 02:27:37', 'Under 21 Female', 'Recurve', 1),
(301, 118, 'AA40/720', '2025-06-01 02:27:37', 'Male Open', 'Recurve', 1),
(302, 127, 'WABB50/720', '2025-06-01 02:27:37', 'Under 21 Female', 'Compound', 1),
(303, 136, 'AA30/720', '2025-06-01 02:27:37', '60+ Female', 'Recurve', 1),
(304, 145, 'Mini Canberra', '2025-06-01 02:27:37', '60+ Female', 'Recurve', 1),
(305, 154, 'AA40/720', '2025-06-01 02:27:37', 'Under 21 Female', 'Compound', 1),
(306, 163, 'AA40/1440', '2025-06-01 02:27:37', '50+ Male', 'Recurve', 1),
(307, 172, 'AA20/720', '2025-06-01 02:27:37', 'Under 18 Female', 'Longbow', 1),
(308, 181, 'WABB50/720', '2025-06-01 02:27:37', 'Male Open', 'Compound', 1),
(309, 190, 'Newcastle', '2025-06-01 02:27:37', '60+ Female', 'Compound', 1),
(310, 100, 'AA40/720', '2025-06-01 02:27:37', 'Male Open', 'Recurve', 1),
(311, 108, 'Newcastle', '2025-06-01 02:27:37', 'Male Open', 'Longbow', 1),
(312, 117, 'WABB50/720', '2025-06-01 02:27:37', 'Under 21 Female', 'Compound', 1),
(313, 126, 'AA30/720', '2025-06-01 02:27:37', 'Male Open', 'Longbow', 1),
(314, 135, 'AA20/720', '2025-06-01 02:27:37', '50+ Male', 'Longbow', 1),
(315, 144, 'AA40/720', '2025-06-01 02:27:37', 'Under 18 Female', 'Compound', 1),
(316, 153, 'Mini Canberra', '2025-06-01 02:27:37', 'Under 21 Male', 'Recurve', 1),
(317, 162, 'Newcastle', '2025-06-01 02:27:37', '50+ Female', 'Longbow', 1),
(318, 171, 'AA30/720', '2025-06-01 02:27:37', 'Under 16 Male', 'Compound', 1),
(319, 180, 'AA40/1440', '2025-06-01 02:27:37', 'Female Open', 'Recurve', 1),
(320, 104, 'WABB50/720', '2025-06-01 02:27:37', 'Male Open', 'Compound', 1),
(321, 113, 'AA20/720', '2025-06-01 02:27:37', 'Under 18 Female', 'Recurve', 1),
(322, 122, 'Newcastle', '2025-06-01 02:27:37', 'Male Open', 'Longbow', 1),
(323, 131, 'AA20/720', '2025-06-01 02:27:37', '70+ Male', 'Compound', 1),
(324, 140, 'Mini Canberra', '2025-06-01 02:27:37', 'Under 18 Female', 'Recurve', 1),
(325, 149, 'AA20/720', '2025-06-01 02:27:37', '70+ Female', 'Compound', 1),
(326, 158, 'AA40/720', '2025-06-01 02:27:37', 'Female Open', 'Recurve', 1),
(327, 167, 'WA60/1440', '2025-06-01 02:27:37', '60+ Male', 'Compound', 1),
(328, 176, 'AA30/720', '2025-06-01 02:27:37', 'Female Open', 'Longbow', 1),
(329, 185, 'AA40/720', '2025-06-01 02:27:37', '50+ Male', 'Recurve', 1),
(330, 101, 'AA40/720', '2025-06-01 02:27:37', 'Under 21 Female', 'Compound', 1),
(331, 110, 'WA60/1440', '2025-06-01 02:27:37', 'Male Open', 'Recurve', 1),
(332, 119, 'AA20/720', '2025-06-01 02:27:37', 'Under 21 Female', 'Recurve', 1),
(333, 128, 'AA40/720', '2025-06-01 02:27:37', 'Male Open', 'Recurve', 1),
(334, 137, 'WABB50/720', '2025-06-01 02:27:37', '60+ Male', 'Compound', 1),
(335, 146, 'AA20/720', '2025-06-01 02:27:37', '70+ Male', 'Compound', 1),
(336, 155, 'Mini Canberra', '2025-06-01 02:27:37', 'Male Open', 'Recurve', 1),
(337, 164, 'Newcastle', '2025-06-01 02:27:37', '60+ Female', 'Compound', 1),
(338, 173, 'AA30/720', '2025-06-01 02:27:37', 'Under 21 Male', 'Recurve', 1),
(339, 182, 'Newcastle', '2025-06-01 02:27:37', 'Female Open', 'Longbow', 1),
(340, 107, 'WABB50/720', '2025-06-01 02:27:37', 'Female Open', 'Compound', 1),
(341, 116, 'AA30/720', '2025-06-01 02:27:37', 'Male Open', 'Longbow', 1),
(342, 125, 'AA40/720', '2025-06-01 02:27:37', 'Female Open', 'Recurve', 1),
(343, 134, 'AA20/720', '2025-06-01 02:27:37', '70+ Female', 'Compound', 1),
(344, 143, 'AA20/720', '2025-06-01 02:27:37', 'Under 21 Male', 'Longbow', 1),
(345, 152, 'Mini Canberra', '2025-06-01 02:27:37', 'Under 18 Female', 'Longbow', 1),
(346, 161, 'AA40/720', '2025-06-01 02:27:37', '50+ Male', 'Compound', 1),
(347, 170, 'AA20/720', '2025-06-01 02:27:37', 'Under 14 Female', 'Recurve', 1),
(348, 179, 'Newcastle', '2025-06-01 02:27:37', 'Male Open', 'Longbow', 1),
(349, 188, 'AA40/1440', '2025-06-01 02:27:37', '50+ Female', 'Recurve', 1),
(350, 102, 'Newcastle', '2025-06-01 02:27:37', 'Male Open', 'Longbow', 1),
(351, 111, 'WABB50/720', '2025-06-01 02:27:37', 'Female Open', 'Compound', 1),
(352, 120, 'AA40/720', '2025-06-01 02:27:37', 'Male Open', 'Recurve', 1),
(353, 129, 'AA20/720', '2025-06-01 02:27:37', 'Under 21 Female', 'Recurve', 1),
(354, 138, 'Mini Canberra', '2025-06-01 02:27:37', '50+ Female', 'Recurve', 1),
(355, 147, 'AA30/720', '2025-06-01 02:27:37', '50+ Female', 'Longbow', 1),
(356, 156, 'Newcastle', '2025-06-01 02:27:37', 'Female Open', 'Longbow', 1),
(357, 165, 'AA20/720', '2025-06-01 02:27:37', '60+ Male', 'Longbow', 1),
(358, 174, 'AA40/720', '2025-06-01 02:27:37', 'Under 21 Female', 'Compound', 1),
(359, 183, 'WA60/1440', '2025-06-01 02:27:37', 'Male Open', 'Recurve', 1),
(360, 106, 'AA40/720', '2025-06-01 02:27:37', 'Male Open', 'Recurve', 1),
(361, 115, 'Mini Canberra', '2025-06-01 02:27:37', 'Female Open', 'Recurve', 1),
(362, 124, 'WABB50/720', '2025-06-01 02:27:37', 'Male Open', 'Compound', 1),
(363, 133, 'AA30/720', '2025-06-01 02:27:37', '60+ Male', 'Recurve', 1),
(364, 142, 'AA20/720', '2025-06-01 02:27:37', 'Under 16 Female', 'Recurve', 1),
(365, 151, 'AA30/720', '2025-06-01 02:27:37', 'Under 16 Male', 'Compound', 1),
(366, 160, 'AA40/1440', '2025-06-01 02:27:37', '50+ Female', 'Recurve', 1),
(367, 169, 'AA20/720', '2025-06-01 02:27:37', '70+ Male', 'Longbow', 1),
(368, 178, 'Newcastle', '2025-06-01 02:27:37', 'Female Open', 'Recurve', 1),
(369, 187, 'AA40/720', '2025-06-01 02:27:37', '50+ Male', 'Compound', 1),
(370, 103, 'AA40/720', '2025-06-01 02:27:37', 'Female Open', 'Recurve', 1),
(371, 112, 'Newcastle', '2025-06-01 02:27:37', 'Male Open', 'Longbow', 1),
(372, 121, 'WABB50/720', '2025-06-01 02:27:37', 'Female Open', 'Compound', 1),
(373, 130, 'AA20/720', '2025-06-01 02:27:37', '60+ Female', 'Recurve', 1),
(374, 139, 'AA20/720', '2025-06-01 02:27:37', '70+ Male', 'Longbow', 1),
(375, 148, 'AA30/720', '2025-06-01 02:27:37', '60+ Male', 'Recurve', 1),
(376, 157, 'AA40/720', '2025-06-01 02:27:37', 'Male Open', 'Compound', 1),
(377, 166, 'Mini Canberra', '2025-06-01 02:27:37', '60+ Female', 'Recurve', 1),
(378, 175, 'AA40/1440', '2025-06-01 02:27:37', 'Male Open', 'Recurve', 1),
(379, 184, 'WA60/1440', '2025-06-01 02:27:37', 'Female Open', 'Compound', 1),
(380, 105, 'AA20/720', '2025-06-01 02:27:37', 'Under 16 Female', 'Recurve', 1),
(381, 114, 'WABB50/720', '2025-06-01 02:27:37', 'Male Open', 'Compound', 1),
(382, 123, 'AA30/720', '2025-06-01 02:27:37', 'Under 18 Female', 'Recurve', 1),
(383, 132, 'Newcastle', '2025-06-01 02:27:37', '50+ Female', 'Longbow', 1),
(384, 141, 'AA40/720', '2025-06-01 02:27:37', 'Under 21 Male', 'Compound', 1),
(385, 150, 'AA20/720', '2025-06-01 02:27:37', 'Under 14 Female', 'Recurve', 1),
(386, 159, 'AA30/720', '2025-06-01 02:27:37', 'Male Open', 'Longbow', 1),
(387, 168, 'AA20/720', '2025-06-01 02:27:37', '70+ Female', 'Recurve', 1),
(388, 177, 'Mini Canberra', '2025-06-01 02:27:37', 'Male Open', 'Compound', 1),
(389, 186, 'Newcastle', '2025-06-01 02:27:37', '50+ Female', 'Longbow', 1),
(390, 101, 'AA20/720', '2025-06-01 02:27:37', 'Under 21 Female', 'Compound', 1),
(391, 101, 'AA30/720', '2025-06-01 02:27:37', 'Under 21 Female', 'Compound', 1),
(392, 101, 'AA40/720', '2025-06-01 02:27:37', 'Under 21 Female', 'Compound', 1),
(393, 101, 'WABB50/720', '2025-06-01 02:27:37', 'Under 21 Female', 'Compound', 1),
(394, 101, 'Newcastle', '2025-06-01 02:27:37', 'Under 21 Female', 'Compound', 1),
(395, 101, 'Mini Canberra', '2025-06-01 02:27:37', 'Under 21 Female', 'Compound', 1),
(396, 101, 'AA40/1440', '2025-06-01 02:27:37', 'Under 21 Female', 'Compound', 1),
(397, 101, 'WA60/1440', '2025-06-01 02:27:37', 'Under 21 Female', 'Compound', 1),
(398, 101, 'WA60/720', '2025-06-01 02:27:37', 'Under 21 Female', 'Compound', 1),
(399, 101, 'Hobart', '2025-06-01 02:27:37', 'Under 21 Female', 'Compound', 1),
(400, 100, 'AA40/720', '2025-06-01 02:27:37', 'Male Open', 'Recurve', 1),
(401, 109, 'AA20/720', '2025-06-01 02:27:37', 'Under 21 Female', 'Recurve', 1),
(402, 118, 'WA60/720', '2025-06-01 02:27:37', 'Male Open', 'Recurve', 1),
(403, 127, 'WABB50/720', '2025-06-01 02:27:37', 'Under 21 Female', 'Compound', 1),
(404, 136, 'Mini Canberra', '2025-06-01 02:27:37', '60+ Female', 'Recurve', 1),
(405, 145, 'AA30/720', '2025-06-01 02:27:37', '60+ Female', 'Recurve', 1),
(406, 154, 'AA40/720', '2025-06-01 02:27:37', 'Under 21 Female', 'Compound', 1),
(407, 163, 'AA40/1440', '2025-06-01 02:27:37', '50+ Male', 'Recurve', 1),
(408, 172, 'AA20/720', '2025-06-01 02:27:37', 'Under 18 Female', 'Longbow', 1),
(409, 181, 'WA60/1440', '2025-06-01 02:27:37', 'Male Open', 'Compound', 1),
(410, 104, 'WABB50/720', '2025-06-01 02:27:37', 'Male Open', 'Compound', 1),
(411, 113, 'AA30/720', '2025-06-01 02:27:37', 'Under 18 Female', 'Recurve', 1),
(412, 122, 'Newcastle', '2025-06-01 02:27:37', 'Male Open', 'Longbow', 1),
(413, 131, 'AA20/720', '2025-06-01 02:27:37', '70+ Male', 'Compound', 1),
(414, 140, 'Mini Canberra', '2025-06-01 02:27:37', 'Under 18 Female', 'Recurve', 1),
(415, 149, 'AA20/720', '2025-06-01 02:27:37', '70+ Female', 'Compound', 1),
(416, 158, 'AA40/720', '2025-06-01 02:27:37', 'Female Open', 'Recurve', 1),
(417, 167, 'Hobart', '2025-06-01 02:27:37', '60+ Male', 'Compound', 1),
(418, 176, 'Newcastle', '2025-06-01 02:27:37', 'Female Open', 'Longbow', 1),
(419, 185, 'AA30/720', '2025-06-01 02:27:37', '50+ Male', 'Recurve', 1),
(420, 107, 'AA40/720', '2025-06-01 02:27:37', 'Female Open', 'Compound', 1),
(421, 116, 'Newcastle', '2025-06-01 02:27:37', 'Male Open', 'Longbow', 1),
(422, 125, 'WABB50/720', '2025-06-01 02:27:37', 'Female Open', 'Recurve', 1),
(423, 134, 'AA20/720', '2025-06-01 02:27:37', '70+ Female', 'Compound', 1),
(424, 143, 'AA30/720', '2025-06-01 02:27:37', 'Under 21 Male', 'Longbow', 1),
(425, 152, 'AA20/720', '2025-06-01 02:27:37', 'Under 18 Female', 'Longbow', 1),
(426, 161, 'Mini Canberra', '2025-06-01 02:27:37', '50+ Male', 'Compound', 1),
(427, 170, 'AA20/720', '2025-06-01 02:27:37', 'Under 14 Female', 'Recurve', 1),
(428, 179, 'AA40/1440', '2025-06-01 02:27:37', 'Male Open', 'Longbow', 1),
(429, 188, 'WA60/1440', '2025-06-01 02:27:37', '50+ Female', 'Recurve', 1),
(430, 108, 'Newcastle', '2025-06-01 02:27:37', 'Male Open', 'Longbow', 1),
(431, 117, 'AA30/720', '2025-06-01 02:27:37', 'Under 21 Female', 'Compound', 1),
(432, 126, 'WA60/720', '2025-06-01 02:27:37', 'Male Open', 'Longbow', 1),
(433, 135, 'AA20/720', '2025-06-01 02:27:37', '50+ Male', 'Longbow', 1),
(434, 144, 'Mini Canberra', '2025-06-01 02:27:37', 'Under 18 Female', 'Compound', 1),
(435, 153, 'AA40/720', '2025-06-01 02:27:37', 'Under 21 Male', 'Recurve', 1),
(436, 164, 'Hobart', '2025-06-01 02:27:37', '60+ Female', 'Compound', 1),
(437, 171, 'WABB50/720', '2025-06-01 02:27:37', 'Under 16 Male', 'Compound', 1),
(438, 180, 'Newcastle', '2025-06-01 02:27:37', 'Female Open', 'Recurve', 1),
(439, 189, 'AA30/720', '2025-06-01 02:27:37', '50+ Male', 'Longbow', 1),
(440, 100, 'WA70/1440', '2025-06-02 01:27:33', 'Male Open', 'Compound', 3),
(441, 106, 'WA70/1440', '2025-06-02 10:14:15', 'Male Open', 'Compund Barebow', 3),
(442, 110, 'WA70/1440', '2025-06-02 10:14:15', 'Male Open', 'Compund Barebow', 3),
(443, 118, 'WA70/1440', '2025-06-02 10:14:15', 'Male Open', 'Compund Barebow', 3),
(444, 120, 'WA70/1440', '2025-06-02 10:14:15', 'Male Open', 'Compund Barebow', 3),
(445, 128, 'WA70/1440', '2025-06-02 10:14:15', 'Male Open', 'Compund Barebow', 3),
(446, 155, 'WA70/1440', '2025-06-02 10:14:15', 'Male Open', 'Compund Barebow', 3),
(447, 175, 'WA70/1440', '2025-06-02 10:14:15', 'Male Open', 'Compund Barebow', 3),
(448, 183, 'WA70/1440', '2025-06-02 10:14:15', 'Male Open', 'Compund Barebow', 3),
(449, 185, 'WA70/1440', '2025-06-02 10:14:15', 'Male Open', 'Compund Barebow', 3),
(450, 112, 'WA70/1440', '2025-06-02 10:14:15', 'Male Open', 'Compund Barebow', 3),
(451, 114, 'WA70/1440', '2025-06-02 10:14:15', 'Male Open', 'Compund Barebow', 3),
(452, 116, 'WA70/1440', '2025-06-02 10:14:15', 'Male Open', 'Compund Barebow', 3),
(453, 122, 'WA70/1440', '2025-06-02 10:14:15', 'Male Open', 'Compund Barebow', 3),
(454, 124, 'WA70/1440', '2025-06-02 10:14:15', 'Male Open', 'Compund Barebow', 3),
(455, 126, 'WA70/1440', '2025-06-02 10:14:15', 'Male Open', 'Compund Barebow', 3),
(456, 130, 'WA70/1440', '2025-06-02 10:14:15', 'Male Open', 'Compund Barebow', 3),
(457, 165, 'WA70/1440', '2025-06-02 10:14:15', 'Male Open', 'Compund Barebow', 3),
(458, 170, 'WA70/1440', '2025-06-02 10:14:15', 'Male Open', 'Compund Barebow', 3),
(459, 195, 'WA70/1440', '2025-06-02 10:14:15', 'Male Open', 'Compund Barebow', 3),
(460, 101, 'WA70/1440', '2025-07-14 23:00:00', 'Female Open', 'Compound', 4),
(461, 105, 'WA70/1440', '2025-07-14 23:00:00', 'Female Open', 'Compound', 4),
(462, 107, 'WA70/1440', '2025-07-14 23:00:00', 'Female Open', 'Compound', 4),
(463, 109, 'WA70/1440', '2025-07-14 23:00:00', 'Female Open', 'Compound', 4),
(464, 111, 'WA70/1440', '2025-07-14 23:00:00', 'Female Open', 'Compound', 4),
(465, 113, 'WA70/1440', '2025-07-14 23:00:00', 'Female Open', 'Compound', 4),
(466, 115, 'WA70/1440', '2025-07-14 23:00:00', 'Female Open', 'Compound', 4),
(467, 117, 'WA70/1440', '2025-07-14 23:00:00', 'Female Open', 'Compound', 4),
(468, 119, 'WA70/1440', '2025-07-14 23:00:00', 'Female Open', 'Compound', 4),
(469, 121, 'WA70/1440', '2025-07-14 23:00:00', 'Female Open', 'Compound', 4),
(470, 131, 'WA60/1440', '2025-07-15 00:00:00', '60+ Male', 'Compound', 4),
(471, 149, 'WA60/1440', '2025-07-15 00:00:00', '60+ Male', 'Compound', 4),
(472, 179, 'WA60/1440', '2025-07-15 00:00:00', '60+ Male', 'Compound', 4),
(473, 197, 'WA60/1440', '2025-07-15 00:00:00', '60+ Male', 'Compound', 4),
(474, 151, 'AA50/1440', '2025-06-02 00:59:15', 'Under 16 Male', 'Compound', 6),
(475, 167, 'AA50/1440', '2025-06-02 00:59:15', 'Under 16 Male', 'Compound', 6),
(476, 147, 'AA50/1440', '2025-06-02 00:59:15', 'Under 16 Female', 'Compound', 6),
(477, 153, 'AA50/1440', '2025-06-02 00:59:15', 'Under 16 Female', 'Compound', 6),
(478, 103, 'WA60/1440', '2025-07-15 00:00:00', '50+ Female', 'Compound', 4),
(479, 157, 'WA60/1440', '2025-07-15 00:00:00', '50+ Female', 'Compound', 4),
(480, 104, 'WA90/1440', '2025-07-15 01:00:00', 'Male Open', 'Compound', 4),
(481, 108, 'WA90/1440', '2025-07-15 01:00:00', 'Male Open', 'Compound', 4),
(482, 141, 'WA90/1440', '2025-07-15 01:00:00', 'Male Open', 'Compound', 4),
(483, 159, 'WA90/1440', '2025-07-15 01:00:00', 'Male Open', 'Compound', 4),
(484, 161, 'WA90/1440', '2025-07-15 01:00:00', 'Male Open', 'Compound', 4),
(485, 163, 'WA90/1440', '2025-07-15 01:00:00', 'Male Open', 'Compound', 4),
(486, 169, 'WA90/1440', '2025-07-15 01:00:00', 'Male Open', 'Compound', 4),
(487, 171, 'WA90/1440', '2025-07-15 01:00:00', 'Male Open', 'Compound', 4),
(488, 173, 'WA90/1440', '2025-07-15 01:00:00', 'Male Open', 'Compound', 4),
(489, 177, 'WA90/1440', '2025-07-15 01:00:00', 'Male Open', 'Compound', 4),
(490, 102, 'WA60/1440', '2025-07-19 23:00:00', 'Male Open', 'Longbow', 5),
(491, 132, 'WA60/1440', '2025-07-19 23:00:00', 'Male Open', 'Longbow', 5),
(492, 134, 'WA60/1440', '2025-07-19 23:00:00', 'Male Open', 'Longbow', 5),
(493, 136, 'WA60/1440', '2025-07-19 23:00:00', 'Male Open', 'Longbow', 5),
(494, 138, 'WA60/1440', '2025-07-19 23:00:00', 'Male Open', 'Longbow', 5),
(495, 140, 'WA60/1440', '2025-07-19 23:00:00', 'Male Open', 'Longbow', 5),
(496, 142, 'WA60/1440', '2025-07-19 23:00:00', 'Male Open', 'Longbow', 5),
(497, 144, 'WA60/1440', '2025-07-19 23:00:00', 'Male Open', 'Longbow', 5),
(498, 146, 'WA60/1440', '2025-07-19 23:00:00', 'Male Open', 'Longbow', 5),
(499, 148, 'WA60/1440', '2025-07-19 23:00:00', 'Male Open', 'Longbow', 5),
(500, 106, 'AA50/1440', '2025-07-20 00:00:00', 'Female Open', 'Longbow', 5),
(501, 110, 'AA50/1440', '2025-07-20 00:00:00', 'Female Open', 'Longbow', 5),
(502, 112, 'AA50/1440', '2025-07-20 00:00:00', 'Female Open', 'Longbow', 5),
(503, 116, 'AA50/1440', '2025-07-20 00:00:00', 'Female Open', 'Longbow', 5),
(504, 118, 'AA50/1440', '2025-07-20 00:00:00', 'Female Open', 'Longbow', 5),
(505, 120, 'AA50/1440', '2025-07-20 00:00:00', 'Female Open', 'Longbow', 5),
(506, 122, 'AA50/1440', '2025-07-20 00:00:00', 'Female Open', 'Longbow', 5),
(507, 124, 'AA50/1440', '2025-07-20 00:00:00', 'Female Open', 'Longbow', 5),
(508, 126, 'AA50/1440', '2025-07-20 00:00:00', 'Female Open', 'Longbow', 5),
(509, 128, 'AA50/1440', '2025-07-20 00:00:00', 'Female Open', 'Longbow', 5),
(510, 150, 'AA50/1440', '2025-07-20 01:00:00', '50+ Male', 'Longbow', 5),
(511, 152, 'AA50/1440', '2025-07-20 01:00:00', '50+ Male', 'Longbow', 5),
(512, 154, 'AA50/1440', '2025-07-20 01:00:00', '50+ Male', 'Longbow', 5),
(513, 156, 'AA50/1440', '2025-07-20 01:00:00', '50+ Male', 'Longbow', 5),
(514, 158, 'AA50/1440', '2025-07-20 01:00:00', '50+ Male', 'Longbow', 5),
(515, 160, 'AA50/1440', '2025-07-20 01:00:00', '50+ Male', 'Longbow', 5),
(516, 162, 'AA50/1440', '2025-07-20 01:00:00', '50+ Male', 'Longbow', 5),
(517, 164, 'AA50/1440', '2025-07-20 01:00:00', '50+ Male', 'Longbow', 5),
(518, 166, 'AA50/1440', '2025-07-20 01:00:00', '50+ Male', 'Longbow', 5),
(519, 168, 'AA50/1440', '2025-07-20 01:00:00', '50+ Male', 'Longbow', 5),
(520, 178, 'WA70/1440', '2025-07-15 01:00:00', 'Under 21 Female', 'Compound', 6),
(521, 180, 'WA70/1440', '2025-07-15 01:00:00', 'Under 21 Female', 'Compound', 6),
(522, 181, 'WA70/1440', '2025-07-15 01:00:00', 'Under 21 Female', 'Compound', 6),
(523, 182, 'WA70/1440', '2025-07-15 01:00:00', 'Under 21 Female', 'Compound', 6),
(524, 184, 'WA70/1440', '2025-07-15 01:00:00', 'Under 21 Female', 'Compound', 6),
(525, 186, 'WA70/1440', '2025-07-15 01:00:00', 'Under 21 Female', 'Compound', 6),
(526, 187, 'WA70/1440', '2025-07-15 01:00:00', 'Under 21 Female', 'Compound', 6),
(527, 188, 'WA70/1440', '2025-07-15 01:00:00', 'Under 21 Female', 'Compound', 6),
(528, 189, 'WA70/1440', '2025-07-15 01:00:00', 'Under 21 Female', 'Compound', 6),
(529, 190, 'WA70/1440', '2025-07-15 01:00:00', 'Under 21 Female', 'Compound', 6),
(530, 191, 'WA90/1440', '2025-07-31 23:00:00', 'Male Open', 'Compound', 7),
(531, 192, 'WA90/1440', '2025-07-31 23:00:00', 'Male Open', 'Compound', 7),
(532, 193, 'WA90/1440', '2025-07-31 23:00:00', 'Male Open', 'Compound', 7),
(533, 194, 'WA90/1440', '2025-07-31 23:00:00', 'Male Open', 'Compound', 7),
(534, 196, 'WA90/1440', '2025-07-31 23:00:00', 'Male Open', 'Compound', 7),
(535, 198, 'WA90/1440', '2025-07-31 23:00:00', 'Male Open', 'Compound', 7),
(536, 199, 'WA90/1440', '2025-07-31 23:00:00', 'Male Open', 'Compound', 7),
(537, 172, 'WA90/1440', '2025-07-31 23:00:00', 'Male Open', 'Compound', 7),
(538, 174, 'WA90/1440', '2025-07-31 23:00:00', 'Male Open', 'Compound', 7),
(539, 176, 'WA90/1440', '2025-07-31 23:00:00', 'Male Open', 'Compound', 7),
(540, 100, 'WA70/1440', '2025-08-01 00:00:00', 'Female Open', 'Compound', 7),
(541, 101, 'WA70/1440', '2025-08-01 00:00:00', 'Female Open', 'Compound', 7),
(542, 103, 'WA70/1440', '2025-08-01 00:00:00', 'Female Open', 'Compound', 7),
(543, 105, 'WA70/1440', '2025-08-01 00:00:00', 'Female Open', 'Compound', 7),
(544, 107, 'WA70/1440', '2025-08-01 00:00:00', 'Female Open', 'Compound', 7),
(545, 109, 'WA70/1440', '2025-08-01 00:00:00', 'Female Open', 'Compound', 7),
(546, 111, 'WA70/1440', '2025-08-01 00:00:00', 'Female Open', 'Compound', 7),
(547, 113, 'WA70/1440', '2025-08-01 00:00:00', 'Female Open', 'Compound', 7),
(548, 115, 'WA70/1440', '2025-08-01 00:00:00', 'Female Open', 'Compound', 7),
(549, 117, 'WA70/1440', '2025-08-01 00:00:00', 'Female Open', 'Compound', 7),
(550, 134, 'AA50/1440', '2025-08-01 01:00:00', '60+ Female', 'Compound', 7),
(551, 149, 'AA50/1440', '2025-08-01 01:00:00', '60+ Female', 'Compound', 7),
(552, 164, 'AA50/1440', '2025-08-01 01:00:00', '60+ Female', 'Compound', 7),
(553, 190, 'AA50/1440', '2025-08-01 01:00:00', '60+ Female', 'Compound', 7),
(554, 196, 'AA50/1440', '2025-08-01 01:00:00', '60+ Female', 'Compound', 7),
(555, 100, 'WA90/1440', '2025-08-31 23:00:00', 'Male Open', 'Recurve', 8),
(556, 106, 'WA90/1440', '2025-08-31 23:00:00', 'Male Open', 'Recurve', 8),
(557, 110, 'WA90/1440', '2025-08-31 23:00:00', 'Male Open', 'Recurve', 8),
(558, 118, 'WA90/1440', '2025-08-31 23:00:00', 'Male Open', 'Recurve', 8),
(559, 120, 'WA90/1440', '2025-08-31 23:00:00', 'Male Open', 'Recurve', 8),
(560, 128, 'WA90/1440', '2025-08-31 23:00:00', 'Male Open', 'Recurve', 8),
(561, 155, 'WA90/1440', '2025-08-31 23:00:00', 'Male Open', 'Recurve', 8),
(562, 163, 'WA90/1440', '2025-08-31 23:00:00', 'Male Open', 'Recurve', 8),
(563, 175, 'WA90/1440', '2025-08-31 23:00:00', 'Male Open', 'Recurve', 8),
(564, 183, 'WA90/1440', '2025-08-31 23:00:00', 'Male Open', 'Recurve', 8),
(565, 109, 'WA70/1440', '2025-09-01 00:00:00', 'Female Open', 'Recurve', 8),
(566, 180, 'WA70/1440', '2025-09-01 00:00:00', 'Female Open', 'Recurve', 8),
(567, 103, 'WA70/1440', '2025-09-01 00:00:00', 'Female Open', 'Recurve', 8),
(568, 115, 'WA70/1440', '2025-09-01 00:00:00', 'Female Open', 'Recurve', 8),
(569, 119, 'WA70/1440', '2025-09-01 00:00:00', 'Female Open', 'Recurve', 8),
(570, 123, 'WA70/1440', '2025-09-01 00:00:00', 'Female Open', 'Recurve', 8),
(571, 125, 'WA70/1440', '2025-09-01 00:00:00', 'Female Open', 'Recurve', 8),
(572, 129, 'WA70/1440', '2025-09-01 00:00:00', 'Female Open', 'Recurve', 8),
(573, 138, 'WA70/1440', '2025-09-01 00:00:00', 'Female Open', 'Recurve', 8),
(574, 158, 'WA70/1440', '2025-09-01 00:00:00', 'Female Open', 'Recurve', 8),
(575, 128, 'WA90/1440', '2025-09-01 01:00:00', 'Male Open', 'Recurve', 8),
(576, 155, 'WA90/1440', '2025-09-01 01:00:00', 'Male Open', 'Recurve', 8),
(577, 175, 'WA90/1440', '2025-09-01 01:00:00', 'Male Open', 'Recurve', 8),
(578, 183, 'WA90/1440', '2025-09-01 01:00:00', 'Male Open', 'Recurve', 8),
(579, 163, 'WA90/1440', '2025-09-01 01:00:00', 'Male Open', 'Recurve', 8),
(580, 100, 'WA90/1440', '2025-09-01 01:00:00', 'Male Open', 'Recurve', 8),
(581, 106, 'WA90/1440', '2025-09-01 01:00:00', 'Male Open', 'Recurve', 8),
(582, 110, 'WA90/1440', '2025-09-01 01:00:00', 'Male Open', 'Recurve', 8),
(583, 118, 'WA90/1440', '2025-09-01 01:00:00', 'Male Open', 'Recurve', 8),
(584, 120, 'WA90/1440', '2025-09-01 01:00:00', 'Male Open', 'Recurve', 8),
(585, 133, 'WA70/1440', '2025-09-01 02:00:00', '50+ Male', 'Recurve', 8),
(586, 148, 'WA70/1440', '2025-09-01 02:00:00', '50+ Male', 'Recurve', 8),
(587, 163, 'WA70/1440', '2025-09-01 02:00:00', '50+ Male', 'Recurve', 8),
(588, 185, 'WA70/1440', '2025-09-01 02:00:00', '50+ Male', 'Recurve', 8),
(589, 191, 'WA70/1440', '2025-09-01 02:00:00', '50+ Male', 'Recurve', 8),
(590, 197, 'WA70/1440', '2025-09-01 02:00:00', '50+ Male', 'Recurve', 8),
(591, 161, 'WA70/1440', '2025-09-01 02:00:00', '50+ Male', 'Recurve', 8),
(592, 167, 'WA70/1440', '2025-09-01 02:00:00', '50+ Male', 'Recurve', 8),
(593, 169, 'WA70/1440', '2025-09-01 02:00:00', '50+ Male', 'Recurve', 8),
(594, 171, 'WA70/1440', '2025-09-01 02:00:00', '50+ Male', 'Recurve', 8),
(595, 130, 'AA50/1440', '2025-09-01 03:00:00', '60+ Female', 'Recurve', 8),
(596, 136, 'AA50/1440', '2025-09-01 03:00:00', '60+ Female', 'Recurve', 8),
(597, 145, 'AA50/1440', '2025-09-01 03:00:00', '60+ Female', 'Recurve', 8),
(598, 166, 'AA50/1440', '2025-09-01 03:00:00', '60+ Female', 'Recurve', 8),
(599, 168, 'AA50/1440', '2025-09-01 03:00:00', '60+ Female', 'Recurve', 8),
(600, 194, 'AA50/1440', '2025-09-01 03:00:00', '60+ Female', 'Recurve', 8);

-- --------------------------------------------------------

--
-- Stand-in structure for view `roundshotwithscore`
-- (See below for the actual view)
--
CREATE TABLE `roundshotwithscore` (
`RoundShotID` smallint(6)
,`ArcherID` smallint(6)
,`RoundName` varchar(50)
,`Time` timestamp
,`RoundScore` decimal(30,0)
);

-- --------------------------------------------------------

--
-- Structure for view `rangeshotwithtotal`
--
DROP TABLE IF EXISTS `rangeshotwithtotal`;

CREATE VIEW `archerbase`.`rangeshotwithtotal`  AS SELECT `rs`.`RangeShotID` AS `RangeShotID`, `rs`.`RoundShotID` AS `RoundShotID`, `rs`.`RangeID` AS `RangeID`, sum(coalesce(`e`.`Arrow1`,0) + coalesce(`e`.`Arrow2`,0) + coalesce(`e`.`Arrow3`,0) + coalesce(`e`.`Arrow4`,0) + coalesce(`e`.`Arrow5`,0) + coalesce(`e`.`Arrow6`,0)) AS `RangeTotal` FROM (`archerbase`.`rangeshot` `rs` join `archerbase`.`endshot` `e` on(`rs`.`RangeShotID` = `e`.`RangeShotID`)) GROUP BY `rs`.`RangeShotID` ;

-- --------------------------------------------------------

--
-- Structure for view `roundshotwithscore`
--
DROP TABLE IF EXISTS `roundshotwithscore`;

CREATE VIEW `archerbase`.`roundshotwithscore`  AS SELECT `rs`.`RoundShotID` AS `RoundShotID`, `rs`.`ArcherID` AS `ArcherID`, `rs`.`RoundName` AS `RoundName`, `rs`.`Time` AS `Time`, sum(coalesce(`e`.`Arrow1`,0) + coalesce(`e`.`Arrow2`,0) + coalesce(`e`.`Arrow3`,0) + coalesce(`e`.`Arrow4`,0) + coalesce(`e`.`Arrow5`,0) + coalesce(`e`.`Arrow6`,0)) AS `RoundScore` FROM ((`archerbase`.`roundshot` `rs` join `archerbase`.`rangeshot` `rgs` on(`rs`.`RoundShotID` = `rgs`.`RoundShotID`)) join `archerbase`.`endshot` `e` on(`rgs`.`RangeShotID` = `e`.`RangeShotID`)) GROUP BY `rs`.`RoundShotID` ;

--
-- Indexes for dumped tables
--

--
-- Indexes for table `Archer`
--
ALTER TABLE `Archer`
  ADD PRIMARY KEY (`ArcherID`);

--
-- Indexes for table `ArcherEquipment`
--
ALTER TABLE `ArcherEquipment`
  ADD PRIMARY KEY (`ArcherID`);

--
-- Indexes for table `ArcherLogin`
--
ALTER TABLE `ArcherLogin`
  ADD KEY `ArcherLogin_ibfk_1` (`ArcherID`);

--
-- Indexes for table `CategoryDef`
--
ALTER TABLE `CategoryDef`
  ADD PRIMARY KEY (`Equipment`);

--
-- Indexes for table `ClassDef`
--
ALTER TABLE `ClassDef`
  ADD PRIMARY KEY (`ClassName`);

--
-- Indexes for table `Competition`
--
ALTER TABLE `Competition`
  ADD PRIMARY KEY (`CompetitionID`),
  ADD KEY `competition_idx` (`BaseRound`),
  ADD KEY `fk_competition_divisionid` (`DivisionID`);

--
-- Indexes for table `divisiondef`
--
ALTER TABLE `divisiondef`
  ADD PRIMARY KEY (`DivisionID`),
  ADD KEY `Class` (`Class`),
  ADD KEY `Category` (`Category`);

--
-- Indexes for table `EndShot`
--
ALTER TABLE `EndShot`
  ADD PRIMARY KEY (`EndShotID`),
  ADD KEY `RangeShotID` (`RangeShotID`);

--
-- Indexes for table `equivalentrounds`
--
ALTER TABLE `equivalentrounds`
  ADD PRIMARY KEY (`BaseRound`,`BaseDiv`,`EquivalentRound`,`EquivalentDiv`),
  ADD KEY `baseround_idx` (`BaseRound`,`EquivalentRound`),
  ADD KEY `fk_base_div` (`BaseDiv`),
  ADD KEY `fk_equiv_div` (`EquivalentDiv`);

--
-- Indexes for table `PendingScore`
--
ALTER TABLE `PendingScore`
  ADD PRIMARY KEY (`PendingScoreID`),
  ADD KEY `ArcherID` (`ArcherID`),
  ADD KEY `CompetitionID` (`CompetitionID`);

--
-- Indexes for table `RangeDef`
--
ALTER TABLE `RangeDef`
  ADD PRIMARY KEY (`RangeID`),
  ADD KEY `RoundName` (`RoundName`);

--
-- Indexes for table `RangeShot`
--
ALTER TABLE `RangeShot`
  ADD PRIMARY KEY (`RangeShotID`),
  ADD KEY `RoundShotID` (`RoundShotID`),
  ADD KEY `RangeID` (`RangeID`);

--
-- Indexes for table `RoundDef`
--
ALTER TABLE `RoundDef`
  ADD PRIMARY KEY (`RoundName`);

--
-- Indexes for table `RoundShot`
--
ALTER TABLE `RoundShot`
  ADD PRIMARY KEY (`RoundShotID`),
  ADD KEY `ArcherID` (`ArcherID`),
  ADD KEY `RoundName` (`RoundName`),
  ADD KEY `RoundShot_ibfk_4` (`ClassName`),
  ADD KEY `RoundShot_ibfk_3` (`Competition`);

--
-- AUTO_INCREMENT for dumped tables
--

--
-- AUTO_INCREMENT for table `Competition`
--
ALTER TABLE `Competition`
  MODIFY `CompetitionID` int(11) NOT NULL AUTO_INCREMENT, AUTO_INCREMENT=9;

--
-- AUTO_INCREMENT for table `divisiondef`
--
ALTER TABLE `divisiondef`
  MODIFY `DivisionID` int(11) NOT NULL AUTO_INCREMENT, AUTO_INCREMENT=81;

--
-- AUTO_INCREMENT for table `PendingScore`
--
ALTER TABLE `PendingScore`
  MODIFY `PendingScoreID` int(11) NOT NULL AUTO_INCREMENT;

--
-- AUTO_INCREMENT for table `RangeDef`
--
ALTER TABLE `RangeDef`
  MODIFY `RangeID` smallint(6) NOT NULL AUTO_INCREMENT, AUTO_INCREMENT=86;

--
-- AUTO_INCREMENT for table `RoundShot`
--
ALTER TABLE `RoundShot`
  MODIFY `RoundShotID` smallint(6) NOT NULL AUTO_INCREMENT, AUTO_INCREMENT=601;

--
-- Constraints for dumped tables
--

--
-- Constraints for table `ArcherEquipment`
--
ALTER TABLE `ArcherEquipment`
  ADD CONSTRAINT `ArcherEquipment_ibfk_1` FOREIGN KEY (`ArcherID`) REFERENCES `Archer` (`ArcherID`);

--
-- Constraints for table `ArcherLogin`
--
ALTER TABLE `ArcherLogin`
  ADD CONSTRAINT `ArcherLogin_ibfk_1` FOREIGN KEY (`ArcherID`) REFERENCES `Archer` (`ArcherID`) ON DELETE CASCADE ON UPDATE CASCADE;

--
-- Constraints for table `Competition`
--
ALTER TABLE `Competition`
  ADD CONSTRAINT `Competition_fk` FOREIGN KEY (`BaseRound`) REFERENCES `RoundDef` (`RoundName`) ON DELETE CASCADE ON UPDATE CASCADE,
  ADD CONSTRAINT `fk_competition_divisionid` FOREIGN KEY (`DivisionID`) REFERENCES `divisiondef` (`DivisionID`);

--
-- Constraints for table `divisiondef`
--
ALTER TABLE `divisiondef`
  ADD CONSTRAINT `DivisionDef_ibfk_1` FOREIGN KEY (`Class`) REFERENCES `classdef` (`ClassName`) ON DELETE CASCADE ON UPDATE CASCADE,
  ADD CONSTRAINT `DivisionDef_ibfk_2` FOREIGN KEY (`Category`) REFERENCES `categorydef` (`Equipment`) ON DELETE CASCADE ON UPDATE CASCADE;

--
-- Constraints for table `EndShot`
--
ALTER TABLE `EndShot`
  ADD CONSTRAINT `EndShot_ibfk_1` FOREIGN KEY (`RangeShotID`) REFERENCES `RangeShot` (`RangeShotID`);

--
-- Constraints for table `equivalentrounds`
--
ALTER TABLE `equivalentrounds`
  ADD CONSTRAINT `fk_base_div` FOREIGN KEY (`BaseDiv`) REFERENCES `divisiondef` (`DivisionID`) ON DELETE CASCADE ON UPDATE CASCADE,
  ADD CONSTRAINT `fk_equiv_div` FOREIGN KEY (`EquivalentDiv`) REFERENCES `divisiondef` (`DivisionID`) ON DELETE CASCADE ON UPDATE CASCADE;

--
-- Constraints for table `PendingScore`
--
ALTER TABLE `PendingScore`
  ADD CONSTRAINT `PendingScore_ibfk_1` FOREIGN KEY (`ArcherID`) REFERENCES `Archer` (`ArcherID`),
  ADD CONSTRAINT `PendingScore_ibfk_2` FOREIGN KEY (`CompetitionID`) REFERENCES `Competition` (`CompetitionID`);

--
-- Constraints for table `RangeDef`
--
ALTER TABLE `RangeDef`
  ADD CONSTRAINT `RangeDef_ibfk_1` FOREIGN KEY (`RoundName`) REFERENCES `RoundDef` (`RoundName`);

--
-- Constraints for table `RangeShot`
--
ALTER TABLE `RangeShot`
  ADD CONSTRAINT `RangeShot_ibfk_1` FOREIGN KEY (`RoundShotID`) REFERENCES `RoundShot` (`RoundShotID`),
  ADD CONSTRAINT `RangeShot_ibfk_2` FOREIGN KEY (`RangeID`) REFERENCES `RangeDef` (`RangeID`);

--
-- Constraints for table `RoundShot`
--
ALTER TABLE `RoundShot`
  ADD CONSTRAINT `RoundShot_ibfk_1` FOREIGN KEY (`ArcherID`) REFERENCES `Archer` (`ArcherID`),
  ADD CONSTRAINT `RoundShot_ibfk_2` FOREIGN KEY (`RoundName`) REFERENCES `RoundDef` (`RoundName`),
  ADD CONSTRAINT `RoundShot_ibfk_3` FOREIGN KEY (`Competition`) REFERENCES `Competition` (`CompetitionID`) ON DELETE CASCADE ON UPDATE CASCADE,
  ADD CONSTRAINT `RoundShot_ibfk_4` FOREIGN KEY (`ClassName`) REFERENCES `ClassDef` (`ClassName`) ON DELETE CASCADE ON UPDATE CASCADE;
COMMIT;

/*!40101 SET CHARACTER_SET_CLIENT=@OLD_CHARACTER_SET_CLIENT */;
/*!40101 SET CHARACTER_SET_RESULTS=@OLD_CHARACTER_SET_RESULTS */;
/*!40101 SET COLLATION_CONNECTION=@OLD_COLLATION_CONNECTION */;
